customer_return_rate,total_previous_orders,total_previous_returns,customer_history_days,days_since_last_order,cart_value,cart_item_count,multiple_sizes_same_product,max_sizes_same_product,average_product_return_rate,previous_returns_same_category,avg_days_to_return,return_abuse_label
0.5,4,2,804,18,2075.6,1,0,1,0.1354,0,12.38,0
0.36,25,9,819,18,1757.08,1,0,1,0.0851,0,12.99,0
0.0,7,0,863,23,1913.21,1,0,1,0.2034,0,0.0,0
0.0,11,0,728,33,2068.18,2,0,1,0.2427,0,0.0,1
0.25,8,2,421,29,2365.38,2,0,1,0.2134,0,22.08,0
0.0556,18,1,427,20,1120.68,1,0,1,0.2077,0,24.41,0
0.0,20,0,431,23,2043.37,2,0,1,0.1132,0,0.0,1
0.0,20,0,264,12,2082.92,3,0,1,0.3127,0,0.0,0
0.125,16,2,568,24,1166.51,1,0,1,0.2735,0,14.96,0
0.0,10,0,210,15,2516.49,2,0,1,0.2572,0,0.0,1
0.1667,6,1,794,23,2332.94,1,0,1,0.0972,0,11.14,0
0.0,10,0,898,40,1728.42,2,0,1,0.0904,0,0.0,0
0.1429,7,1,840,32,1271.02,1,0,1,0.1871,1,16.62,0
0.4,15,6,669,14,1173.74,1,0,1,0.326,1,11.88,0
0.0,5,0,383,12,4963.52,2,0,1,0.0712,0,0.0,1
0.0,12,0,197,19,1788.24,1,0,1,0.1602,0,0.0,0
0.0667,30,2,220,13,1676.6,1,0,1,0.3244,1,18.56,0
0.1034,29,3,496,23,894.94,1,0,1,0.2855,0,11.93,0
0.0833,24,2,876,26,1504.6,1,0,1,0.2113,0,29.03,0
0.4167,12,5,837,42,1381.21,2,0,1,0.048,1,7.27,0
0.5,4,2,278,10,2614.61,2,0,1,0.221,0,12.87,0
0.0,7,0,779,15,2058.97,2,1,2,0.2089,0,0.0,0
0.0714,14,1,857,12,1818.55,1,0,1,0.3324,0,21.84,0
0.0,17,0,297,23,2739.38,3,0,1,0.2443,0,0.0,0
0.0909,11,1,753,38,2339.45,1,0,1,0.1224,0,25.06,0
0.4706,17,8,762,32,1096.69,1,0,1,0.1755,3,15.85,0
0.0,16,0,511,51,1552.79,1,0,1,0.0767,0,0.0,0
0.1,10,1,569,35,1370.8,1,0,1,0.1815,0,18.22,0
0.3333,18,6,607,15,2483.29,2,0,1,0.1639,0,8.74,1
0.1905,21,4,278,6,2040.69,3,1,2,0.0343,0,20.86,0
0.25,8,2,993,19,2440.91,1,0,1,0.1907,1,21.78,0
0.0,3,0,380,15,1858.29,2,0,1,0.139,0,0.0,0
0.3333,12,4,662,13,1220.38,1,0,1,0.1383,0,24.43,0
0.0,6,0,408,14,3696.53,3,0,1,0.1342,0,0.0,1
0.5333,15,8,988,24,1637.45,2,0,1,0.0578,1,8.94,0
0.3333,9,3,855,26,1151.33,1,0,1,0.0541,1,20.02,0
0.1333,15,2,204,17,1489.57,2,0,1,0.3587,0,16.21,0
0.1667,6,1,999,23,1931.68,1,0,1,0.0473,0,16.95,0
0.375,8,3,461,18,1835.88,2,1,2,0.0253,1,24.88,0
0.375,16,6,412,26,2530.5,2,0,1,0.3156,1,33.09,0
0.1818,22,4,264,15,1158.51,1,0,1,0.3433,0,12.3,0
0.0,13,0,888,21,947.62,1,0,1,0.118,0,0.0,0
0.0667,15,1,219,13,1722.24,1,0,1,0.1431,0,7.4,0
0.5,14,7,688,27,2045.42,2,0,1,0.0394,2,25.59,0
0.0526,19,1,204,9,1082.44,1,0,1,0.3249,0,19.71,1
0.0,12,0,995,32,1989.22,2,0,1,0.0765,0,0.0,0
0.2727,22,6,897,21,1720.17,1,0,1,0.2986,0,19.82,0
0.2222,9,2,504,24,1993.19,3,0,1,0.1034,0,17.34,0
0.4286,7,3,890,14,2608.03,1,0,1,0.2545,0,21.04,0
0.6,10,6,341,21,1717.4,1,0,1,0.0681,0,25.34,0
0.0,15,0,967,22,1469.25,1,0,1,0.1289,0,0.0,0
0.08,25,2,259,10,1291.34,1,0,1,0.1438,0,9.83,0
0.0,9,0,915,12,1531.4,2,0,1,0.1601,0,0.0,0
0.4545,11,5,909,16,1447.38,1,0,1,0.1251,0,35.13,0
0.1429,21,3,932,31,1662.59,1,0,1,0.164,0,21.77,0
0.3,10,3,796,25,1772.1,3,0,1,0.1542,0,18.43,0
0.1429,7,1,558,18,1716.21,1,0,1,0.154,0,20.75,1
0.1176,34,4,510,25,1561.45,1,0,1,0.1587,0,20.82,0
0.0,6,0,818,10,1941.98,2,0,1,0.1054,0,0.0,0
0.25,4,1,693,34,2259.36,2,1,2,0.1717,0,12.4,1
0.5,8,4,938,14,2019.38,2,1,2,0.0421,0,21.71,0
0.0,9,0,455,26,1351.47,1,0,1,0.1636,0,0.0,0
0.2,15,3,829,22,1342.14,2,0,1,0.2512,1,19.53,0
0.08,25,2,528,28,1948.15,1,0,1,0.0627,1,11.46,1
0.1,10,1,235,26,1318.67,1,0,1,0.1253,0,12.71,0
0.0385,26,1,797,20,728.16,1,0,1,0.0813,0,27.32,0
0.2222,9,2,502,21,1389.31,2,1,2,0.1642,1,37.36,0
0.0833,12,1,802,10,1700.3,1,0,1,0.0607,0,10.48,0
0.0667,30,2,948,30,1092.12,1,0,1,0.4193,0,17.44,0
0.0667,45,3,681,17,988.49,3,0,1,0.0378,1,30.45,0
0.4211,19,8,653,27,1647.84,3,0,1,0.0106,0,22.83,0
0.125,32,4,534,22,1460.96,3,1,2,0.2969,0,24.77,0
0.0714,14,1,641,21,2431.66,2,0,1,0.1464,1,14.16,0
0.0909,11,1,879,9,1602.66,1,0,1,0.1161,0,15.52,0
0.0,9,0,667,22,1827.95,1,0,1,0.1652,0,0.0,1
0.1176,17,2,199,25,1578.23,2,0,1,0.1361,0,9.63,0
0.1905,21,4,844,49,4758.15,2,0,1,0.0699,2,45.78,0
0.2727,11,3,867,25,1436.75,1,0,1,0.1224,2,25.66,0
0.16,25,4,861,31,2433.85,3,0,1,0.1904,1,5.77,0
0.08,25,2,820,14,2203.88,2,1,2,0.3727,1,29.17,1
0.2105,19,4,621,21,4102.02,2,0,1,0.3487,0,26.8,0
0.1786,28,5,732,31,2565.05,2,0,1,0.119,0,15.24,0
0.2857,28,8,221,60,1537.71,2,0,1,0.2215,1,45.6,0
0.1111,9,1,528,33,1233.08,2,0,1,0.0193,0,16.84,0
0.1515,33,5,614,22,1493.25,2,0,1,0.042,0,14.17,0
0.1429,7,1,548,16,1670.73,1,0,1,0.2009,0,18.67,1
0.5714,14,8,588,18,1115.74,3,0,1,0.0966,0,7.74,0
0.0,7,0,364,30,4006.91,3,0,1,0.2432,0,0.0,0
0.0625,16,1,227,16,1546.59,2,0,1,0.2377,0,13.11,0
0.0,14,0,535,21,2013.71,2,0,1,0.0371,0,0.0,0
0.1111,9,1,793,7,1317.9,1,0,1,0.0536,0,20.66,0
0.2083,24,5,344,18,1690.56,1,0,1,0.1204,0,13.86,1
0.125,8,1,704,30,3529.29,3,0,1,0.2585,0,19.27,0
0.1818,22,4,613,11,1616.81,2,0,1,0.04,0,13.77,0
0.0,11,0,832,10,5227.67,3,0,1,0.0998,0,0.0,0
0.4167,12,5,905,26,2091.65,1,0,1,0.1354,1,29.71,1
0.25,12,3,221,10,2010.87,2,0,1,0.1056,0,11.57,0
0.1944,36,7,705,33,1006.88,2,0,1,0.1316,0,23.16,0
0.0,37,0,288,14,2054.24,2,0,1,0.2179,0,0.0,1
0.1429,14,2,382,27,1453.47,2,0,1,0.142,1,13.98,0
0.0667,45,3,290,12,1401.33,2,0,1,0.1061,1,15.17,0
0.0667,15,1,614,13,1556.98,1,0,1,0.0473,0,20.5,0
0.3636,11,4,206,18,2103.57,3,0,1,0.2144,0,21.99,0
0.0,4,0,385,23,3245.23,3,0,1,0.0993,0,0.0,0
0.3333,30,10,923,30,1733.63,1,0,1,0.1671,1,14.37,0
0.25,4,1,634,18,1581.92,1,0,1,0.2599,0,21.27,0
0.0909,22,2,189,19,1569.62,1,0,1,0.1398,0,24.34,0
0.4643,28,13,195,9,2143.7,2,0,1,0.2495,1,16.34,0
0.2857,7,2,345,28,1563.34,3,0,1,0.144,0,22.66,0
0.4783,23,11,567,21,1710.08,3,0,1,0.2487,2,10.59,1
0.75,8,6,391,12,1516.45,2,1,2,0.0731,0,13.99,1
0.0,11,0,906,16,1127.16,1,0,1,0.192,0,0.0,0
0.1667,6,1,269,23,1659.0,1,0,1,0.187,0,13.37,0
0.0667,15,1,807,25,1753.32,2,0,1,0.0939,0,28.48,0
0.3333,6,2,569,21,1577.29,2,1,2,0.2416,0,10.66,1
0.3,10,3,333,28,1939.12,1,0,1,0.2379,0,39.12,0
0.1765,17,3,461,30,3826.94,1,0,1,0.1746,1,11.74,0
0.0,11,0,683,21,1220.37,2,1,2,0.1446,0,0.0,0
0.0625,16,1,345,23,2024.82,3,1,2,0.1664,0,18.87,0
0.3333,30,10,256,15,1687.2,2,0,1,0.0589,0,26.17,0
0.2857,14,4,529,27,1548.04,1,0,1,0.1918,1,18.9,1
0.4545,11,5,319,24,1294.56,1,0,1,0.2253,1,15.71,1
0.2857,7,2,332,25,1483.68,2,0,1,0.177,0,55.98,0
0.2857,7,2,387,26,1322.54,1,0,1,0.2244,1,17.31,0
0.0,8,0,388,23,1500.09,1,0,1,0.0826,0,0.0,1
0.0625,16,1,532,30,1420.95,2,1,2,0.1776,0,13.37,0
0.1429,14,2,886,24,1079.5,1,0,1,0.0716,0,16.09,0
0.2353,17,4,778,15,1472.03,2,0,1,0.1692,0,20.06,0
0.3571,14,5,469,30,1203.31,2,0,1,0.1614,0,5.34,0
0.04,25,1,858,24,2413.68,2,0,1,0.2267,0,15.32,0
0.0,10,0,226,14,1756.67,1,0,1,0.2827,0,0.0,0
0.1765,17,3,396,25,1689.44,1,0,1,0.4754,1,32.72,0
0.0,15,0,218,22,2575.98,2,1,2,0.1362,0,0.0,0
0.0526,19,1,830,21,1027.45,2,0,1,0.1209,1,15.79,0
0.0,10,0,944,13,3344.2,2,0,1,0.0109,0,0.0,0
0.1,10,1,965,10,1594.93,1,0,1,0.2053,0,15.23,0
0.0909,22,2,828,14,1436.97,1,0,1,0.0646,0,28.33,0
0.5,4,2,606,42,2131.64,1,0,1,0.0586,0,12.09,0
0.6,5,3,510,33,1391.15,2,1,2,0.2576,1,25.22,1
0.1,10,1,559,16,1114.18,1,0,1,0.1618,0,30.85,0
0.4,15,6,860,21,2394.32,2,0,1,0.3378,0,17.36,0
0.0667,15,1,976,15,2127.5,1,0,1,0.1581,0,20.08,0
0.2,30,6,675,18,1718.52,1,0,1,0.1588,1,9.17,0
0.0833,36,3,183,18,2147.37,1,0,1,0.1799,0,12.86,0
0.0,16,0,554,21,2815.74,1,0,1,0.2044,0,0.0,0
0.1379,29,4,900,38,1762.02,3,0,1,0.1704,0,32.77,0
0.0,8,0,855,14,2248.8,2,0,1,0.1832,0,0.0,1
0.1579,19,3,551,37,2037.79,1,0,1,0.2909,0,12.22,0
0.15,20,3,507,9,2086.05,1,0,1,0.3867,0,14.57,0
0.0769,13,1,958,21,3453.18,3,0,1,0.1501,0,12.33,0
0.1,10,1,978,13,2209.75,1,0,1,0.1348,0,21.76,0
0.0,10,0,503,19,1842.87,1,0,1,0.1128,0,0.0,0
0.44,25,11,476,15,818.21,1,0,1,0.3883,3,15.7,1
0.4375,16,7,262,13,2596.33,3,0,1,0.1739,2,24.11,0
0.0,14,0,276,13,955.47,1,0,1,0.1253,0,0.0,0
0.4848,33,16,694,18,4346.52,2,0,1,0.0976,1,28.91,0
0.0,7,0,203,10,1150.04,1,0,1,0.1444,0,0.0,0
0.0,9,0,362,31,2375.69,2,0,1,0.067,0,0.0,0
0.1111,9,1,370,25,1476.48,1,0,1,0.1098,0,28.22,0
0.2222,9,2,281,31,2502.61,3,0,1,0.0347,0,15.36,0
0.05,20,1,630,11,1654.15,3,0,1,0.0823,1,12.6,0
0.5,12,6,302,36,2686.58,2,0,1,0.2927,1,24.89,1
0.2,15,3,1000,21,1503.04,2,0,1,0.1039,0,22.29,0
0.1111,9,1,380,22,1468.39,2,1,2,0.1464,0,20.52,0
0.125,8,1,189,16,2012.15,2,1,2,0.3321,0,15.43,1
0.1765,17,3,767,21,2820.38,1,0,1,0.2939,0,10.92,1
0.0667,15,1,717,15,1496.03,2,1,2,0.0307,0,30.15,1
0.0968,31,3,762,36,1435.51,1,0,1,0.0132,0,39.66,0
0.0,13,0,988,16,2112.97,1,0,1,0.1395,0,0.0,0
0.0,12,0,712,24,2295.22,1,0,1,0.2417,0,0.0,0
0.125,8,1,780,31,3034.83,3,0,1,0.0416,0,16.31,0
0.2143,14,3,348,16,1365.14,3,0,1,0.373,0,14.62,0
0.3333,12,4,452,25,2453.73,3,0,1,0.0538,0,14.93,0
0.0952,21,2,336,14,1412.52,1,0,1,0.1305,0,19.68,0
0.3333,15,5,997,14,1254.78,2,0,1,0.2879,0,27.64,1
0.0,10,0,986,14,2944.49,2,0,1,0.1619,0,0.0,0
0.35,20,7,183,22,1431.64,2,1,2,0.2351,0,13.92,0
0.2143,14,3,257,24,1930.92,3,1,3,0.2147,0,11.59,0
0.3333,12,4,471,19,1761.5,1,0,1,0.1275,1,21.49,0
0.0,11,0,314,21,1679.76,2,1,2,0.0983,0,0.0,0
0.4,20,8,634,23,1051.84,1,0,1,0.0703,1,13.61,0
0.3077,13,4,295,34,2752.41,2,0,1,0.1054,0,15.85,0
0.1538,13,2,525,13,1045.78,1,0,1,0.306,0,8.69,1
0.0556,18,1,200,42,2060.23,3,0,1,0.2161,0,12.92,0
0.125,8,1,875,23,1093.56,1,0,1,0.1366,0,15.88,0
0.0,10,0,264,21,2816.69,2,0,1,0.23,0,0.0,0
0.3333,33,11,727,38,980.82,1,0,1,0.1172,1,22.68,0
0.0,10,0,931,53,2838.72,3,1,3,0.2478,0,0.0,0
0.0476,21,1,787,35,1408.94,1,0,1,0.2145,0,13.88,0
0.0,10,0,599,19,1001.7,1,0,1,0.1886,0,0.0,0
0.25,8,2,938,31,660.38,1,0,1,0.3622,0,7.36,0
0.0769,13,1,737,22,1258.11,2,0,1,0.1236,1,16.26,0
0.0,12,0,796,17,1197.08,1,0,1,0.0672,0,0.0,1
0.125,16,2,543,34,1936.94,1,0,1,0.0988,0,17.88,0
0.0,7,0,501,32,1548.62,1,0,1,0.1394,0,0.0,0
0.4,5,2,934,22,1300.76,1,0,1,0.0715,0,15.65,0
0.0,10,0,568,29,3145.14,2,0,1,0.1815,0,0.0,0
0.5294,17,9,273,9,970.06,1,0,1,0.3643,1,16.62,0
0.4091,22,9,886,34,1485.93,1,0,1,0.0577,2,17.87,0
0.3636,11,4,931,12,1393.6,1,0,1,0.1791,0,27.95,0
0.0769,13,1,948,22,1098.68,1,0,1,0.2825,0,16.87,0
0.1905,21,4,550,15,1481.38,1,0,1,0.0796,0,22.81,0
0.0476,21,1,407,25,1942.94,1,0,1,0.034,0,11.29,0
0.125,16,2,902,16,2576.73,3,0,1,0.0259,0,20.57,0
0.5556,9,5,444,47,3283.01,1,0,1,0.0657,0,10.42,0
0.2759,29,8,797,28,1304.92,1,0,1,0.1277,0,20.89,0
0.1739,23,4,994,22,2448.45,2,0,1,0.2865,1,16.36,0
0.4688,32,15,948,19,1441.82,1,0,1,0.1419,1,23.32,0
0.2308,13,3,434,17,1006.71,1,0,1,0.0571,1,22.8,0
0.0,18,0,600,16,1792.07,2,0,1,0.1555,0,0.0,0
0.5,6,3,945,15,1553.22,3,0,1,0.0928,0,16.92,0
0.1667,18,3,192,15,1669.2,1,0,1,0.1463,0,17.46,0
0.2,15,3,743,76,1607.13,2,0,1,0.3556,1,9.18,1
0.1905,21,4,742,19,1944.19,1,0,1,0.1069,1,8.89,1
0.0833,12,1,360,26,1698.46,2,0,1,0.1442,0,21.84,0
0.0,8,0,278,12,2558.67,1,0,1,0.1162,0,0.0,0
0.1667,12,2,724,19,1037.32,3,0,1,0.1463,1,14.72,0
0.0833,12,1,853,18,1895.08,2,0,1,0.0922,0,11.59,0
0.0357,28,1,860,20,1013.11,1,0,1,0.173,0,54.37,0
0.0,6,0,903,9,1706.11,2,0,1,0.0773,0,0.0,0
0.2308,13,3,404,12,1328.94,1,0,1,0.1661,0,20.69,0
0.1,10,1,542,12,1053.26,1,0,1,0.1513,0,9.51,0
0.3333,6,2,377,17,1340.51,1,0,1,0.0806,0,11.7,0
0.0,6,0,338,13,2808.26,2,0,1,0.1483,0,0.0,0
0.2857,14,4,875,21,1417.72,1,0,1,0.0863,0,26.99,0
0.2593,27,7,962,19,1654.04,3,0,1,0.0595,1,13.91,0
0.05,20,1,513,18,1232.41,1,0,1,0.2446,1,16.09,0
0.1818,11,2,333,24,3118.41,1,0,1,0.104,0,21.0,0
0.0833,12,1,859,18,2209.39,2,0,1,0.0495,0,16.99,0
0.2778,18,5,925,57,1440.17,1,0,1,0.2021,1,17.01,0
0.0,12,0,746,27,1336.71,1,0,1,0.2281,0,0.0,1
0.4375,16,7,505,20,1452.76,1,0,1,0.3669,0,15.51,0
0.1,10,1,284,15,2977.1,3,0,1,0.2137,0,22.65,0
0.1429,14,2,264,18,2306.41,1,0,1,0.1291,0,13.15,0
0.1111,9,1,238,13,1442.83,1,0,1,0.1582,0,20.9,0
0.0,14,0,321,20,1710.66,1,0,1,0.2992,0,0.0,0
0.125,16,2,303,16,2642.12,2,0,1,0.0396,1,20.53,1
0.087,23,2,801,15,1699.94,1,0,1,0.0114,0,46.63,0
0.4444,9,4,676,31,2319.85,1,0,1,0.3089,1,8.2,1
0.1538,13,2,462,18,1749.19,1,0,1,0.0981,1,15.57,0
0.1111,9,1,228,51,3582.44,3,0,1,0.0481,0,19.89,0
0.0,7,0,779,15,2158.43,2,0,1,0.0997,0,0.0,0
0.4,5,2,379,18,2057.75,3,0,1,0.113,0,16.88,1
0.0625,16,1,201,19,2422.83,1,0,1,0.2571,0,13.85,0
0.0,8,0,801,26,3260.18,2,0,1,0.1323,0,0.0,0
0.2,15,3,303,21,1534.71,1,0,1,0.1653,0,13.65,0
0.1,10,1,920,27,1132.86,1,0,1,0.3171,0,18.39,0
0.1,10,1,196,14,1803.06,2,1,2,0.2076,0,15.72,0
0.1,10,1,994,33,1362.35,1,0,1,0.0518,0,7.53,0
0.0,37,0,816,15,1461.8,1,0,1,0.0307,0,0.0,0
0.0769,13,1,687,12,1172.75,1,0,1,0.1617,0,9.22,0
0.1667,12,2,249,24,2841.54,2,0,1,0.0579,0,10.42,0
0.1765,17,3,296,50,1950.93,1,0,1,0.1388,1,18.93,1
0.0769,13,1,811,12,4312.49,2,0,1,0.115,0,28.07,0
0.0,11,0,876,24,1909.98,1,0,1,0.229,0,0.0,0
0.2667,15,4,373,45,1472.04,1,0,1,0.0975,1,15.01,0
0.0,23,0,267,15,1118.14,1,0,1,0.2198,0,0.0,0
0.1667,12,2,269,13,1540.37,1,0,1,0.0514,0,26.14,0
0.0625,16,1,404,13,1640.31,1,0,1,0.0675,0,29.88,0
0.2222,9,2,553,44,1904.08,1,0,1,0.1983,0,19.05,0
0.3333,12,4,998,12,2142.46,1,0,1,0.0838,0,25.04,0
0.1176,17,2,461,17,1564.78,1,0,1,0.2489,0,38.71,1
0.1667,12,2,682,38,2036.62,2,0,1,0.1276,0,12.17,1
0.6923,13,9,365,25,1219.27,1,0,1,0.0365,1,11.25,0
0.0476,21,1,593,14,1628.41,1,0,1,0.0612,0,17.57,0
0.0,5,0,718,15,3170.75,3,1,2,0.0827,0,0.0,0
0.0625,16,1,333,13,1552.49,2,0,1,0.1342,0,14.34,1
0.4167,12,5,531,20,1947.31,1,0,1,0.0203,0,15.81,0
0.0417,24,1,740,44,2042.43,2,0,1,0.0043,0,28.55,0
0.1667,12,2,345,8,1291.08,1,0,1,0.2502,0,17.61,0
0.0,7,0,543,24,2674.77,1,0,1,0.215,0,0.0,0
0.12,25,3,885,34,2181.78,2,0,1,0.3109,1,12.94,0
0.0,25,0,327,22,1445.8,1,0,1,0.4694,0,0.0,0
0.3,20,6,514,21,2635.63,2,0,1,0.0564,1,18.67,0
0.25,4,1,698,27,1336.8,1,0,1,0.1158,0,30.37,0
0.0,9,0,476,36,1075.18,1,0,1,0.0444,0,0.0,0
0.3636,11,4,657,19,1333.29,1,0,1,0.107,0,12.83,1
0.2308,13,3,757,11,1320.67,1,0,1,0.276,1,14.14,0
0.0968,31,3,372,27,1468.86,2,0,1,0.0991,1,7.9,0
0.08,25,2,666,17,2295.48,2,0,1,0.0584,1,20.34,0
0.8333,6,5,368,36,3359.01,3,0,1,0.0612,1,20.14,1
0.0,10,0,936,20,1690.42,1,0,1,0.2918,0,0.0,0
0.0,4,0,323,16,1292.02,1,0,1,0.2172,0,0.0,0
0.3333,3,1,745,23,1526.31,2,0,1,0.1028,0,21.24,0
0.25,12,3,275,26,2507.17,2,0,1,0.0797,0,19.96,0
0.0,15,0,360,11,1596.25,1,0,1,0.1019,0,0.0,0
0.1,10,1,914,20,2119.75,1,0,1,0.2267,0,13.35,0
0.25,4,1,281,13,2616.34,2,0,1,0.1977,0,16.3,0
0.15,20,3,198,18,2033.8,1,0,1,0.2848,0,29.83,0
0.1111,9,1,319,22,3577.33,3,0,1,0.0484,0,10.63,0
0.1522,46,7,261,14,1355.88,1,0,1,0.0876,0,16.86,0
0.1111,18,2,293,15,1030.44,1,0,1,0.0941,0,20.19,0
0.1667,6,1,530,25,1827.78,1,0,1,0.0022,1,34.26,0
0.1667,12,2,653,28,2247.0,2,0,1,0.0263,1,12.65,0
0.1136,44,5,805,17,3890.09,2,1,2,0.0347,1,60.25,0
0.0526,19,1,463,22,2843.34,3,0,1,0.3307,0,20.1,0
0.1818,11,2,382,18,2506.68,2,0,1,0.1326,1,25.89,1
0.25,16,4,929,22,1858.9,2,0,1,0.0192,1,12.77,0
0.2222,9,2,859,34,2242.71,3,0,1,0.1847,0,32.83,0
0.3333,6,2,250,32,1731.43,3,0,1,0.0303,0,28.31,0
0.0,14,0,633,51,1192.65,1,0,1,0.2289,0,0.0,0
0.2,15,3,495,41,1863.82,1,0,1,0.0617,0,37.4,0
0.0,7,0,954,19,2536.29,2,0,1,0.0172,0,0.0,0
0.0256,39,1,944,27,2064.13,2,0,1,0.2224,0,28.58,0
0.0,12,0,955,40,1270.11,1,0,1,0.1012,0,0.0,0
0.2143,14,3,436,24,2633.69,1,0,1,0.3275,0,18.73,0
0.2727,22,6,263,16,2261.56,1,0,1,0.1321,0,9.51,0
0.0417,24,1,870,18,1917.23,2,0,1,0.272,0,24.8,0
0.4,5,2,553,19,1097.21,1,0,1,0.1707,0,27.18,0
0.4545,22,10,308,16,1758.96,1,0,1,0.0473,2,9.57,0
0.125,8,1,960,15,2241.16,1,0,1,0.2537,0,12.3,0
0.2381,21,5,927,26,1093.52,1,0,1,0.2755,1,18.29,0
0.2222,9,2,435,19,1334.56,1,0,1,0.157,0,14.92,0
0.0,8,0,641,23,1986.76,2,0,1,0.3361,0,0.0,0
0.0,7,0,346,15,987.09,1,0,1,0.1705,0,0.0,0
0.2857,7,2,893,27,1631.4,1,0,1,0.0333,0,20.8,0
0.1111,9,1,912,24,1072.25,1,0,1,0.1686,0,22.28,0
0.4286,21,9,869,28,2318.59,2,0,1,0.0679,4,11.92,0
0.1667,12,2,903,23,2732.53,3,0,1,0.1193,1,31.09,0
0.2727,11,3,916,26,1329.86,1,0,1,0.2353,1,21.96,0
0.2,10,2,927,3,824.73,1,0,1,0.1296,0,22.96,0
0.0833,24,2,891,14,2275.99,2,0,1,0.2636,0,15.91,0
0.0909,11,1,676,20,1290.43,1,0,1,0.097,0,14.83,0
0.0,10,0,516,14,3173.41,2,0,1,0.135,0,0.0,0
0.0667,15,1,259,9,1798.21,1,0,1,0.0494,1,13.21,0
0.0,6,0,386,17,1598.9,1,0,1,0.1427,0,0.0,0
0.0,4,0,340,22,1674.78,1,0,1,0.021,0,0.0,0
0.2,5,1,214,20,2887.38,2,0,1,0.0964,0,4.65,0
0.6364,11,7,835,44,2832.44,2,0,1,0.0743,0,19.46,0
0.2857,7,2,187,47,1283.85,1,0,1,0.3003,0,21.26,0
0.3,10,3,748,35,1406.04,2,0,1,0.0583,0,25.88,0
0.0625,16,1,728,12,841.13,1,0,1,0.2765,0,19.76,0
0.0952,21,2,800,11,1955.54,2,0,1,0.2489,0,17.91,0
0.375,8,3,649,21,2933.45,2,0,1,0.0732,0,9.4,0
0.1429,14,2,188,21,1368.53,1,0,1,0.2237,0,17.74,1
0.1429,21,3,482,45,2269.0,1,0,1,0.0812,0,18.55,0
0.0,14,0,398,22,2268.21,1,0,1,0.1744,0,0.0,0
0.0909,11,1,452,72,1068.65,1,0,1,0.2335,0,16.48,0
0.0526,19,1,650,9,811.76,2,0,1,0.0334,0,7.32,0
0.0909,11,1,633,30,1813.81,2,0,1,0.2173,0,17.57,0
0.0,11,0,888,21,1252.44,1,0,1,0.0881,0,0.0,0
0.0,14,0,382,32,1076.24,1,0,1,0.1606,0,0.0,0
0.5,2,1,771,11,931.3,1,0,1,0.2839,0,9.93,0
0.3333,12,4,985,26,2072.95,1,0,1,0.1266,0,14.09,0
0.0976,41,4,691,12,1985.84,1,0,1,0.283,0,40.28,1
0.1,10,1,504,35,2102.73,2,0,1,0.102,0,24.23,0
0.0,20,0,598,7,2885.26,1,0,1,0.0705,0,0.0,0
0.0286,35,1,705,12,2182.56,2,0,1,0.2011,0,13.69,0
0.0,11,0,575,15,1625.78,1,0,1,0.2728,0,0.0,0
0.0,22,0,209,11,3006.0,2,0,1,0.1049,0,0.0,0
0.3333,12,4,942,25,1727.15,2,1,2,0.0617,0,14.06,0
0.0732,41,3,308,13,2006.05,2,1,2,0.2848,0,41.82,0
0.303,33,10,385,25,1376.04,2,1,2,0.2611,2,19.92,0
0.2,20,4,586,27,2275.82,3,0,1,0.2647,0,32.99,0
0.0,5,0,535,34,1791.51,2,0,1,0.2676,0,0.0,0
0.2222,9,2,720,21,1706.55,2,0,1,0.2509,0,17.46,0
0.5,6,3,312,35,2266.38,1,0,1,0.3204,0,16.33,0
0.1905,21,4,900,13,1811.7,1,0,1,0.1285,0,17.61,0
0.2167,60,13,596,30,901.02,1,0,1,0.5415,2,29.76,0
0.0345,29,1,727,13,2067.31,2,0,1,0.1206,0,27.01,1
0.5,6,3,274,22,2854.09,1,0,1,0.0758,1,18.94,0
0.1,10,1,311,40,879.69,1,0,1,0.0445,0,23.31,0
0.0,11,0,797,25,1574.56,2,0,1,0.1057,0,0.0,0
0.0,13,0,405,46,2446.95,1,0,1,0.3803,0,0.0,0
0.25,12,3,209,29,2868.04,1,0,1,0.0334,1,21.2,1
0.3333,6,2,539,34,1091.07,1,0,1,0.2517,0,36.72,0
0.2857,7,2,326,49,1919.64,1,0,1,0.1144,1,29.87,0
0.0667,30,2,311,32,3005.38,2,0,1,0.1678,0,34.77,0
0.1333,15,2,404,21,1672.43,1,0,1,0.1938,0,18.75,0
0.069,29,2,496,23,1195.29,1,0,1,0.0175,0,15.85,0
0.4615,13,6,967,33,1423.4,1,0,1,0.0154,1,29.98,0
0.3182,22,7,292,16,1266.84,1,0,1,0.2047,0,21.45,0
0.2222,18,4,851,32,823.35,1,0,1,0.0779,0,11.38,0
0.0,18,0,883,17,3415.81,2,0,1,0.0964,0,0.0,0
0.0,11,0,405,21,1769.22,2,0,1,0.2714,0,0.0,0
0.0,7,0,186,27,2273.69,2,0,1,0.0948,0,0.0,0
0.0769,13,1,379,30,1989.08,3,0,1,0.0951,0,23.49,0
0.1667,12,2,629,7,1569.11,1,0,1,0.2097,0,17.18,0
0.0,9,0,636,19,1663.17,1,0,1,0.1037,0,0.0,0
0.0,17,0,414,13,1226.2,1,0,1,0.0536,0,0.0,0
0.0,10,0,887,9,661.85,1,0,1,0.0965,0,0.0,0
0.1429,7,1,458,16,1285.29,1,0,1,0.0423,0,25.22,0
0.0,16,0,446,17,1347.73,1,0,1,0.1663,0,0.0,0
0.3636,11,4,269,36,1288.3,1,0,1,0.0527,1,33.33,0
0.75,4,3,191,48,1726.08,2,1,2,0.1354,2,12.16,1
0.0588,17,1,410,28,2440.34,2,0,1,0.0809,0,11.2,0
0.3636,11,4,923,16,2642.52,1,0,1,0.1993,1,28.02,0
0.125,24,3,768,42,992.05,1,0,1,0.0323,0,13.61,0
0.0,5,0,960,34,2476.31,2,0,1,0.2222,0,0.0,0
0.0,15,0,227,21,2356.0,3,0,1,0.3956,0,0.0,0
0.0,11,0,553,13,1600.88,1,0,1,0.2036,0,0.0,0
0.5455,11,6,984,37,1403.87,1,0,1,0.1634,0,35.14,0
0.5333,30,16,940,26,1945.17,1,0,1,0.2031,1,11.19,0
0.3571,14,5,295,30,1547.6,1,0,1,0.0479,2,10.46,1
0.4,10,4,559,11,2849.8,3,1,3,0.2256,1,23.39,1
0.125,8,1,735,18,901.89,1,0,1,0.3301,0,13.43,0
0.1429,14,2,737,15,1937.64,2,0,1,0.0165,1,39.73,0
0.1429,35,5,549,19,1870.95,1,0,1,0.0818,0,32.56,0
0.3043,23,7,777,12,1128.52,2,0,1,0.3071,0,15.2,0
0.0,19,0,769,17,1540.88,1,0,1,0.3402,0,0.0,0
0.1818,11,2,746,10,1402.48,1,0,1,0.1053,0,32.82,0
0.2,25,5,487,11,3626.43,3,0,1,0.129,0,15.45,0
0.087,23,2,405,35,1261.09,1,0,1,0.1928,0,36.76,0
0.1852,54,10,479,21,2342.2,2,0,1,0.2652,2,21.42,0
0.2,25,5,621,18,3480.48,3,0,1,0.1061,1,14.1,0
0.45,20,9,197,37,1884.21,2,0,1,0.2492,0,17.2,0
0.0,7,0,482,23,1705.4,1,0,1,0.0962,0,0.0,0
0.0,10,0,239,17,1386.99,1,0,1,0.1438,0,0.0,1
0.0909,11,1,779,27,2315.56,2,1,2,0.1282,1,19.2,1
0.0667,15,1,224,28,2615.71,1,0,1,0.1598,0,21.71,0
0.1333,15,2,812,23,1821.16,1,0,1,0.1334,1,13.74,0
0.3,20,6,467,27,1772.79,3,0,1,0.2262,0,19.51,0
0.1,10,1,442,28,1442.77,1,0,1,0.1371,0,15.87,0
0.25,24,6,900,48,1102.85,1,0,1,0.175,2,12.33,1
0.0,11,0,473,39,2897.5,2,0,1,0.0967,0,0.0,1
0.3158,19,6,622,13,1400.75,1,0,1,0.3039,0,9.73,0
0.087,23,2,558,19,1631.44,1,0,1,0.1217,0,14.55,0
1.0,5,5,805,15,3303.76,2,0,1,0.1654,0,12.49,0
0.15,20,3,675,29,2823.64,2,0,1,0.3011,0,35.83,0
0.1111,18,2,494,27,1273.72,1,0,1,0.2179,0,19.69,0
0.0,19,0,616,17,1587.16,1,0,1,0.1651,0,0.0,0
0.2222,9,2,278,12,1556.11,2,0,1,0.1129,0,10.37,0
0.0625,16,1,392,7,1518.32,2,0,1,0.2498,0,16.29,0
0.05,20,1,512,32,1964.99,3,1,2,0.0524,1,19.74,0
0.0,23,0,742,40,733.53,1,0,1,0.1163,0,0.0,0
0.2174,23,5,653,35,1108.16,1,0,1,0.0323,1,14.05,0
0.25,8,2,362,26,1645.07,1,0,1,0.1977,2,23.43,0
0.1364,22,3,600,5,2774.77,3,0,1,0.188,2,8.68,0
0.0,10,0,732,8,1244.68,1,0,1,0.108,0,0.0,0
0.0714,14,1,707,30,952.27,1,0,1,0.1641,0,15.12,0
0.0,9,0,888,26,2089.6,2,0,1,0.1439,0,0.0,0
0.0909,11,1,541,24,1927.11,1,0,1,0.1101,0,21.45,1
0.0,6,0,926,37,1817.4,1,0,1,0.2037,0,0.0,0
0.0,21,0,256,35,1433.63,2,1,2,0.0662,0,0.0,0
0.2,10,2,623,11,1270.99,1,0,1,0.0807,0,15.46,0
0.4444,27,12,821,39,2209.25,2,1,2,0.2394,2,27.42,0
0.1538,13,2,349,18,2663.78,2,0,1,0.0549,0,17.18,0
0.0,12,0,672,13,1569.66,1,0,1,0.3023,0,0.0,0
0.381,42,16,788,34,943.48,1,0,1,0.1155,0,17.33,0
0.1176,17,2,958,24,1818.11,1,0,1,0.1888,0,14.81,0
0.1,10,1,240,16,2177.11,1,0,1,0.1235,0,17.42,0
0.3871,31,12,221,28,1940.07,2,0,1,0.0919,1,17.99,0
0.1875,16,3,430,31,1007.41,1,0,1,0.1662,0,22.42,0
0.5,8,4,736,40,922.12,1,0,1,0.1644,1,17.52,0
0.0667,15,1,191,19,4004.72,2,0,1,0.2294,1,17.04,0
0.0,8,0,889,27,959.21,1,0,1,0.2176,0,0.0,1
0.3158,19,6,662,28,2957.35,2,0,1,0.1761,1,23.79,0
0.122,41,5,778,36,2255.71,1,0,1,0.2588,0,26.24,0
0.3889,18,7,351,55,2114.08,2,1,2,0.1725,1,15.73,1
0.0476,21,1,951,19,1608.8,1,0,1,0.1393,1,25.55,0
0.3125,16,5,197,23,2307.58,4,0,1,0.6751,1,24.8,0
0.2857,14,4,321,23,1057.05,3,0,1,0.4731,2,10.92,0
0.125,8,1,569,14,1578.44,2,0,1,0.7186,1,17.18,0
0.0714,14,1,511,22,1422.82,1,0,1,0.4431,0,16.67,0
0.375,8,3,352,15,7662.22,5,0,1,0.5227,0,9.45,0
0.3077,13,4,193,43,2244.7,2,0,1,0.4393,1,10.09,0
0.3,20,6,564,8,1640.77,3,1,3,0.2527,1,5.44,0
0.1,10,1,279,6,2515.19,5,0,1,0.2677,1,16.48,0
0.6667,6,4,257,18,1985.82,1,0,1,0.4448,3,7.2,1
0.3158,19,6,120,3,4824.98,5,0,1,0.3818,1,19.61,0
0.4,15,6,217,33,2280.08,4,0,1,0.1156,2,14.75,0
0.4118,17,7,279,64,1247.95,2,1,2,0.2608,4,11.99,1
0.35,20,7,231,33,2723.92,1,0,1,0.0787,5,22.89,0
0.2,5,1,369,9,2218.61,2,0,1,0.1649,1,16.36,1
0.6875,16,11,131,24,3512.82,2,1,2,0.3653,4,17.54,0
0.2857,14,4,541,30,2090.12,3,0,1,0.3821,1,16.07,1
0.6,10,6,149,11,3027.75,3,0,1,0.2459,2,7.17,1
0.3636,11,4,387,24,4038.15,2,0,1,0.3017,3,20.92,0
0.65,20,13,566,9,2476.24,3,1,3,0.5463,6,11.68,1
0.6667,18,12,583,27,1983.57,4,1,4,0.3563,5,13.41,0
0.2,5,1,247,37,2021.16,2,0,1,0.1301,1,8.96,0
0.4,10,4,371,18,3153.11,4,0,1,0.3139,1,21.04,0
0.25,12,3,495,10,1848.49,1,0,1,0.3076,2,19.18,0
0.4167,12,5,399,18,1915.99,2,1,2,0.3158,2,9.81,1
0.3333,9,3,345,27,2452.48,2,1,2,0.6336,1,19.98,0
0.3,20,6,566,57,5474.24,5,0,1,0.6509,2,15.09,0
0.4,10,4,400,8,1418.93,3,1,3,0.0313,1,12.36,0
0.5333,15,8,410,12,3747.67,5,0,1,0.3531,2,15.69,0
0.5714,14,8,313,20,3245.07,4,0,1,0.2919,2,15.73,0
0.25,12,3,304,13,2135.66,1,0,1,0.1233,1,8.56,0
0.0667,15,1,437,19,2376.62,3,1,3,0.202,0,12.85,0
0.1,10,1,119,28,4154.03,3,0,1,0.2885,0,11.88,0
0.8,10,8,307,25,2043.88,3,1,3,0.119,6,8.65,1
0.3333,9,3,486,18,5519.39,3,0,1,0.3153,2,15.12,0
0.625,8,5,340,21,1324.07,1,0,1,0.4891,0,5.71,0
0.0,7,0,455,14,1217.28,1,0,1,0.6777,0,0.0,1
0.3,20,6,154,14,1763.99,2,0,1,0.3773,0,18.2,0
0.4,10,4,444,14,1914.87,3,0,1,0.418,0,12.85,0
0.6111,18,11,430,29,1472.42,2,1,2,0.4397,4,20.96,1
0.0909,11,1,579,41,2657.13,3,0,1,0.1123,1,16.19,1
0.0,7,0,298,17,1975.65,3,0,1,0.4351,0,0.0,0
0.4286,7,3,250,12,2551.46,4,1,2,0.2231,2,6.28,1
0.5,14,7,131,11,1567.31,1,0,1,0.4885,3,20.95,0
0.0667,15,1,395,14,1888.38,5,1,2,0.5177,0,6.81,1
0.4444,9,4,536,22,3736.77,4,0,1,0.1075,0,14.99,0
0.4,5,2,108,35,1136.49,2,1,2,0.3626,2,20.68,1
0.2222,18,4,505,8,1890.05,3,0,1,0.336,2,13.21,0
0.5,12,6,330,36,4966.53,2,0,1,0.2244,1,5.36,0
0.1667,18,3,480,25,2394.75,2,0,1,0.4638,1,18.46,0
0.6471,17,11,281,11,1532.34,1,0,1,0.1799,5,6.13,0
0.4444,9,4,456,28,1594.79,4,0,1,0.3727,3,8.61,0
0.3333,15,5,517,8,5339.24,4,0,1,0.2541,2,18.92,0
0.375,8,3,242,11,2861.45,3,0,1,0.5017,1,20.22,0
0.25,20,5,558,16,1719.29,1,0,1,0.2126,1,17.15,0
0.0,15,0,597,9,3838.38,3,1,3,0.0333,0,0.0,1
0.3636,11,4,398,28,3603.37,2,0,1,0.1476,2,18.76,0
0.0,19,0,150,9,2333.04,4,0,1,0.2403,0,0.0,0
0.625,8,5,374,12,1364.25,2,0,1,0.3168,1,24.69,0
0.8571,7,6,522,5,1508.11,4,1,4,0.4045,1,17.99,1
0.1429,7,1,103,24,1760.24,2,0,1,0.5488,1,9.77,0
0.1875,16,3,268,39,1700.78,2,1,2,0.3784,1,12.95,0
0.1538,13,2,177,15,1771.93,5,0,1,0.4831,0,13.02,0
0.2727,11,3,400,5,2146.32,2,0,1,0.245,1,8.25,0
0.4706,17,8,520,27,4301.93,3,0,1,0.3245,6,24.86,0
1.0,5,5,260,24,2316.78,3,1,3,0.2307,1,12.21,1
0.0,15,0,342,17,3127.77,2,0,1,0.4114,0,0.0,0
0.125,8,1,365,26,1343.76,3,1,3,0.1712,1,6.29,0
0.3158,19,6,112,11,6362.52,5,0,1,0.506,3,16.21,0
0.1667,6,1,449,14,3604.62,5,0,1,0.403,0,14.31,1
0.0,6,0,219,21,3213.49,4,1,2,0.1564,0,0.0,0
0.5263,19,10,116,21,2967.97,3,0,1,0.3292,1,5.08,0
0.5,14,7,294,9,2263.36,3,0,1,0.0719,3,17.12,0
0.6,5,3,352,9,2363.24,3,1,3,0.3021,3,8.49,1
0.5294,17,9,341,9,2221.27,4,0,1,0.2541,2,19.83,0
0.1429,7,1,431,14,1171.82,3,0,1,0.3497,0,9.93,0
0.0667,15,1,588,14,705.61,1,0,1,0.2452,0,9.12,0
0.0769,13,1,232,10,1938.21,5,0,1,0.1502,0,11.96,0
0.1765,17,3,362,11,2857.67,2,0,1,0.2689,0,9.03,0
0.0,7,0,139,7,4399.31,3,1,3,0.8062,0,0.0,1
0.4,5,2,578,14,1355.22,4,1,2,0.1339,1,17.73,1
0.3125,16,5,381,7,2117.22,2,0,1,0.2092,1,7.75,0
0.2857,7,2,133,17,2600.45,4,0,1,0.4032,0,22.15,0
0.1111,9,1,577,6,1778.7,3,0,1,0.4729,0,7.92,0
0.4167,12,5,434,15,2194.07,3,0,1,0.5633,1,18.09,0
0.0,7,0,164,11,2220.8,1,0,1,0.1825,0,0.0,1
0.2,15,3,556,49,2272.65,1,0,1,0.2797,1,8.66,1
0.4667,15,7,277,18,1022.85,1,0,1,0.4389,3,23.99,0
0.3,20,6,274,21,2249.85,5,1,2,0.2141,1,19.48,0
0.1538,13,2,344,9,1809.74,4,0,1,0.2546,0,12.22,0
0.2727,11,3,468,22,2022.13,4,1,4,0.1948,1,13.12,0
0.3684,19,7,161,7,850.17,1,0,1,0.1802,2,13.5,0
0.2,5,1,589,12,2172.32,3,0,1,0.1744,1,5.03,0
0.6,5,3,94,9,1420.31,3,0,1,0.3457,1,24.87,0
0.25,16,4,182,23,1772.8,2,0,1,0.2234,2,7.66,0
0.4667,15,7,398,15,1322.33,1,0,1,0.6819,2,18.04,0
0.1667,12,2,458,23,1409.32,1,0,1,0.4125,0,15.34,1
0.1429,14,2,551,23,632.21,1,0,1,0.2091,1,18.77,0
0.75,8,6,118,17,1862.29,2,0,1,0.2006,2,22.69,0
0.4167,12,5,287,17,3742.71,3,1,3,0.2449,4,16.9,1
0.4,5,2,372,18,1597.31,1,0,1,0.0252,1,17.25,1
0.0909,11,1,120,22,2071.86,3,0,1,0.5984,1,22.24,1
0.2105,19,4,420,24,3573.13,3,1,3,0.4671,1,21.5,1
0.3,10,3,205,16,2067.69,3,0,1,0.2964,2,10.05,0
0.5,8,4,145,32,2381.42,2,0,1,0.2794,1,6.5,0
0.1429,7,1,238,15,1806.79,5,0,1,0.1317,0,17.63,0
0.3333,9,3,338,12,2448.18,1,0,1,0.5938,0,5.2,0
0.3333,15,5,459,8,2345.61,1,0,1,0.1866,4,16.97,0
0.1667,6,1,263,22,1796.59,2,0,1,0.4727,0,19.41,0
0.2,10,2,170,23,2125.28,3,0,1,0.2151,1,10.31,0
0.2727,11,3,599,16,3086.52,3,1,3,0.2852,2,22.93,0
0.1,10,1,345,7,3214.02,3,0,1,0.4283,0,21.79,0
0.2857,14,4,586,8,1644.48,2,1,2,0.3225,3,11.23,0
0.4,5,2,179,15,1851.1,1,0,1,0.2104,1,18.34,0
0.0,16,0,427,23,2669.22,1,0,1,0.1551,0,0.0,0
0.4167,12,5,280,51,1852.74,2,0,1,0.079,0,7.53,0
0.3333,9,3,153,16,1257.75,2,0,1,0.4708,0,21.51,0
0.1667,6,1,94,10,2262.98,4,0,1,0.6561,0,19.89,0
0.6,5,3,145,14,2720.47,4,1,2,0.2482,0,19.65,0
0.8889,9,8,198,29,674.99,2,0,1,0.4902,0,23.42,1
0.6,5,3,422,14,3759.0,3,0,1,0.1053,1,5.06,0
0.1111,9,1,90,25,4330.2,3,0,1,0.08,0,15.55,0
0.6,5,3,217,27,2565.47,2,0,1,0.699,0,12.78,1
0.5263,19,10,555,15,1761.89,2,1,2,0.4141,3,14.46,0
0.2,10,2,525,11,2523.74,1,0,1,0.424,1,24.11,0
0.1538,13,2,344,17,2420.19,2,1,2,0.6584,1,17.22,0
0.0,0,0,8,8,1791.0,1,0,1,0.4982,0,0.0,0
0.0,3,0,14,14,1171.59,1,0,1,0.281,0,0.0,0
0.0,2,0,47,19,2112.4,3,1,3,0.6145,0,0.0,1
0.0,1,0,30,13,1202.1,3,0,1,0.1655,0,0.0,1
0.5,2,1,44,9,2269.9,2,0,1,0.4771,0,17.71,1
0.5,2,1,57,19,1905.56,1,0,1,0.5168,0,9.2,0
0.0,2,0,2,2,4964.15,5,0,1,0.2586,0,0.0,0
0.0,2,0,7,7,2080.68,3,0,1,0.4943,0,0.0,0
0.6667,3,2,60,29,5751.51,4,0,1,0.2998,0,12.44,0
0.3333,3,1,38,18,1086.19,1,0,1,0.2743,0,20.35,0
0.3333,3,1,27,18,1926.97,3,1,3,0.2172,0,10.06,1
0.0,1,0,53,20,1557.59,2,1,2,0.5608,0,0.0,0
0.0,1,0,10,10,1459.44,1,0,1,0.8526,0,0.0,0
0.5,2,1,7,7,2970.11,3,0,1,0.4327,1,14.47,0
0.0,2,0,36,14,2918.48,5,0,1,0.4543,0,0.0,1
0.0,0,0,32,32,1983.03,3,0,1,0.6058,0,0.0,0
0.3333,3,1,41,26,1191.46,1,0,1,0.2421,0,24.44,0
0.6667,3,2,37,6,1734.92,2,0,1,0.0462,0,23.68,0
0.0,1,0,53,39,1694.11,2,0,1,0.1966,0,0.0,0
0.0,1,0,4,4,3429.88,5,0,1,0.4449,0,0.0,0
0.3333,3,1,59,25,2446.45,4,0,1,0.1796,0,10.36,0
1.0,1,1,8,8,2886.6,3,0,1,0.2659,0,20.14,0
0.0,2,0,6,6,1965.01,4,1,3,0.489,0,0.0,0
0.0,0,0,53,53,1519.86,2,1,2,0.2462,0,0.0,1
0.3333,3,1,11,11,2746.78,3,0,1,0.5205,1,24.97,0
0.5,2,1,32,32,3420.47,2,0,1,0.5063,0,21.37,0
0.0,0,0,26,26,1869.74,2,0,1,0.3171,0,0.0,1
1.0,1,1,42,17,2457.84,1,0,1,0.6133,0,7.99,1
0.0,0,0,30,30,2453.5,3,0,1,0.5694,0,0.0,0
0.0,3,0,32,9,1509.34,2,0,1,0.3131,0,0.0,0
0.6667,3,2,14,14,2812.89,2,0,1,0.4881,0,24.15,0
0.5,2,1,39,33,2456.81,3,0,1,0.2893,1,7.44,0
0.0,2,0,49,23,1758.97,1,0,1,0.2848,0,0.0,1
0.0,0,0,41,41,2076.04,3,0,1,0.4418,0,0.0,0
0.0,1,0,50,30,2889.2,1,0,1,0.2207,0,0.0,0
0.0,2,0,4,4,3948.78,3,0,1,0.2339,0,0.0,0
1.0,1,1,4,4,7433.55,5,1,3,0.5053,0,21.06,1
0.0,3,0,23,8,3078.73,4,1,2,0.4864,0,0.0,1
1.0,1,1,40,7,2745.96,5,0,1,0.1503,1,12.27,0
0.0,0,0,34,34,1024.57,2,1,2,0.3751,0,0.0,0
0.0,1,0,55,10,3166.04,2,0,1,0.2273,0,0.0,0
1.0,1,1,60,59,2253.98,2,0,1,0.169,1,21.06,1
1.0,1,1,8,8,1892.11,4,0,1,0.1741,0,13.07,1
0.6667,3,2,58,24,3944.05,4,0,1,0.2418,1,23.22,0
0.0,3,0,58,4,2284.23,3,0,1,0.4134,0,0.0,0
0.0,0,0,45,45,2617.94,5,0,1,0.2792,0,0.0,0
0.0,0,0,24,24,1888.06,3,1,3,0.4337,0,0.0,0
0.0,0,0,43,43,1635.3,3,1,2,0.2834,0,0.0,0
0.0,1,0,10,10,1723.35,3,0,1,0.256,0,0.0,0
1.0,1,1,26,19,2321.2,2,0,1,0.1233,0,12.09,0
0.0,2,0,17,6,3897.71,5,1,3,0.207,0,0.0,0
0.0,0,0,3,3,1547.76,1,0,1,0.3809,0,0.0,0
0.0,0,0,44,44,2384.3,5,0,1,0.5698,0,0.0,0
0.0,1,0,35,10,1811.1,2,1,2,0.5085,0,0.0,0
0.5,2,1,8,7,2003.26,3,0,1,0.6193,1,8.57,0
0.0,3,0,49,14,1090.27,1,0,1,0.317,0,0.0,0
0.0,0,0,18,18,5208.45,3,0,1,0.0358,0,0.0,0
0.0,0,0,9,9,1992.82,2,0,1,0.1053,0,0.0,0
0.3333,3,1,12,12,4449.31,2,0,1,0.4776,0,7.73,0
0.6667,3,2,20,10,1726.32,2,0,1,0.211,1,6.54,1
1.0,1,1,27,27,2105.21,1,0,1,0.222,0,15.0,0
0.0,1,0,35,19,1226.93,2,0,1,0.2396,0,0.0,1
1.0,1,1,21,21,2156.21,2,0,1,0.1387,0,13.3,0
1.0,3,3,31,21,1038.34,1,0,1,0.5837,0,13.37,0
0.0,0,0,32,32,3635.36,2,1,2,0.2986,0,0.0,1
0.0,2,0,11,10,1648.94,1,0,1,0.1328,0,0.0,0
1.0,1,1,9,9,1185.74,2,0,1,0.2949,1,7.97,0
0.6667,3,2,11,11,1063.45,2,0,1,0.2409,1,20.38,0
0.5,2,1,7,7,1227.67,3,0,1,0.149,1,21.95,0
0.6667,3,2,46,15,1586.54,1,0,1,0.2405,1,24.21,0
0.0,3,0,4,4,1988.44,2,0,1,0.3775,0,0.0,0
0.0,1,0,4,4,5757.8,4,1,3,0.2241,0,0.0,1
0.0,0,0,2,2,889.13,1,0,1,0.3635,0,0.0,0
0.0,0,0,54,54,1322.91,1,0,1,0.1272,0,0.0,0
0.0,1,0,35,20,3808.85,3,1,3,0.2599,0,0.0,1
1.0,2,2,15,15,2848.97,4,1,2,0.5003,0,18.05,1
0.0,1,0,43,36,1554.46,3,1,2,0.5151,0,0.0,0
0.0,0,0,50,50,2641.42,5,0,1,0.1538,0,0.0,1
1.0,3,3,52,14,996.29,1,0,1,0.4725,0,12.61,0
1.0,3,3,8,8,2540.75,3,0,1,0.3072,2,22.15,1
1.0,1,1,15,15,3137.41,3,0,1,0.2074,1,15.28,1
1.0,1,1,47,10,1425.68,1,0,1,0.305,0,21.68,0
0.5,2,1,13,13,1090.83,1,0,1,0.2005,1,19.04,0
0.0,0,0,39,39,1530.56,2,1,2,0.3,0,0.0,0
0.0,1,0,12,12,2712.58,1,0,1,0.45,0,0.0,0
0.3333,3,1,47,33,2703.6,2,0,1,0.4915,0,21.85,1
0.0,0,0,60,60,1306.14,2,0,1,0.1903,0,0.0,0
0.5,2,1,58,20,1883.52,4,1,2,0.2815,1,10.78,0
0.0,0,0,7,7,1556.62,2,0,1,0.132,0,0.0,0
0.5,2,1,57,16,1563.65,1,0,1,0.4738,0,11.91,1
0.0,0,0,35,35,2381.19,3,0,1,0.1791,0,0.0,0
0.0,1,0,45,20,2897.64,3,0,1,0.5911,0,0.0,0
1.0,1,1,28,28,2654.34,3,0,1,0.3483,1,18.1,0
1.0,2,2,15,12,1966.99,2,0,1,0.2588,2,22.15,1
0.0,0,0,47,47,1208.26,1,0,1,0.2819,0,0.0,0
0.0,1,0,32,25,2562.64,2,1,2,0.5886,0,0.0,0
0.0,3,0,48,12,1379.94,2,0,1,0.4386,0,0.0,0
0.0,1,0,10,10,2013.32,2,0,1,0.1079,0,0.0,0
0.5,2,1,49,7,2898.26,4,1,4,0.3734,0,19.83,1
0.3333,3,1,21,21,2741.73,3,1,2,0.3539,0,19.47,0
0.0,1,0,12,12,1968.77,2,0,1,0.5616,0,0.0,0
0.0,0,0,11,11,931.1,1,0,1,0.1393,0,0.0,1
0.0,3,0,15,15,2469.03,4,0,1,0.4572,0,0.0,0
0.5,2,1,56,56,2257.45,4,0,1,0.53,0,24.82,1
0.0,1,0,58,14,3556.43,2,0,1,0.2739,0,0.0,0
0.5,2,1,37,7,1676.51,1,0,1,0.2691,0,19.45,0
0.0,3,0,4,4,2637.42,2,0,1,0.2274,0,0.0,0
0.0,1,0,24,24,2622.04,3,0,1,0.2463,0,0.0,1
1.0,2,2,34,25,2514.29,2,1,2,0.2017,1,8.05,0
0.0,1,0,18,18,2875.02,1,0,1,0.3959,0,0.0,0
1.0,1,1,19,19,3252.77,3,0,1,0.4512,0,12.83,0
0.0,0,0,18,18,3046.78,4,0,1,0.5763,0,0.0,0
0.0,2,0,24,6,2799.38,2,0,1,0.3198,0,0.0,1
1.0,1,1,7,7,2327.66,3,1,3,0.3508,0,17.25,1
0.3333,3,1,58,10,3211.96,2,1,2,0.2695,0,8.48,1
0.0,2,0,6,6,1460.89,1,0,1,0.2139,0,0.0,0
0.0,1,0,20,14,3186.83,3,0,1,0.3367,0,0.0,1
0.0,2,0,44,16,5398.28,4,0,1,0.3067,0,0.0,1
0.0,0,0,46,46,1794.03,1,0,1,0.1688,0,0.0,0
0.0,3,0,46,21,1286.48,1,0,1,0.6309,0,0.0,1
0.0,0,0,3,3,1757.75,4,0,1,0.2389,0,0.0,0
0.0,2,0,58,17,2317.74,2,0,1,0.1779,0,0.0,0
0.0,3,0,3,3,1935.81,2,0,1,0.2869,0,0.0,1
0.0,0,0,12,12,2694.07,2,0,1,0.275,0,0.0,1
0.0,1,0,36,20,1549.67,1,0,1,0.6661,0,0.0,0
0.3889,36,14,716,15,4759.05,6,1,2,0.3637,7,3.02,1
0.875,16,14,472,14,4979.19,5,0,1,0.7295,6,3.12,1
0.6296,27,17,278,8,8557.66,6,1,3,0.6043,8,3.89,1
0.9048,21,19,362,12,3729.78,5,1,3,0.446,8,4.23,1
0.3636,11,4,738,10,4066.64,5,0,1,0.5407,2,3.41,0
0.3,30,9,782,16,4328.88,6,1,2,0.4678,3,3.37,1
0.6087,23,14,584,6,4383.01,4,1,4,0.6999,4,4.02,0
0.5,36,18,251,13,4392.41,4,1,3,0.418,5,4.86,0
0.8333,36,30,100,10,4734.68,6,1,4,0.5742,8,2.6,0
0.75,12,9,699,6,4057.04,6,1,2,0.2789,2,3.18,0
0.8,10,8,107,10,4443.51,2,1,2,0.2795,3,2.81,0
0.6389,36,23,631,8,4705.28,4,1,2,0.6075,6,2.67,1
0.6757,37,25,345,11,7303.29,5,1,2,0.4674,8,2.84,0
0.1364,22,3,523,10,2169.4,2,0,1,0.4917,2,6.44,1
0.8519,27,23,617,12,3409.81,5,0,1,0.5237,8,6.04,0
0.5806,31,18,434,11,5131.92,5,0,1,0.7202,8,3.2,0
0.9722,36,35,567,11,3342.76,4,0,1,0.5124,8,3.87,1
0.7027,37,26,172,13,2670.01,2,1,2,0.6879,8,2.65,1
0.75,20,15,747,11,4193.68,6,0,1,0.4428,8,2.8,1
0.8421,19,16,202,10,6351.3,6,1,4,0.4653,8,5.55,1
0.75,12,9,341,10,1718.65,3,0,1,0.4902,4,5.58,1
0.8182,22,18,187,23,3818.15,3,0,1,0.6132,8,4.66,1
0.7297,37,27,507,7,2784.11,4,1,4,0.3642,8,4.07,1
0.8158,38,31,495,14,4945.08,6,0,1,0.5518,8,4.93,1
0.8,20,16,637,15,1947.47,2,0,1,0.6531,8,3.14,1
0.6111,18,11,712,15,3136.86,4,1,4,0.3035,8,2.22,1
0.75,36,27,359,21,4457.19,3,0,1,0.4576,8,4.12,1
0.8108,37,30,209,13,4083.25,4,1,2,0.75,8,3.01,1
0.3548,31,11,202,10,3876.54,5,1,2,0.7461,6,4.01,1
0.7027,37,26,117,12,4644.23,3,1,3,0.4775,8,2.96,0
0.6296,27,17,679,9,5527.76,4,1,3,0.1794,8,4.85,1
0.6471,34,22,115,10,4627.73,6,1,4,0.5757,8,4.51,1
0.9189,37,34,153,15,9129.37,5,1,3,0.7419,8,3.17,1
0.55,20,11,287,12,3742.77,4,1,2,0.4036,6,2.6,0
0.4,15,6,613,18,2953.53,5,1,2,0.2441,3,3.0,0
0.8333,30,25,738,12,2539.42,5,0,1,0.5774,8,2.58,1
0.5263,38,20,398,16,4545.74,5,1,2,0.2243,8,2.37,1
0.3333,15,5,525,17,2901.96,5,1,2,0.3877,1,3.65,0
0.7,30,21,428,24,9853.32,6,0,1,0.1951,6,3.52,1
0.8857,35,31,381,9,3295.46,6,1,3,0.5942,8,3.06,0
0.4516,31,14,647,25,4180.36,6,0,1,0.3575,5,8.75,0
0.7857,14,11,373,8,4147.75,5,1,3,0.7147,5,6.16,1
0.9,20,18,145,15,2670.46,2,0,1,0.3877,8,3.03,1
0.6579,38,25,558,14,6058.23,6,1,2,0.4965,5,3.04,1
0.7143,14,10,274,16,2994.12,2,0,1,0.5713,8,4.23,0
0.8182,11,9,229,6,3685.36,5,1,4,0.7254,3,6.33,0
0.8065,31,25,289,9,2734.73,2,1,2,0.4804,8,7.17,1
0.7778,36,28,281,12,4667.86,6,1,4,0.421,8,4.73,1
0.7333,30,22,559,3,3703.99,4,1,2,0.547,8,1.62,1
0.3,30,9,191,6,3551.06,2,0,1,0.5874,5,3.41,0
0.5,20,10,132,8,2889.87,4,1,2,0.6346,6,4.08,1
0.5,34,17,471,5,3500.59,3,1,2,0.2728,8,2.51,1
0.5263,38,20,259,11,2982.38,3,0,1,0.5355,8,3.41,1
0.4667,15,7,222,15,6480.74,6,1,3,0.6855,3,3.16,1
0.6757,37,25,323,28,8860.89,4,1,2,0.4259,8,4.61,1
0.5714,14,8,723,28,2011.82,2,0,1,0.2627,3,4.81,0
0.6316,19,12,544,11,2654.78,3,1,2,0.5733,7,2.46,1
0.7778,18,14,693,19,7669.5,5,0,1,0.6781,7,7.15,0
0.1538,13,2,442,13,9433.97,5,0,1,0.4811,2,3.62,0
0.6316,19,12,794,11,2755.71,4,1,4,0.5841,7,1.76,1
0.4333,30,13,173,11,3090.32,2,0,1,0.3637,6,5.38,0
0.5172,29,15,509,22,3095.38,3,1,3,0.3925,6,3.44,1
0.8333,18,15,553,10,2918.03,4,0,1,0.4645,7,3.54,1
0.7857,14,11,534,6,2887.36,4,1,2,0.305,6,3.81,1
0.5758,33,19,457,7,1753.0,3,0,1,0.7464,8,3.51,0
0.5,16,8,650,8,7574.66,6,1,3,0.4869,8,4.76,0
0.775,40,31,295,11,4721.71,3,0,1,0.5278,8,3.25,1
0.4688,32,15,395,8,3540.3,6,1,2,0.6776,8,5.79,0
0.8125,16,13,777,5,4993.37,5,0,1,0.5097,8,5.54,0
1.0,24,24,396,5,5751.54,5,1,2,0.514,8,3.23,0
0.75,20,15,650,38,5839.64,5,1,3,0.5527,8,3.65,1
0.6923,13,9,191,6,4290.41,4,1,2,0.4131,3,2.54,1
0.5263,19,10,184,4,3405.09,4,1,4,0.6942,6,2.78,0
0.5405,37,20,331,6,2638.37,2,1,2,0.2699,7,4.8,0
0.95,40,38,212,17,3953.41,2,1,2,0.9056,8,4.45,1
0.4583,24,11,554,8,3279.68,6,0,1,0.6474,6,1.97,0
0.5294,34,18,404,10,6421.13,5,0,1,0.276,8,8.59,1
0.8966,29,26,504,18,5076.69,4,1,2,0.4537,8,4.03,1
0.7,10,7,335,27,4884.07,5,0,1,0.3211,4,2.19,1
0.4286,14,6,592,16,4446.52,3,1,3,0.6955,1,3.37,1
0.8,20,16,516,9,2139.41,2,1,2,0.4723,8,3.64,1
0.6667,39,26,313,14,4804.09,5,1,2,0.5708,8,4.73,1
0.6667,36,24,604,4,4929.34,2,0,1,0.4717,8,6.67,1
0.6667,18,12,704,8,2055.87,2,0,1,0.5708,5,4.06,0
0.6667,39,26,327,15,2878.05,3,1,3,0.6227,8,3.57,0
0.6579,38,25,341,11,3796.58,5,1,3,0.5016,8,5.93,1
0.8205,39,32,146,17,5133.15,6,1,4,0.4349,8,5.65,1
0.7,20,14,634,9,7136.96,4,0,1,0.6916,3,4.88,1
0.5,16,8,731,15,4891.51,6,0,1,0.4406,3,2.66,0
0.5946,37,22,661,7,3073.12,3,1,2,0.6711,8,3.44,1
0.5,24,12,687,8,2784.25,2,0,1,0.5785,5,6.48,0
0.2941,17,5,683,20,5410.95,6,0,1,0.8049,4,3.72,0
0.5,12,6,365,8,6651.57,3,1,3,0.4647,4,5.85,1
0.3214,28,9,680,16,5859.16,6,0,1,0.3628,7,2.73,0
0.35,20,7,174,11,3421.72,3,1,3,0.6633,5,2.95,1
0.76,25,19,506,12,4719.87,6,1,2,0.6064,8,4.02,1
0.3333,24,8,704,16,7282.62,6,0,1,0.7469,2,2.88,0
0.9091,22,20,297,9,2795.19,4,1,4,0.4552,8,5.2,1
0.9,20,18,551,7,5494.42,4,1,4,0.4892,8,4.08,1
0.2727,11,3,449,3,7310.5,6,0,1,0.5172,1,7.68,0
0.875,32,28,156,4,3437.16,6,0,1,0.6494,8,2.47,1
0.6857,35,24,233,5,3914.45,3,0,1,0.4797,7,2.07,1
0.7931,29,23,715,8,3567.15,3,0,1,0.5832,8,5.38,1
0.5,10,5,241,13,3641.63,4,1,3,0.2766,3,2.03,1
0.6154,13,8,596,10,6273.01,5,0,1,0.7864,5,3.03,0
0.5,16,8,477,11,2551.6,4,0,1,0.5099,5,5.01,1
0.9091,22,20,337,6,3517.71,4,0,1,0.3931,8,4.6,0
0.8462,39,33,792,13,4011.52,5,1,2,0.7742,8,4.17,1
0.875,40,35,320,8,4193.83,4,0,1,0.7405,8,4.58,1
0.913,23,21,370,11,6820.37,5,1,4,0.4915,8,4.28,1
0.7241,29,21,778,15,3513.87,3,1,3,0.5642,8,4.79,1
0.4615,13,6,488,13,4816.42,4,0,1,0.6062,3,3.04,1
0.8929,28,25,236,6,4748.39,5,1,2,0.4965,8,2.68,1
0.6129,31,19,701,25,2769.8,4,1,4,0.6699,5,3.35,1
0.9231,13,12,642,8,10359.81,6,0,1,0.2293,7,5.8,1
0.65,20,13,156,6,4431.47,4,0,1,0.3743,6,3.73,0
0.5862,29,17,328,11,3063.67,3,1,2,0.6192,8,6.26,1
0.7667,30,23,318,14,2783.93,2,0,1,0.6944,8,4.05,1
0.1333,30,4,540,9,5397.96,5,0,1,0.3865,1,2.54,0
0.6667,12,8,540,8,3908.12,3,0,1,0.3329,4,4.88,0
0.6471,17,11,716,14,5712.07,6,1,3,0.6339,7,4.65,1
0.7241,29,21,751,5,3671.04,4,0,1,0.3276,8,1.52,1
0.6111,36,22,294,8,3001.34,3,1,3,0.5975,8,6.28,1
0.7368,38,28,294,11,8787.31,6,0,1,0.5436,8,6.47,1
0.5,40,20,131,6,3976.44,3,0,1,0.7691,8,3.85,1
0.9333,15,14,687,6,3589.1,4,1,3,0.6532,8,3.85,1
0.825,40,33,176,14,2257.59,5,0,1,0.4953,8,4.15,1
0.5417,24,13,179,33,3933.13,5,1,3,0.673,6,5.98,1
0.6111,36,22,711,11,3404.9,4,1,3,0.3887,8,3.29,1
0.55,40,22,341,12,11717.68,6,0,1,0.4786,8,3.32,0
0.9189,37,34,619,12,1839.42,5,1,4,0.3939,8,3.56,1
0.8485,33,28,481,6,3253.46,5,0,1,0.4952,8,2.4,0
0.8182,11,9,475,12,5139.78,4,1,2,0.4317,5,2.62,1
0.625,24,15,103,7,3283.71,5,0,1,0.5476,7,3.5,1
0.7647,34,26,675,4,2836.02,4,1,3,0.6954,8,2.9,1
0.7,10,7,631,7,2279.02,3,1,2,0.4405,2,6.04,1
0.6667,12,8,378,17,2413.1,3,1,3,0.5012,4,2.2,1
0.9375,16,15,293,6,3123.79,5,0,1,0.6489,5,3.21,1
0.7059,17,12,755,16,2395.52,3,1,2,0.7185,7,5.5,1
0.5,12,6,420,28,5983.98,5,1,4,0.3832,4,3.4,0
0.7188,32,23,394,12,10308.01,5,1,2,0.4678,8,1.95,1
0.5417,24,13,429,15,2998.33,5,1,2,0.7344,4,3.23,1
0.5294,34,18,409,9,5418.67,4,1,4,0.4213,8,2.7,1
0.7333,15,11,784,11,4292.4,6,0,1,0.7128,8,2.21,1
0.7778,18,14,751,10,2403.71,2,0,1,0.1465,5,4.48,0
0.6667,15,10,700,19,7415.84,4,1,4,0.5887,2,4.39,0
0.6176,34,21,122,4,4027.06,3,0,1,0.27,8,5.6,1
0.7333,30,22,106,5,3248.23,5,1,4,0.5625,7,3.11,1
0.4872,39,19,701,22,6409.4,4,0,1,0.7501,7,3.37,1
0.28,25,7,722,8,2800.09,2,0,1,0.7549,4,4.46,1
0.6818,22,15,470,19,7900.77,5,0,1,0.3751,8,3.57,1
0.5625,16,9,422,22,9260.64,6,1,2,0.5768,8,2.36,1
0.5,18,9,497,14,6457.15,5,1,2,0.4046,6,3.19,1
0.7273,11,8,174,7,4573.93,3,0,1,0.5548,4,4.33,1
0.7568,37,28,356,10,3729.88,3,1,2,0.6325,8,3.92,1
0.8182,11,9,662,8,4859.46,3,0,1,0.3464,5,2.98,0
0.7692,13,10,513,6,2613.55,3,1,3,0.5654,6,2.09,0
0.8485,33,28,642,10,5062.36,4,1,3,0.4191,8,3.47,1
0.5526,38,21,573,22,3538.39,2,0,1,0.7017,8,3.1,1
0.6571,35,23,268,14,3022.86,4,1,2,0.1876,8,3.38,0
0.525,40,21,146,6,3112.38,3,0,1,0.6221,8,2.78,1
0.6667,39,26,384,6,4331.19,4,1,3,0.6383,8,6.49,1
0.6923,13,9,707,3,2368.95,3,0,1,0.6695,5,2.98,1
0.75,20,15,286,16,3086.4,4,0,1,0.5967,6,2.2,0
0.6923,26,18,398,5,3967.49,6,1,2,0.2754,8,2.96,1
0.8333,30,25,729,13,4872.57,6,1,2,0.2893,8,4.28,1
0.6333,30,19,256,16,1384.11,2,0,1,0.4537,8,3.54,1
0.7143,35,25,581,8,2918.02,4,0,1,0.576,8,6.1,0
0.8462,13,11,240,8,3346.16,3,1,3,0.3744,7,4.65,1
0.5789,38,22,531,14,2691.43,2,0,1,0.805,8,6.22,1
0.7576,33,25,342,4,7207.79,6,1,3,0.6559,6,2.87,1
0.6154,13,8,473,11,5001.9,4,0,1,0.4017,4,5.61,0
0.4242,33,14,390,16,1637.41,2,0,1,0.1904,5,3.13,0
0.675,40,27,160,19,3949.17,6,0,1,0.5471,8,5.8,1
0.5789,19,11,457,12,4719.43,4,0,1,0.6449,2,2.54,1
0.7857,28,22,250,14,6648.9,6,1,3,0.6559,8,2.46,0
0.3636,11,4,496,21,4066.49,5,0,1,0.3389,3,4.22,0
0.96,25,24,250,4,2053.95,3,1,3,0.5829,8,8.6,1
0.6364,11,7,295,5,5065.51,5,0,1,0.51,4,3.24,1
0.7143,14,10,242,18,3202.82,3,1,2,0.4128,7,2.84,1
0.5625,32,18,605,17,3818.08,5,1,2,0.2545,7,6.01,1
0.7059,34,24,123,17,3233.14,3,1,3,0.4642,8,5.57,1
0.4,35,14,475,8,3616.08,4,1,4,0.5507,7,4.2,1
0.7692,13,10,212,7,4570.68,5,0,1,0.7758,8,3.23,1
0.6667,12,8,100,17,3117.98,6,1,2,0.4443,4,3.21,1
0.6944,36,25,563,6,3046.49,3,0,1,0.5303,8,1.74,1
0.7027,37,26,226,7,3839.82,5,0,1,0.3177,8,4.51,0
0.4545,11,5,370,12,4934.73,4,1,3,0.3945,5,4.58,0
0.8235,17,14,250,6,5782.43,4,1,4,0.3832,6,4.85,1
0.5455,22,12,496,9,3664.21,6,0,1,0.633,7,2.32,1
0.95,20,19,610,9,5310.87,4,1,3,0.3813,6,6.16,1
0.6471,34,22,714,18,4065.24,6,0,1,0.2132,8,1.87,0
0.4074,27,11,731,11,2501.4,4,1,3,0.6268,3,4.8,0
0.375,24,9,566,8,2344.76,3,0,1,0.5156,7,5.31,0
0.6757,37,25,541,7,2608.76,2,0,1,0.5941,8,2.36,1
0.7368,19,14,363,16,4933.22,5,0,1,0.415,5,4.13,1
0.7667,30,23,676,12,4307.31,5,1,2,0.3649,8,5.37,1
0.6296,27,17,263,5,5227.82,6,1,2,0.5071,8,4.88,1
0.3793,29,11,661,9,3834.78,6,1,2,0.3207,6,3.71,0
0.5,24,12,159,9,6894.04,6,1,3,0.4617,7,5.79,1
0.7576,33,25,171,7,5441.07,3,0,1,0.5382,8,3.97,0
0.6538,26,17,618,23,2872.34,5,0,1,0.7525,6,4.98,0
0.7188,32,23,773,5,5602.14,4,1,2,0.4316,8,4.55,1
0.6522,23,15,637,14,7127.98,5,1,3,0.4824,3,4.19,0
0.3,40,12,343,4,4388.34,4,1,2,0.7597,1,4.28,1
0.6,30,18,314,10,2570.68,3,1,3,0.6733,8,5.73,1
0.8636,22,19,388,6,4456.67,6,0,1,0.4906,8,3.54,1
0.6471,34,22,336,13,10466.44,6,1,4,0.4704,8,6.26,1
0.7586,29,22,181,10,2355.64,3,1,3,0.6931,8,3.25,1
0.5517,29,16,154,13,3983.3,3,1,3,0.3906,8,2.91,1
0.6667,33,22,293,8,5630.09,6,0,1,0.3796,8,3.28,1
0.7059,17,12,326,10,2725.95,5,1,3,0.612,7,4.47,1
0.6923,26,18,790,10,3745.55,4,1,4,0.4667,8,1.35,1
0.92,25,23,285,14,7748.71,6,1,2,0.2448,7,6.56,1
0.4,30,12,130,16,4153.58,6,1,3,0.4109,5,3.66,1
0.5556,18,10,666,8,3007.51,5,1,3,0.3894,7,2.87,1
0.8462,39,33,592,18,3836.36,4,1,4,0.5413,8,1.54,1
0.75,12,9,240,31,3005.83,3,1,3,0.4487,6,5.25,1
0.8,20,16,573,15,2898.59,3,1,3,0.3775,7,3.6,0
0.3889,18,7,746,22,2570.72,3,1,3,0.4379,4,3.3,0
0.6923,26,18,135,6,1759.86,2,0,1,0.3001,6,6.1,1
0.6,30,18,508,11,5023.02,5,1,2,0.2466,8,5.02,1
0.68,25,17,436,16,9501.91,4,1,2,0.5516,7,3.66,1
0.6154,13,8,218,5,3246.67,3,1,3,0.366,6,4.14,1
0.875,24,21,433,7,6321.49,5,0,1,0.5069,6,2.78,1
0.6364,11,7,365,8,3350.85,3,1,3,0.5492,6,4.87,0
0.68,25,17,363,4,4174.77,6,1,3,0.4822,6,4.37,0
0.5556,36,20,249,14,4323.92,6,1,2,0.2056,8,3.0,1
0.6,30,18,238,5,2984.12,4,1,2,0.5298,8,3.14,1
0.5405,37,20,438,15,4568.52,4,1,3,0.2218,7,3.98,0
0.55,20,11,211,11,7115.13,6,0,1,0.3544,4,4.64,0
0.8182,11,9,667,5,3096.05,4,1,4,0.5774,6,1.64,1
0.6,30,18,189,20,1882.37,3,0,1,0.6339,7,3.16,0
0.5385,13,7,646,12,3503.54,3,1,3,0.2311,2,3.24,1
0.4286,14,6,202,12,13133.02,6,1,2,0.6076,6,4.14,1
0.4872,39,19,385,13,2732.86,3,0,1,0.6014,8,3.14,1
0.9375,32,30,462,8,3005.69,2,0,1,0.6232,8,2.88,0
0.8636,22,19,657,13,3650.0,5,1,2,0.455,7,3.3,1
0.625,24,15,215,6,8698.19,5,1,3,0.459,5,3.81,1
0.8333,30,25,714,15,15067.65,5,1,3,0.2321,8,5.4,1
0.6053,38,23,765,11,3493.57,4,1,2,0.5485,8,3.96,1
0.3889,36,14,189,11,3371.09,4,1,4,0.544,5,4.16,1
0.5,10,5,493,5,1607.01,3,1,3,0.4888,3,5.38,1
0.8889,27,24,608,11,4204.12,3,0,1,0.4766,8,5.42,0
0.6,25,15,799,7,4591.81,5,0,1,0.5532,5,3.73,1
0.5484,31,17,342,17,2656.3,2,1,2,0.6053,7,4.31,1
0.7941,34,27,635,8,2902.04,3,0,1,0.2281,8,2.82,1
0.4074,27,11,582,5,4618.74,3,0,1,0.3624,5,3.9,0
0.8571,35,30,350,6,3840.28,3,1,3,0.4063,8,3.55,1
0.75,36,27,424,23,2439.73,3,1,3,0.6641,8,2.6,0
0.6452,31,20,207,8,3061.63,3,1,2,0.3358,6,2.64,1
0.5556,36,20,367,6,7551.22,4,1,4,0.4582,8,4.43,1
0.7188,32,23,370,11,4235.89,4,1,3,0.3288,6,3.23,1
0.6364,33,21,507,21,7344.76,6,1,3,0.4465,5,2.5,1
0.75,12,9,770,9,2327.29,3,1,3,0.4569,4,4.13,1
0.5714,35,20,124,11,4442.83,5,0,1,0.3172,4,2.8,0
0.8182,11,9,615,6,2538.8,2,0,1,0.6528,5,3.82,0
0.9,10,9,680,6,5044.66,5,1,4,0.3869,4,4.0,0
0.3636,22,8,483,6,2125.85,3,0,1,0.463,6,6.81,0
0.4762,21,10,603,14,4888.92,2,0,1,0.4018,8,8.0,1
0.8333,36,30,469,17,3697.21,4,1,3,0.5112,8,6.44,1
0.4444,18,8,367,12,1967.23,3,0,1,0.5196,3,2.65,0
0.4722,36,17,360,17,8833.23,6,1,4,0.5733,8,3.55,1
0.9118,34,31,261,14,5027.24,4,1,3,0.242,8,4.15,1
0.7143,28,20,328,12,4123.92,4,1,2,0.5894,8,3.95,0
0.9412,17,16,247,5,4671.98,4,0,1,0.6596,5,2.35,1
0.8636,22,19,600,10,2588.22,3,1,3,0.7735,8,2.25,1
0.6667,12,8,178,11,5448.69,5,0,1,0.545,7,2.09,0
0.4865,37,18,535,5,5974.49,3,1,3,0.4394,3,5.97,1
0.8333,24,20,336,12,4040.71,4,1,4,0.5095,8,3.73,0
0.8125,16,13,379,11,5557.38,6,1,2,0.5758,8,2.55,1
0.6944,36,25,724,14,4794.53,6,1,4,0.3256,8,3.63,1
0.6538,26,17,118,9,3370.48,3,0,1,0.4683,7,3.49,0
0.8,10,8,484,12,9144.34,6,1,4,0.6456,3,2.87,1
0.7105,38,27,429,12,6707.28,5,0,1,0.5133,8,5.7,0
0.5946,37,22,580,5,6755.9,3,0,1,0.4371,8,2.65,1
0.8718,39,34,529,23,3223.14,4,1,4,0.4936,8,3.37,1
0.4615,13,6,116,11,2546.07,2,0,1,0.4829,3,4.72,1
0.2,20,4,267,19,3634.39,6,0,1,0.1357,1,3.01,0
0.7,10,7,563,4,2845.67,3,0,1,0.5163,4,4.42,0
0.6061,33,20,621,3,4691.56,4,1,3,0.5981,8,3.05,0
0.7647,17,13,745,8,2393.82,3,1,3,0.6001,4,4.97,1
0.8276,29,24,287,8,3846.23,3,1,2,0.5038,8,3.16,0
0.8378,37,31,202,9,4105.81,5,0,1,0.4241,8,3.48,1
0.8182,22,18,354,9,3426.71,3,1,2,0.573,8,6.19,1
0.6552,29,19,429,5,4332.37,5,1,3,0.5407,8,4.23,1
0.6923,13,9,439,3,5825.65,4,1,4,0.6731,3,2.2,1
0.5333,15,8,389,9,4364.95,3,1,3,0.5053,1,3.09,1
0.4483,29,13,771,8,2996.19,4,1,4,0.7007,8,4.14,1
0.697,33,23,333,7,2328.2,2,0,1,0.8359,8,3.92,1
0.7097,31,22,256,18,3708.15,5,1,3,0.6384,8,2.54,1
0.5556,36,20,726,6,2858.25,4,1,2,0.3699,8,4.59,0
0.4,10,4,240,9,4187.29,5,0,1,0.7475,2,3.46,1
0.575,40,23,354,18,5402.02,6,1,2,0.7037,8,4.28,1
0.25,16,4,607,12,4679.06,4,0,1,0.5064,3,2.78,0
0.6,20,12,270,8,3332.32,2,0,1,0.5366,5,4.67,0
0.8108,37,30,506,7,6844.46,6,1,2,0.7337,8,2.9,0
0.9333,15,14,580,9,4521.46,3,0,1,0.5073,5,4.48,1
0.7857,28,22,684,15,11145.82,4,0,1,0.2027,8,4.18,1
0.4231,26,11,204,12,3449.0,4,1,4,0.2744,7,3.94,1
0.0,4,0,797,23,2109.06,1,0,1,0.1241,0,0.0,0
0.1667,30,5,666,25,1923.43,2,1,2,0.0156,0,11.14,1
0.0,16,0,256,31,2356.88,1,0,1,0.2273,0,0.0,0
0.1429,7,1,650,23,1324.51,2,0,1,0.1087,0,27.42,1
0.4615,13,6,720,13,2070.36,2,0,1,0.3917,1,17.17,1
0.4,5,2,412,16,1390.74,1,0,1,0.0919,0,13.51,0
0.5,14,7,793,21,2040.81,1,0,1,0.035,1,12.79,0
0.0667,15,1,298,49,1850.92,1,0,1,0.2188,0,12.91,0
0.0,15,0,840,16,2617.04,2,0,1,0.0905,0,0.0,0
0.1,20,2,323,12,1110.0,1,0,1,0.0145,1,22.16,0
0.0588,17,1,301,24,1149.55,1,0,1,0.2737,0,23.83,0
0.0769,13,1,771,18,1972.3,1,0,1,0.095,0,19.62,0
0.0,9,0,798,50,2625.94,2,0,1,0.384,0,0.0,0
0.0,11,0,455,24,2493.28,2,1,2,0.1347,0,0.0,0
0.1667,12,2,515,26,2390.94,1,0,1,0.1585,0,12.75,1
0.25,8,2,496,16,1748.53,1,0,1,0.2025,0,31.62,0
0.0,9,0,227,26,2800.35,2,0,1,0.1601,0,0.0,0
0.4286,7,3,757,15,2446.74,1,0,1,0.0889,1,32.06,0
0.3,10,3,751,16,1540.21,1,0,1,0.2599,0,20.98,0
0.0,14,0,251,21,3120.95,1,0,1,0.3262,0,0.0,0
0.0,10,0,463,22,1509.5,1,0,1,0.0702,0,0.0,0
0.1765,17,3,786,35,951.06,1,0,1,0.1382,0,12.65,0
0.0,28,0,429,10,2215.09,2,0,1,0.3102,0,0.0,0
0.0,38,0,521,21,2171.06,2,0,1,0.1989,0,0.0,0
0.122,41,5,358,20,1923.73,3,0,1,0.1839,0,20.23,1
0.2143,42,9,974,17,1233.79,1,0,1,0.2947,0,8.96,0
0.375,8,3,490,26,1505.09,1,0,1,0.0705,0,20.63,0
0.0,7,0,261,43,2228.72,1,0,1,0.0766,0,0.0,0
0.0,13,0,832,38,1076.23,1,0,1,0.1272,0,0.0,0
0.0588,17,1,377,13,2455.0,3,0,1,0.1678,0,28.26,1
0.0,14,0,411,21,1487.89,1,0,1,0.0835,0,0.0,0
0.2333,30,7,828,33,1458.19,1,0,1,0.2422,2,15.8,0
0.6875,16,11,588,38,1102.72,1,0,1,0.017,3,14.96,1
0.1333,15,2,405,23,1933.13,2,1,2,0.1011,0,36.96,0
0.125,16,2,703,29,2717.65,1,0,1,0.0992,0,13.66,0
0.375,8,3,863,26,2345.48,3,1,3,0.279,1,15.88,0
0.1,10,1,989,25,1564.99,2,0,1,0.0675,0,46.33,0
0.0,13,0,503,49,1421.7,1,0,1,0.1938,0,0.0,0
0.1034,29,3,393,18,1465.55,2,0,1,0.1528,0,24.08,0
0.1111,9,1,715,34,2307.65,2,0,1,0.248,0,8.63,0
0.05,20,1,956,50,2510.06,3,0,1,0.3242,0,12.63,0
0.2,10,2,988,9,1250.63,2,1,2,0.2382,0,14.46,0
0.0,11,0,505,36,2557.11,2,0,1,0.2572,0,0.0,0
0.4286,14,6,637,53,922.08,1,0,1,0.1277,1,10.47,1
0.4118,17,7,706,19,3132.17,2,0,1,0.2048,2,15.44,0
0.1,10,1,782,39,1004.85,1,0,1,0.2311,0,18.29,1
0.1,10,1,784,24,1519.08,2,0,1,0.1435,0,15.43,1
0.0,12,0,979,25,2525.79,2,0,1,0.1413,0,0.0,1
0.087,23,2,368,20,1648.89,1,0,1,0.2119,0,22.33,0
0.1667,12,2,918,44,1114.7,2,0,1,0.1154,0,17.54,0
0.4286,21,9,322,8,1977.84,1,0,1,0.2585,0,9.69,0
0.125,8,1,449,18,2711.7,1,0,1,0.0116,0,33.41,0
0.0909,11,1,221,29,2570.36,2,0,1,0.0224,0,45.34,0
0.3333,6,2,200,10,1518.04,3,0,1,0.0457,0,20.56,1
0.0769,13,1,485,19,1844.12,1,0,1,0.1092,1,39.43,0
0.0,12,0,757,22,1959.06,1,0,1,0.0371,0,0.0,0
0.2,10,2,780,25,2397.79,2,0,1,0.2997,0,22.59,1
0.0833,12,1,532,28,1872.7,2,0,1,0.0861,0,28.0,0
0.1667,12,2,707,11,1796.67,1,0,1,0.2361,0,26.36,0
0.1429,7,1,560,45,3165.96,2,1,2,0.2089,0,20.53,0
0.6154,13,8,554,44,2019.29,1,0,1,0.2019,1,15.16,0
0.0833,24,2,529,16,3619.55,2,0,1,0.1919,1,11.46,0
0.2222,18,4,635,6,1340.95,2,0,1,0.36,0,11.09,0
0.125,8,1,268,13,1600.34,2,0,1,0.1468,0,15.57,0
0.0,18,0,278,24,2845.63,2,1,2,0.1125,0,0.0,0
0.6957,23,16,730,12,4540.46,3,0,1,0.1119,3,17.33,0
0.3846,13,5,522,33,1837.77,2,1,2,0.0891,0,36.99,0
0.5333,15,8,943,26,3300.48,2,0,1,0.1084,1,23.58,0
0.0,15,0,849,18,3637.59,2,0,1,0.2816,0,0.0,0
0.0,24,0,620,16,2663.76,2,0,1,0.0838,0,0.0,0
0.2727,11,3,976,37,2120.49,2,0,1,0.1624,1,22.74,0
0.0,16,0,879,34,1200.95,1,0,1,0.2509,0,0.0,0
0.15,60,9,953,25,2084.85,2,1,2,0.1008,1,18.95,0
0.0,14,0,278,21,2092.72,2,0,1,0.2552,0,0.0,0
0.1053,19,2,318,26,1406.25,2,0,1,0.3402,1,23.17,0
0.5,10,5,774,17,924.2,1,0,1,0.1997,0,36.37,0
0.3,20,6,765,20,876.57,1,0,1,0.1042,2,18.77,0
0.1429,7,1,526,22,1371.68,1,0,1,0.2998,0,27.09,0
0.2609,23,6,876,12,1408.18,1,0,1,0.1143,1,16.2,0
0.3,10,3,977,17,2341.69,2,0,1,0.2161,1,6.73,0
0.125,8,1,881,24,1895.69,1,0,1,0.3388,0,27.73,0
0.1429,7,1,499,21,2067.39,2,0,1,0.2459,0,13.73,0
0.2667,15,4,212,23,2337.39,1,0,1,0.2153,1,22.02,0
0.2778,18,5,843,32,3095.11,3,0,1,0.2874,0,30.9,0
0.2,5,1,916,40,1258.77,2,1,2,0.1715,0,24.1,0
0.5,6,3,672,28,1596.67,1,0,1,0.1463,0,19.95,0
0.1818,11,2,666,11,1486.57,1,0,1,0.2071,0,41.27,0
0.0476,21,1,593,39,1714.03,1,0,1,0.0481,0,22.92,0
0.4138,29,12,761,22,1915.52,1,0,1,0.1363,2,14.55,0
0.0,14,0,508,22,3466.15,2,0,1,0.1244,0,0.0,0
0.0,15,0,388,24,1645.78,2,0,1,0.0509,0,0.0,0
0.1111,18,2,810,18,868.83,2,0,1,0.3253,0,11.79,1
0.1667,6,1,654,13,1651.07,1,0,1,0.0963,0,21.9,0
0.1111,9,1,452,25,2545.65,2,1,2,0.2109,1,12.69,0
0.0833,12,1,547,20,2972.34,3,1,3,0.0597,1,10.65,0
0.1667,18,3,931,49,1347.61,2,0,1,0.1137,0,11.66,0
0.0,13,0,741,26,1168.44,1,0,1,0.2942,0,0.0,0
0.0,11,0,665,27,1912.15,1,0,1,0.0416,0,0.0,0
0.1429,21,3,304,16,2420.04,1,0,1,0.1457,0,14.86,0
0.4118,17,7,737,22,1912.19,2,0,1,0.0418,1,41.45,0
0.1875,16,3,203,17,2986.04,2,0,1,0.0961,0,7.82,0
0.4,5,2,472,14,1995.81,2,0,1,0.1058,0,18.77,0
0.2727,11,3,558,32,1114.48,1,0,1,0.1482,0,12.58,0
0.1818,11,2,948,20,2854.96,1,0,1,0.0835,1,12.97,0
0.625,8,5,395,50,2113.91,2,0,1,0.0981,0,23.1,0
0.0,6,0,838,48,3023.12,2,0,1,0.1393,0,0.0,0
0.1429,7,1,969,11,1470.67,1,0,1,0.106,0,27.67,0
0.1,10,1,362,24,856.66,1,0,1,0.1265,0,17.22,0
0.0714,14,1,996,33,2195.24,3,0,1,0.2032,0,9.99,0
0.0345,29,1,683,29,1900.82,1,0,1,0.1925,0,16.45,0
0.2857,14,4,390,12,2399.58,2,0,1,0.152,0,6.35,0
0.0526,19,1,515,27,857.7,1,0,1,0.1426,0,23.64,0
0.25,16,4,443,8,1366.77,2,0,1,0.1321,0,7.8,0
0.125,8,1,664,19,793.71,1,0,1,0.0748,0,13.29,0
0.1818,11,2,568,14,2495.94,2,0,1,0.2107,1,15.1,0
0.3333,9,3,553,50,2382.95,2,0,1,0.2493,0,13.86,0
0.2,15,3,882,37,2818.38,2,0,1,0.18,0,17.34,0
0.0667,15,1,858,13,1815.15,3,0,1,0.3133,0,22.36,0
0.1111,18,2,922,13,1794.02,1,0,1,0.0752,1,23.43,0
0.0714,14,1,895,18,1237.85,1,0,1,0.2892,0,15.31,0
0.2222,9,2,528,51,2552.2,2,0,1,0.0477,0,4.72,0
0.0833,12,1,827,13,3032.02,1,0,1,0.1237,0,11.52,1
0.0667,15,1,191,18,3080.82,1,0,1,0.2813,0,24.81,0
0.3,10,3,853,20,2150.52,2,0,1,0.1249,0,19.41,0
0.1111,9,1,821,26,1588.17,1,0,1,0.2183,0,18.78,0
0.4615,13,6,480,34,1543.58,1,0,1,0.1349,0,28.69,0
0.4,10,4,528,26,2522.72,2,1,2,0.1451,0,21.01,0
0.2727,11,3,546,25,2581.16,2,0,1,0.1163,2,16.03,1
0.0,13,0,199,31,1762.3,1,0,1,0.1494,0,0.0,0
0.125,8,1,268,14,1091.07,2,0,1,0.2161,0,10.84,0
0.75,4,3,895,23,965.17,1,0,1,0.3159,1,24.35,1
0.0,18,0,352,33,771.07,1,0,1,0.008,0,0.0,0
0.0526,19,1,247,15,3908.09,3,1,3,0.0305,0,15.78,0
0.1667,6,1,561,18,2650.49,1,0,1,0.1655,0,18.97,0
0.25,8,2,189,29,2040.18,3,0,1,0.1185,0,13.78,0
0.2,5,1,557,18,2520.11,1,0,1,0.0255,1,17.37,0
0.0,9,0,653,22,957.56,2,0,1,0.1169,0,0.0,0
0.1111,9,1,832,41,1355.2,2,0,1,0.058,0,16.21,0
0.2941,17,5,413,10,1858.58,1,0,1,0.0374,0,32.91,0
0.25,20,5,631,18,1397.46,1,0,1,0.1487,0,10.66,1
0.25,20,5,211,8,1004.69,1,0,1,0.0667,0,38.0,0
0.0,18,0,637,15,1445.29,1,0,1,0.333,0,0.0,0
0.3333,9,3,821,11,1145.99,1,0,1,0.1306,1,4.64,0
0.4167,12,5,386,28,2876.04,3,1,3,0.0806,0,24.11,1
0.2,5,1,352,45,2212.46,2,0,1,0.1468,0,16.19,0
0.1304,23,3,269,19,2638.01,2,1,2,0.1113,2,33.53,0
0.2,5,1,851,29,1366.39,1,0,1,0.1168,0,22.96,0
0.1429,35,5,253,21,1047.48,1,0,1,0.4086,0,12.5,0
0.0,6,0,933,19,1168.83,1,0,1,0.1593,0,0.0,0
0.0833,12,1,385,33,1307.73,1,0,1,0.1245,0,14.35,0
0.1538,13,2,264,14,1993.46,1,0,1,0.2513,0,22.13,0
0.0,6,0,207,12,1444.16,1,0,1,0.0755,0,0.0,0
0.0,5,0,328,11,888.91,1,0,1,0.1513,0,0.0,0
0.25,8,2,274,17,2336.97,3,0,1,0.113,1,16.44,0
0.0,8,0,582,27,2090.35,3,1,2,0.0242,0,0.0,0
0.1667,6,1,951,48,1344.15,1,0,1,0.2744,0,14.47,0
0.3056,36,11,626,19,1063.83,1,0,1,0.1902,1,28.92,0
0.2667,15,4,424,31,978.89,1,0,1,0.3063,1,21.43,0
0.0,5,0,253,35,3961.12,3,1,2,0.0304,0,0.0,1
0.0714,14,1,427,16,2892.82,2,0,1,0.268,0,12.54,0
0.1111,9,1,770,14,1367.04,1,0,1,0.1564,0,26.96,0
0.3571,14,5,445,13,1596.81,1,0,1,0.0944,1,20.04,0
0.0952,21,2,345,20,2827.13,3,0,1,0.1921,0,31.53,0
0.0,8,0,915,30,2315.53,2,0,1,0.1441,0,0.0,0
0.3077,13,4,477,23,1589.14,1,0,1,0.1576,0,16.24,0
0.0909,11,1,577,10,2145.94,2,0,1,0.1132,0,24.32,0
0.2727,11,3,404,17,1585.0,1,0,1,0.2607,0,25.1,1
0.1333,15,2,436,22,1556.01,1,0,1,0.1161,0,31.61,0
0.28,25,7,814,13,1071.86,1,0,1,0.1574,1,27.23,0
0.0,26,0,245,38,1586.49,2,0,1,0.0141,0,0.0,0
0.0645,31,2,877,17,1663.38,2,0,1,0.3072,1,21.41,0
0.1111,18,2,899,29,1540.2,1,0,1,0.094,1,27.72,0
0.0,11,0,645,21,1906.65,1,0,1,0.1539,0,0.0,0
0.1481,27,4,258,19,2735.0,2,0,1,0.085,0,10.04,1
0.0,5,0,766,20,1711.15,1,0,1,0.1026,0,0.0,0
0.1667,12,2,838,30,1413.72,1,0,1,0.2746,0,17.53,0
0.1739,23,4,263,7,1843.94,2,0,1,0.3574,1,12.38,0
0.0,7,0,862,31,3284.54,3,0,1,0.1996,0,0.0,0
0.16,50,8,583,23,1755.81,2,1,2,0.1227,1,17.86,0
0.2609,23,6,381,20,1839.75,2,0,1,0.2545,0,30.2,0
0.0,8,0,332,30,1378.65,2,0,1,0.1818,0,0.0,0
0.0588,17,1,885,11,3927.63,3,1,2,0.1672,0,11.76,0
0.1429,14,2,645,12,2521.85,3,0,1,0.1436,0,11.24,1
0.5,6,3,181,23,2252.07,2,0,1,0.185,1,15.41,0
0.0,16,0,513,42,1138.77,1,0,1,0.1177,0,0.0,0
0.0,9,0,715,17,1026.02,1,0,1,0.0745,0,0.0,0
0.1818,22,4,605,18,2471.35,3,0,1,0.1364,1,39.16,0
0.1714,35,6,992,18,1542.76,1,0,1,0.2042,0,11.65,0
0.0714,14,1,848,14,3577.35,3,0,1,0.3459,0,17.09,0
0.0,14,0,927,48,1596.0,1,0,1,0.1199,0,0.0,0
0.0556,18,1,549,38,1088.58,2,1,2,0.2482,0,11.91,0
0.1,10,1,222,18,969.42,1,0,1,0.2506,0,7.78,1
0.0,4,0,442,22,2137.01,1,0,1,0.2535,0,0.0,0
0.1,10,1,813,37,3241.72,2,0,1,0.2566,0,18.92,0
0.2308,13,3,993,24,1971.45,1,0,1,0.0848,0,13.72,0
0.0,6,0,467,32,1555.03,1,0,1,0.1199,0,0.0,0
0.0556,18,1,934,14,1206.42,2,0,1,0.2558,0,5.72,1
0.2308,13,3,964,15,1680.5,1,0,1,0.1434,0,12.92,0
0.0,7,0,221,39,1991.75,1,0,1,0.1899,0,0.0,0
0.0714,42,3,967,58,1043.32,1,0,1,0.2142,1,17.55,0
0.5128,39,20,626,17,1645.29,1,0,1,0.2469,1,13.45,1
0.3571,14,5,246,87,2538.57,2,0,1,0.3297,0,30.36,0
0.0,12,0,704,18,2041.24,2,1,2,0.2531,0,0.0,0
0.2857,7,2,843,25,1923.31,1,0,1,0.2001,0,20.21,0
0.0556,18,1,296,19,1007.17,1,0,1,0.1824,0,26.48,0
0.16,25,4,337,26,889.76,1,0,1,0.2916,0,12.3,1
0.0,11,0,982,18,3027.66,3,0,1,0.0777,0,0.0,0
0.0,5,0,640,10,2415.29,2,0,1,0.1817,0,0.0,0
0.2,10,2,371,16,1373.09,1,0,1,0.1217,0,20.33,0
0.375,32,12,379,46,1415.1,1,0,1,0.1589,2,13.93,0
0.0952,21,2,676,34,1863.09,2,0,1,0.3202,0,33.4,1
0.037,27,1,185,31,614.35,1,0,1,0.1095,1,11.32,0
0.0,7,0,464,17,1158.15,3,0,1,0.1027,0,0.0,0
0.0833,12,1,642,10,3157.89,3,0,1,0.1282,0,27.31,0
0.5,36,18,792,18,2383.21,1,0,1,0.245,3,12.69,0
0.4,5,2,922,16,2994.39,2,0,1,0.1907,0,10.87,0
0.5818,55,32,994,16,1255.31,1,0,1,0.1425,1,21.22,0
0.3333,6,2,829,18,2418.76,3,0,1,0.2565,0,10.87,0
0.0,9,0,993,38,2226.85,2,0,1,0.115,0,0.0,0
0.0,11,0,213,19,1770.47,1,0,1,0.2857,0,0.0,0
0.0385,26,1,704,22,2465.08,1,0,1,0.1932,0,29.24,0
0.1429,7,1,974,15,1691.09,2,0,1,0.2163,0,13.98,0
0.1538,26,4,434,16,1540.12,2,1,2,0.1444,1,12.35,0
0.2222,9,2,361,57,1281.49,1,0,1,0.1039,1,23.55,0
0.2174,23,5,932,22,1614.46,2,0,1,0.177,0,25.82,0
0.375,8,3,346,17,1900.28,1,0,1,0.2097,0,20.66,0
0.0,19,0,864,15,3042.72,1,0,1,0.0729,0,0.0,0
0.0,9,0,930,51,2067.47,2,0,1,0.2304,0,0.0,0
0.1333,15,2,621,9,1743.33,2,0,1,0.0849,0,24.62,1
0.0,6,0,619,16,1702.63,1,0,1,0.1871,0,0.0,0
0.2727,11,3,446,24,1167.73,2,1,2,0.0839,1,22.21,0
0.0,3,0,718,20,1085.8,1,0,1,0.1165,0,0.0,0
0.0909,22,2,484,18,1557.21,1,0,1,0.1084,1,16.49,0
0.2857,7,2,713,25,2291.05,2,0,1,0.1258,0,22.87,0
0.3636,11,4,192,17,2939.68,2,1,2,0.3879,1,24.27,0
0.0,9,0,245,15,1040.41,1,0,1,0.1441,0,0.0,0
0.0,9,0,607,20,1804.28,1,0,1,0.4203,0,0.0,0
0.3846,13,5,893,21,1199.47,1,0,1,0.172,0,25.61,0
0.25,4,1,797,28,2263.63,2,0,1,0.1477,0,23.18,0
0.0,35,0,811,10,1842.92,1,0,1,0.0995,0,0.0,0
0.5,4,2,193,9,2379.58,1,0,1,0.0304,1,9.33,0
0.2308,13,3,971,17,2433.54,1,0,1,0.2143,0,12.98,0
0.0,4,0,902,40,915.7,1,0,1,0.0587,0,0.0,0
0.1333,15,2,912,40,1839.91,3,1,3,0.1569,0,12.42,1
0.2,15,3,415,19,2440.11,3,0,1,0.0031,1,18.33,0
0.15,20,3,371,36,1523.51,1,0,1,0.1208,0,21.77,0
0.0,16,0,543,30,1672.27,1,0,1,0.0127,0,0.0,0
0.1667,12,2,539,13,1280.24,1,0,1,0.2112,0,8.82,0
0.25,16,4,549,45,1395.68,2,0,1,0.1705,1,11.83,0
0.1667,6,1,205,18,945.25,1,0,1,0.1591,0,12.19,0
0.0667,15,1,693,29,1572.13,1,0,1,0.0653,0,31.57,0
0.0667,15,1,588,40,1075.83,2,0,1,0.1459,0,13.44,0
0.4286,7,3,877,21,2712.65,3,0,1,0.1116,1,15.97,0
0.3846,13,5,208,23,816.32,1,0,1,0.2352,0,25.33,0
0.125,16,2,438,18,1519.23,1,0,1,0.0964,0,19.21,0
0.1818,11,2,856,24,1760.72,1,0,1,0.0733,0,25.42,0
0.2727,11,3,259,17,2231.05,1,0,1,0.2687,0,15.55,0
0.5238,21,11,198,16,1842.87,1,0,1,0.2711,0,21.79,0
0.0769,13,1,563,29,2118.02,2,1,2,0.3523,0,20.08,0
0.0,11,0,647,49,2313.86,3,0,1,0.1675,0,0.0,0
0.381,21,8,479,36,2259.28,3,1,3,0.1568,1,9.21,1
0.5,8,4,883,34,2058.29,1,0,1,0.0883,0,8.97,0
0.1875,16,3,824,24,1123.76,1,0,1,0.2094,1,17.16,1
0.0588,17,1,683,22,3401.59,2,1,2,0.0505,0,19.86,0
0.125,16,2,201,22,3204.08,3,0,1,0.3359,0,13.02,0
0.2,20,4,273,30,1873.72,1,0,1,0.2961,1,12.41,1
0.0,12,0,633,19,1127.62,1,0,1,0.0679,0,0.0,0
0.2308,13,3,946,19,794.23,1,0,1,0.0842,0,16.91,0
0.0,12,0,818,16,985.28,1,0,1,0.2072,0,0.0,0
0.3462,26,9,187,16,1515.72,2,1,2,0.1749,0,31.42,0
0.0,14,0,454,17,1239.91,1,0,1,0.0665,0,0.0,1
0.1,10,1,777,20,1616.87,1,0,1,0.1658,0,19.2,0
0.0455,22,1,715,14,2745.69,2,0,1,0.03,0,16.14,0
0.0,10,0,513,17,1073.83,2,0,1,0.2545,0,0.0,0
0.3125,16,5,862,13,1398.82,1,0,1,0.1205,0,25.98,0
0.1,10,1,832,16,1509.02,2,0,1,0.2074,0,16.17,0
0.0417,24,1,751,19,1294.09,1,0,1,0.212,0,21.39,0
0.1429,14,2,336,14,1821.19,1,0,1,0.3186,1,15.44,0
0.1667,12,2,895,36,1759.28,3,0,1,0.2083,1,8.86,0
0.1,10,1,983,18,1299.48,2,0,1,0.1688,0,22.71,0
0.0,17,0,594,41,1358.73,1,0,1,0.0583,0,0.0,0
0.0,8,0,891,44,1978.98,2,0,1,0.1631,0,0.0,1
0.3333,9,3,716,49,1408.84,2,0,1,0.1662,0,24.54,0
0.1429,7,1,578,22,1430.93,1,0,1,0.2144,0,17.67,0
0.2857,14,4,511,13,1372.66,2,1,2,0.0327,1,22.33,0
0.0968,31,3,945,16,1406.68,2,0,1,0.3681,1,15.1,0
0.1429,14,2,754,45,1756.15,2,0,1,0.3986,0,15.04,0
0.0,11,0,860,19,1667.74,2,0,1,0.198,0,0.0,0
0.0667,30,2,388,21,2297.4,3,0,1,0.148,0,12.81,0
0.0,12,0,418,26,1495.04,2,0,1,0.1115,0,0.0,0
0.12,50,6,514,20,2987.86,2,0,1,0.2833,0,15.74,0
0.1111,9,1,939,22,1784.73,1,0,1,0.152,1,23.84,0
0.4545,22,10,300,12,2110.14,1,0,1,0.1101,1,5.97,0
0.1111,18,2,637,10,1808.53,3,0,1,0.1731,0,16.21,0
0.0,4,0,741,12,1709.61,1,0,1,0.2413,0,0.0,0
0.037,27,1,363,47,2054.67,1,0,1,0.0583,1,12.41,0
0.1429,28,4,675,30,1474.22,1,0,1,0.2157,0,28.66,0
0.037,27,1,969,15,1551.2,1,0,1,0.0917,0,8.49,0
0.2414,58,14,368,27,1446.88,2,0,1,0.1147,0,26.04,1
0.0,15,0,220,20,3915.82,3,0,1,0.0776,0,0.0,0
0.037,27,1,866,29,1599.84,1,0,1,0.003,0,26.49,0
0.2778,18,5,718,15,1295.34,1,0,1,0.4513,0,25.92,0
0.1538,13,2,298,13,2185.34,3,0,1,0.3958,0,12.86,1
0.1154,26,3,423,14,2021.7,1,0,1,0.2588,0,33.79,0
0.0,7,0,392,34,2099.38,2,0,1,0.1349,0,0.0,0
0.0,13,0,276,16,1238.52,2,1,2,0.2207,0,0.0,0
0.0,16,0,374,18,1601.65,1,0,1,0.054,0,0.0,0
0.0526,19,1,386,31,611.13,1,0,1,0.2824,0,30.15,0
0.0526,19,1,572,13,1375.76,2,0,1,0.1524,0,17.93,0
0.0,6,0,833,20,1619.12,1,0,1,0.1888,0,0.0,0
0.1667,24,4,520,8,1859.72,1,0,1,0.328,0,11.81,1
0.0,6,0,533,16,2164.81,3,0,1,0.0873,0,0.0,0
0.16,50,8,687,23,2246.2,2,0,1,0.0759,0,13.77,0
0.3636,11,4,254,11,917.25,1,0,1,0.1834,0,26.77,0
0.0,8,0,969,49,923.96,1,0,1,0.2435,0,0.0,0
0.0714,28,2,485,53,1432.38,1,0,1,0.1009,1,13.96,1
0.1818,11,2,399,74,1957.62,1,0,1,0.1765,0,21.01,0
0.0,11,0,429,32,3045.55,2,0,1,0.378,0,0.0,0
0.2632,19,5,397,18,1282.99,1,0,1,0.2057,1,14.83,0
0.3103,29,9,532,20,1573.43,2,0,1,0.0953,2,15.05,0
0.0,6,0,678,15,2497.91,2,0,1,0.0785,0,0.0,1
0.2,5,1,939,29,1194.05,2,0,1,0.0907,0,21.56,0
0.0,9,0,823,15,1504.21,2,0,1,0.0488,0,0.0,0
0.1,10,1,373,8,1826.98,1,0,1,0.3186,0,14.13,0
0.15,20,3,579,42,1787.18,1,0,1,0.1313,0,18.91,0
0.1212,33,4,789,17,2605.58,1,0,1,0.228,0,25.91,0
0.0,6,0,854,14,2271.99,3,0,1,0.3771,0,0.0,0
0.0,19,0,417,13,3723.56,3,0,1,0.0561,0,0.0,0
0.3125,32,10,957,14,1438.08,2,0,1,0.1531,1,14.85,1
0.1538,13,2,684,45,1027.84,1,0,1,0.2628,0,14.19,0
0.0,7,0,517,29,1719.48,1,0,1,0.2062,0,0.0,0
0.5,22,11,276,38,1119.64,1,0,1,0.1225,1,12.96,0
0.3636,11,4,856,10,1745.74,2,0,1,0.3518,0,14.81,0
0.2857,14,4,349,21,1715.88,1,0,1,0.4018,0,17.21,1
0.0833,12,1,285,19,2435.36,2,1,2,0.2135,0,23.96,0
0.0571,35,2,186,31,2748.67,2,0,1,0.1246,0,43.34,0
0.2143,14,3,192,14,2420.8,2,0,1,0.1079,0,24.8,0
0.1053,19,2,707,23,1979.22,2,0,1,0.0468,0,18.12,0
0.125,8,1,301,21,2012.01,2,0,1,0.0688,0,28.54,0
0.2,20,4,583,24,2014.75,1,0,1,0.2127,0,16.62,0
0.0,7,0,267,29,1494.09,1,0,1,0.2038,0,0.0,0
0.125,16,2,668,28,1240.11,1,0,1,0.1144,1,25.3,0
0.0526,19,1,746,12,1390.3,2,0,1,0.1743,1,28.45,0
0.2,15,3,283,11,1553.07,2,1,2,0.2107,0,12.46,0
0.0,27,0,352,42,2254.21,1,0,1,0.2243,0,0.0,0
0.0556,18,1,382,22,1914.9,1,0,1,0.2426,0,17.02,0
0.0588,17,1,898,14,4101.56,3,0,1,0.0902,1,23.84,0
0.025,40,1,378,22,2331.84,2,0,1,0.0568,0,16.05,0
0.0,11,0,202,18,2519.38,2,0,1,0.253,0,0.0,0
0.6667,9,6,875,17,1041.53,2,0,1,0.1962,1,21.09,1
0.0952,21,2,703,18,1043.4,2,0,1,0.1828,2,24.23,1
0.3333,6,2,276,25,1685.95,1,0,1,0.0317,0,18.73,0
0.0667,15,1,765,19,888.3,1,0,1,0.1199,0,7.53,0
0.0833,12,1,706,17,4366.16,3,0,1,0.2223,0,20.55,0
0.44,25,11,442,18,1314.86,1,0,1,0.1666,1,15.25,0
0.2857,7,2,347,13,1274.79,1,0,1,0.1469,0,25.97,0
0.0,2,0,717,38,1577.93,1,0,1,0.1162,0,0.0,0
0.1282,39,5,283,28,1919.41,1,0,1,0.068,1,14.55,0
0.0,18,0,828,18,1801.13,3,0,1,0.1154,0,0.0,0
0.05,20,1,473,26,1264.53,2,0,1,0.3543,0,17.62,0
0.2353,17,4,610,47,1533.88,1,0,1,0.1347,1,39.42,0
0.1935,31,6,945,27,1922.76,2,0,1,0.1848,1,13.68,0
0.4,5,2,207,12,1898.56,2,1,2,0.1589,0,12.12,0
0.1087,46,5,510,38,1764.96,2,0,1,0.1748,0,13.9,0
0.0,5,0,355,24,1389.38,1,0,1,0.1622,0,0.0,0
0.2,10,2,342,18,1209.01,1,0,1,0.1675,1,11.98,1
0.1765,17,3,202,20,1620.01,1,0,1,0.2222,0,36.08,0
0.1,60,6,662,9,1151.09,1,0,1,0.0931,0,25.88,0
0.0714,14,1,834,35,1646.34,2,1,2,0.2986,0,13.63,0
0.0,11,0,352,29,2269.57,2,0,1,0.2415,0,0.0,0
0.2727,11,3,783,44,2607.7,3,0,1,0.1226,1,32.09,0
0.0,9,0,654,28,1719.83,1,0,1,0.1136,0,0.0,0
0.0,13,0,796,14,3732.02,3,1,2,0.137,0,0.0,1
0.2857,21,6,245,25,1335.93,1,0,1,0.1115,0,18.9,0
0.0476,21,1,892,28,1980.07,1,0,1,0.1544,0,20.12,0
0.5,8,4,646,27,1837.59,1,0,1,0.284,0,27.68,0
0.0,22,0,201,17,1299.98,2,0,1,0.31,0,0.0,0
0.0,14,0,507,36,1653.66,2,0,1,0.1545,0,0.0,1
0.1667,12,2,656,15,1984.75,2,0,1,0.1734,0,29.54,0
0.2,15,3,606,31,2045.15,3,0,1,0.2192,0,18.16,0
0.0,7,0,671,26,2834.11,2,0,1,0.2543,0,0.0,0
0.0,6,0,390,8,1735.23,2,0,1,0.2931,0,0.0,0
0.1176,17,2,351,29,1009.15,1,0,1,0.2181,0,21.23,0
0.0,13,0,470,31,2135.99,1,0,1,0.1148,0,0.0,1
0.0833,12,1,984,24,1652.37,1,0,1,0.0301,0,11.93,0
0.0,19,0,627,16,1038.42,1,0,1,0.193,0,0.0,0
0.0,14,0,498,18,3946.73,3,0,1,0.2266,0,0.0,1
0.0556,18,1,242,10,1581.09,1,0,1,0.0158,0,17.79,0
0.3333,21,7,734,61,1087.53,1,0,1,0.1821,1,14.01,0
0.0667,15,1,417,29,2153.78,1,0,1,0.0914,0,15.68,0
0.1429,7,1,812,17,3293.11,1,0,1,0.0504,0,16.64,0
0.2222,9,2,786,11,848.79,1,0,1,0.2416,0,12.93,0
0.0,7,0,726,22,1422.69,2,0,1,0.1439,0,0.0,1
0.303,33,10,488,16,1718.26,3,0,1,0.107,0,12.3,1
0.1,10,1,458,15,2138.83,1,0,1,0.4144,0,14.03,0
0.0,16,0,757,21,1645.62,1,0,1,0.0268,0,0.0,0
0.1429,7,1,231,15,1438.92,1,0,1,0.241,0,20.01,0
0.1875,16,3,848,22,1997.71,2,1,2,0.1398,0,15.5,0
0.2143,14,3,348,19,1360.89,1,0,1,0.1892,0,20.07,0
0.2,5,1,729,15,1314.08,1,0,1,0.1505,0,32.98,0
0.0,7,0,715,27,993.79,1,0,1,0.1426,0,0.0,0
0.4,5,2,975,31,1264.66,2,0,1,0.1815,1,11.58,0
0.1429,21,3,369,28,1567.36,2,0,1,0.105,1,10.81,0
0.3056,36,11,747,12,1339.87,2,0,1,0.2533,2,14.77,0
0.0952,42,4,942,6,1683.1,1,0,1,0.2205,0,9.25,0
0.0667,15,1,485,14,1465.22,1,0,1,0.0705,0,24.19,0
0.0,19,0,628,16,1483.21,1,0,1,0.0316,0,0.0,0
0.0,3,0,966,14,2193.74,1,0,1,0.4425,0,0.0,1
0.2941,17,5,703,30,1950.46,2,0,1,0.3086,1,14.92,0
0.3333,12,4,866,13,1930.15,1,0,1,0.3381,0,14.23,0
0.2,10,2,730,21,2711.81,1,0,1,0.2256,0,22.34,0
0.2727,11,3,941,27,2165.34,1,0,1,0.496,0,21.72,0
0.0,12,0,942,24,1810.88,2,0,1,0.0923,0,0.0,0
0.7059,17,12,214,17,1657.36,2,1,2,0.2189,3,18.81,1
0.1429,14,2,771,22,1925.28,2,0,1,0.228,0,15.37,0
0.0909,11,1,933,23,1194.58,2,0,1,0.0258,0,22.33,0
0.0588,17,1,556,13,3336.24,3,1,3,0.0322,1,14.11,0
0.1538,13,2,263,12,1747.21,1,0,1,0.186,0,35.87,0
0.0,11,0,747,25,1600.03,1,0,1,0.1834,0,0.0,0
0.0,16,0,261,13,1390.83,2,0,1,0.1976,0,0.0,0
0.125,8,1,975,26,1339.25,1,0,1,0.046,0,17.96,0
0.0,14,0,756,18,1643.27,1,0,1,0.1562,0,0.0,0
0.1429,7,1,395,28,1586.64,1,0,1,0.0603,0,18.23,0
0.125,8,1,320,16,1188.25,1,0,1,0.0915,1,17.61,0
0.0588,17,1,266,38,1909.84,1,0,1,0.4154,1,20.71,1
0.0,6,0,443,21,1850.66,1,0,1,0.1279,0,0.0,0
0.1667,6,1,916,18,1905.15,2,0,1,0.4029,0,16.77,0
0.2727,11,3,945,19,1458.39,1,0,1,0.3046,0,25.69,0
0.4286,28,12,499,14,2225.88,2,0,1,0.2831,1,29.68,0
0.0,11,0,851,22,2014.21,1,0,1,0.2396,0,0.0,0
0.0,14,0,995,17,1851.13,1,0,1,0.136,0,0.0,0
0.1111,9,1,936,16,2177.22,2,0,1,0.3333,0,25.19,0
0.3333,21,7,838,38,1527.7,1,0,1,0.4823,2,14.57,0
0.3,20,6,861,31,2278.87,3,0,1,0.1919,1,10.83,0
0.1667,24,4,711,15,1115.7,1,0,1,0.073,1,24.25,0
0.0,7,0,664,29,1117.14,1,0,1,0.3137,0,0.0,1
0.1429,14,2,801,19,2312.65,3,0,1,0.1025,1,25.41,0
0.2353,17,4,762,16,2158.11,2,1,2,0.6633,0,10.63,0
0.2632,19,5,509,72,1265.59,1,0,1,0.0858,1,24.78,0
0.0,12,0,675,16,2095.08,1,0,1,0.3338,0,0.0,0
0.1429,14,2,843,21,2121.49,2,0,1,0.1594,0,17.93,0
0.125,8,1,958,11,1720.58,1,0,1,0.1,0,17.08,0
0.3571,14,5,499,54,969.42,1,0,1,0.0623,0,31.21,0
0.3333,6,2,498,21,3663.02,2,0,1,0.1053,0,29.74,0
0.4444,9,4,715,21,1888.88,1,0,1,0.1169,0,29.52,0
0.1,10,1,941,27,2731.01,2,0,1,0.0165,0,20.78,0
0.1333,15,2,247,8,1548.35,1,0,1,0.2035,0,13.77,0
0.1111,9,1,666,16,2782.71,2,1,2,0.0369,0,11.51,1
0.2222,27,6,683,28,2211.42,1,0,1,0.2911,0,10.29,0
0.4,5,2,774,17,2242.37,1,0,1,0.0735,1,14.91,0
0.2308,13,3,334,10,2365.76,3,1,3,0.3557,2,21.98,0
0.0,10,0,279,39,2030.81,2,0,1,0.4333,0,0.0,1
0.3571,14,5,409,7,2696.05,5,0,1,0.5051,1,20.9,0
0.0769,13,1,169,27,2221.86,1,0,1,0.4496,0,20.15,1
0.7059,17,12,548,23,1243.19,2,0,1,0.1434,4,6.27,0
0.125,8,1,404,17,1694.51,4,0,1,0.2246,1,22.37,0
0.4,10,4,262,53,1514.12,1,0,1,0.5182,2,12.07,0
0.1111,18,2,356,11,2551.08,5,0,1,0.388,2,9.25,0
0.5714,7,4,510,22,1719.97,1,0,1,0.4726,0,21.71,0
0.4167,12,5,320,12,4139.74,2,0,1,0.1886,2,23.9,0
0.3125,16,5,213,11,1676.38,1,0,1,0.4045,1,14.92,0
0.4286,7,3,184,30,1451.15,1,0,1,0.3314,1,8.18,0
0.2727,11,3,380,14,2331.83,5,0,1,0.3821,1,13.77,0
0.2308,13,3,413,21,2709.17,3,0,1,0.2058,2,7.64,0
0.2632,19,5,428,30,4569.45,5,0,1,0.3245,3,23.7,0
0.625,16,10,384,24,1340.45,3,0,1,0.3361,1,7.46,0
0.2941,17,5,584,18,2501.98,2,0,1,0.317,1,8.93,0
0.45,20,9,272,7,3186.26,4,0,1,0.369,4,5.98,0
1.0,5,5,216,20,1290.93,1,0,1,0.098,2,15.77,0
0.375,8,3,317,31,1960.75,2,0,1,0.092,2,15.27,0
0.7692,13,10,212,28,2811.62,4,0,1,0.4446,3,12.04,1
0.375,8,3,483,8,2730.86,2,1,2,0.0981,0,8.52,0
0.0588,17,1,326,10,2772.49,1,0,1,0.5678,1,9.66,0
0.0,12,0,500,45,1433.37,1,0,1,0.2897,0,0.0,0
0.0,5,0,127,13,2753.99,2,0,1,0.7339,0,0.0,0
0.5556,18,10,562,57,5130.94,3,0,1,0.5042,5,20.51,0
0.2941,17,5,419,18,1024.14,1,0,1,0.0884,1,19.04,0
0.0833,12,1,235,19,1292.78,1,0,1,0.1896,1,13.89,1
0.1579,19,3,379,26,3506.51,2,0,1,0.2691,1,7.63,0
0.2857,14,4,121,15,2344.37,2,0,1,0.5215,1,17.58,0
0.5385,13,7,590,18,1637.25,3,1,2,0.3693,3,20.46,0
0.0,17,0,466,18,2655.89,2,0,1,0.0781,0,0.0,0
0.2,10,2,466,69,2192.34,1,0,1,0.0736,0,11.29,0
0.5556,9,5,416,30,1193.25,3,1,2,0.4219,0,13.38,0
0.375,8,3,474,13,2087.36,3,0,1,0.2547,2,22.76,0
0.2222,9,2,383,7,1127.45,1,0,1,0.5799,1,12.06,0
0.0,11,0,180,26,2651.09,3,0,1,0.4025,0,0.0,1
0.6429,14,9,462,51,2358.03,2,1,2,0.1618,5,10.63,1
0.6842,19,13,596,18,1015.67,2,0,1,0.5165,4,5.27,1
0.1429,7,1,599,12,2604.85,4,0,1,0.4088,0,6.9,0
0.0,10,0,551,20,1447.06,3,0,1,0.4762,0,0.0,0
0.125,8,1,310,21,2941.83,3,0,1,0.3484,1,7.46,0
0.4615,13,6,522,7,2686.84,3,0,1,0.2973,3,13.5,0
0.25,12,3,148,16,984.44,1,0,1,0.5722,1,17.63,0
0.625,8,5,444,15,2064.85,2,1,2,0.2139,2,6.14,0
0.5455,11,6,482,19,4200.53,4,1,4,0.3027,3,11.34,1
0.7143,7,5,504,17,2229.86,3,0,1,0.517,0,17.88,0
0.1429,14,2,222,15,1063.49,1,0,1,0.1954,2,6.17,0
0.5455,11,6,175,11,2099.73,2,0,1,0.2881,2,20.99,0
0.2857,14,4,392,19,2538.89,2,1,2,0.1854,1,12.04,0
0.25,12,3,369,9,3011.71,5,1,2,0.2384,0,18.64,0
0.5714,14,8,277,13,1851.09,2,0,1,0.2793,7,16.14,1
1.0,10,10,568,16,1337.42,1,0,1,0.2012,6,17.14,0
0.7333,15,11,99,6,1114.69,1,0,1,0.1861,3,10.34,1
0.2143,14,3,527,15,2341.56,3,1,3,0.2746,3,20.47,1
0.1667,6,1,110,11,1860.92,1,0,1,0.0641,0,20.52,0
0.3636,11,4,401,21,6032.02,4,1,4,0.2013,1,21.09,0
0.8125,16,13,563,14,2119.42,1,0,1,0.2563,3,15.87,0
0.1818,11,2,551,14,5131.42,5,0,1,0.6599,2,7.51,1
0.3333,6,2,308,15,1699.45,1,0,1,0.2344,0,24.26,0
0.875,8,7,272,10,1513.69,2,0,1,0.1852,3,6.93,1
0.5,20,10,593,21,3219.02,3,1,3,0.4647,4,21.91,1
0.3125,16,5,345,25,2626.26,4,1,4,0.1814,1,7.42,0
0.8889,9,8,179,17,1558.99,2,1,2,0.2381,3,23.61,1
0.0667,15,1,330,18,2985.76,2,0,1,0.2999,0,17.03,1
0.4444,9,4,595,15,2068.79,4,1,2,0.326,2,20.17,0
0.4167,12,5,433,38,1913.53,4,0,1,0.5134,1,18.31,1
0.0,10,0,585,30,1637.79,2,1,2,0.456,0,0.0,0
0.2778,18,5,534,6,3665.12,3,0,1,0.261,1,11.21,0
0.2,20,4,442,42,3524.81,4,0,1,0.6916,2,8.79,0
0.3636,11,4,500,16,2953.71,2,0,1,0.163,0,17.32,0
0.8,10,8,350,21,1999.93,1,0,1,0.6124,1,15.26,1
0.4286,7,3,362,19,5271.24,4,1,2,0.1765,1,19.21,0
0.25,20,5,315,11,2901.49,4,1,2,0.262,0,5.25,0
0.55,20,11,337,31,1615.84,3,1,2,0.2742,4,21.94,0
0.4286,14,6,265,19,2665.99,4,1,3,0.2216,5,18.5,0
0.2778,18,5,107,10,1197.47,1,0,1,0.6964,1,9.34,0
0.05,20,1,366,8,2699.16,3,1,3,0.1203,1,20.54,0
0.2222,9,2,181,23,1568.79,2,1,2,0.2915,1,15.33,0
0.2857,14,4,576,14,1467.77,3,0,1,0.3325,3,13.57,0
0.25,8,2,306,19,3421.16,2,0,1,0.1831,0,9.45,0
0.6154,13,8,240,17,2080.16,1,0,1,0.1217,3,24.74,0
0.5294,17,9,361,7,1164.73,2,0,1,0.2708,4,19.84,0
0.1667,6,1,589,35,3527.61,2,1,2,0.2427,0,11.16,1
0.2,20,4,229,24,1410.64,1,0,1,0.379,1,24.36,0
0.4,5,2,185,10,997.24,1,0,1,0.2418,0,11.34,0
0.1429,7,1,463,12,4088.5,4,1,3,0.1304,1,16.03,0
0.4737,19,9,210,15,2745.47,3,0,1,0.4017,2,14.89,0
0.1667,6,1,398,8,2477.74,2,0,1,0.4277,1,18.7,0
0.1667,12,2,271,8,1355.19,4,0,1,0.2516,0,19.99,0
0.4,15,6,283,15,3478.24,3,1,3,0.2138,2,12.09,1
0.5,8,4,224,43,3685.5,2,0,1,0.2963,2,5.47,1
0.25,12,3,116,14,1719.71,1,0,1,0.1533,2,19.8,0
0.4118,17,7,170,24,3082.14,4,0,1,0.4004,3,21.53,0
0.0526,19,1,360,7,2382.92,1,0,1,0.3641,0,5.82,0
0.2222,18,4,131,20,1391.56,3,1,3,0.2335,2,11.32,0
0.375,16,6,568,11,1622.59,3,0,1,0.39,2,13.57,0
0.875,8,7,201,14,949.04,1,0,1,0.2087,2,12.82,1
0.05,20,1,539,15,940.52,1,0,1,0.2974,0,16.76,0
0.2667,15,4,211,12,4841.21,3,0,1,0.5008,2,8.25,0
0.6923,13,9,434,13,5501.14,3,0,1,0.2741,3,17.38,0
0.4737,19,9,494,10,2025.72,3,0,1,0.5437,1,15.07,1
0.2,10,2,548,19,3407.98,2,0,1,0.4496,0,21.39,0
0.125,8,1,112,35,1095.88,1,0,1,0.2392,0,6.42,0
0.4286,7,3,485,7,2244.01,2,0,1,0.1316,0,6.54,0
0.2,5,1,234,13,1795.1,3,0,1,0.1449,0,10.28,0
0.25,16,4,375,42,2625.88,4,1,4,0.235,3,23.74,0
0.2308,13,3,308,22,2100.19,3,0,1,0.4356,1,17.25,0
0.0,20,0,403,22,1428.34,1,0,1,0.1794,0,0.0,0
0.5,12,6,530,17,2314.36,3,0,1,0.3675,1,15.73,0
0.5,6,3,577,6,2315.37,2,0,1,0.2789,1,17.83,1
0.0,8,0,397,10,5333.41,3,0,1,0.2748,0,0.0,0
0.3333,12,4,190,62,2264.27,2,0,1,0.0667,1,20.38,0
0.5,10,5,590,14,2395.16,1,0,1,0.4224,1,11.89,1
0.3684,19,7,281,15,979.71,1,0,1,0.4748,2,13.9,1
0.75,20,15,278,11,725.22,1,0,1,0.2174,5,22.04,0
0.25,8,2,303,11,1932.54,3,1,3,0.6065,1,11.15,0
0.2143,14,3,294,17,4005.4,5,1,4,0.1928,2,5.27,0
0.4375,16,7,541,21,2126.14,2,0,1,0.3051,1,10.06,0
0.3571,14,5,503,10,890.98,2,0,1,0.1064,3,5.45,0
0.1667,12,2,235,24,1409.2,3,0,1,0.3388,1,14.34,0
0.25,8,2,165,23,2588.91,1,0,1,0.1628,1,14.37,1
0.3333,9,3,277,27,2730.17,2,0,1,0.1737,1,22.55,0
0.4211,19,8,469,44,1832.44,2,1,2,0.223,5,24.24,1
0.6154,13,8,549,8,1882.5,2,0,1,0.1761,2,19.69,0
1.0,3,3,40,18,4842.13,5,0,1,0.6223,1,7.4,1
0.5,2,1,42,8,1100.66,1,0,1,0.3052,1,5.87,0
0.0,2,0,28,20,4321.23,2,0,1,0.4401,0,0.0,1
0.3333,3,1,33,20,2443.07,2,1,2,0.2288,0,16.88,1
0.3333,3,1,53,13,2955.14,1,0,1,0.2174,0,22.97,0
0.0,1,0,22,22,1967.67,2,1,2,0.3851,0,0.0,0
0.6667,3,2,54,9,4799.82,3,0,1,0.3742,1,9.89,0
0.0,0,0,15,15,1661.86,2,0,1,0.274,0,0.0,0
0.0,0,0,54,54,3311.48,4,0,1,0.7183,0,0.0,0
0.0,2,0,10,10,2190.29,4,1,2,0.1076,0,0.0,0
0.0,1,0,2,2,1468.89,3,0,1,0.3225,0,0.0,0
0.0,1,0,60,13,3007.91,3,1,3,0.2533,0,0.0,0
1.0,1,1,24,8,2125.37,1,0,1,0.5253,0,13.25,0
0.3333,3,1,39,18,3466.49,1,0,1,0.0453,0,8.71,1
0.0,1,0,4,4,3806.11,1,0,1,0.6865,0,0.0,0
0.0,1,0,26,12,2181.29,1,0,1,0.0509,0,0.0,0
0.0,3,0,58,21,781.17,1,0,1,0.4247,0,0.0,1
0.3333,3,1,51,20,1617.29,4,1,4,0.1637,1,13.65,1
0.0,1,0,25,24,2670.89,3,1,3,0.4602,0,0.0,1
0.5,2,1,47,6,1500.3,2,0,1,0.1271,1,19.21,0
1.0,1,1,2,2,1103.4,1,0,1,0.1845,1,24.47,0
0.5,2,1,56,8,2596.91,3,0,1,0.1927,1,15.3,0
1.0,1,1,9,8,1234.27,2,0,1,0.0235,0,14.68,0
0.3333,3,1,4,4,1678.62,3,1,3,0.1365,0,14.74,0
0.0,0,0,33,33,1366.18,4,0,1,0.2017,0,0.0,0
0.0,3,0,7,7,2663.03,1,0,1,0.2113,0,0.0,0
1.0,1,1,27,10,1458.83,2,0,1,0.4323,0,20.47,0
0.0,1,0,43,21,2299.04,3,0,1,0.4143,0,0.0,0
0.0,0,0,43,43,3513.51,4,1,4,0.5715,0,0.0,1
0.0,3,0,36,36,2244.2,1,0,1,0.1418,0,0.0,1
0.0,3,0,28,8,1615.52,3,1,2,0.3186,0,0.0,1
0.3333,3,1,7,7,2106.14,1,0,1,0.2577,1,23.08,0
0.0,2,0,49,20,7294.48,4,0,1,0.5283,0,0.0,0
1.0,2,2,51,17,790.57,2,0,1,0.4597,0,20.28,0
0.0,0,0,3,3,2879.11,4,0,1,0.2401,0,0.0,0
0.0,3,0,13,13,1022.5,2,0,1,0.1487,0,0.0,0
0.0,1,0,27,27,4737.32,4,1,2,0.3443,0,0.0,0
0.0,2,0,29,23,1060.42,1,0,1,0.2436,0,0.0,0
0.3333,3,1,49,7,2608.73,2,1,2,0.1521,0,11.74,0
0.6667,3,2,27,11,1310.73,1,0,1,0.6198,2,17.67,0
0.3333,3,1,19,17,2859.79,3,0,1,0.5876,0,13.56,0
0.0,3,0,40,16,1915.13,1,0,1,0.5728,0,0.0,0
0.0,2,0,58,14,2225.66,5,0,1,0.4844,0,0.0,0
1.0,1,1,40,14,4588.02,1,0,1,0.3814,1,18.06,1
1.0,1,1,23,23,734.93,1,0,1,0.5476,0,20.55,0
0.0,2,0,13,13,3912.75,1,0,1,0.164,0,0.0,0
0.0,0,0,5,5,2160.73,1,0,1,0.3287,0,0.0,0
0.0,0,0,9,9,2582.01,1,0,1,0.339,0,0.0,0
0.0,3,0,42,13,1398.53,3,1,3,0.3368,0,0.0,1
0.3333,3,1,24,8,1058.49,2,0,1,0.3427,1,19.92,1
1.0,1,1,46,9,1688.76,2,0,1,0.3251,0,21.98,1
1.0,1,1,42,42,3787.38,3,0,1,0.2184,1,20.42,0
0.3333,3,1,22,22,2072.83,3,0,1,0.4641,1,20.42,1
0.0,0,0,47,47,2352.35,3,0,1,0.2095,0,0.0,1
0.0,1,0,59,11,4349.48,5,0,1,0.1883,0,0.0,0
1.0,1,1,18,17,1977.25,2,0,1,0.3876,0,6.97,1
0.0,3,0,13,13,1413.2,1,0,1,0.1333,0,0.0,1
0.0,3,0,19,19,1406.62,1,0,1,0.4055,0,0.0,1
0.0,0,0,41,41,1079.38,1,0,1,0.6679,0,0.0,0
0.0,0,0,14,14,3337.43,2,0,1,0.3504,0,0.0,1
1.0,1,1,32,21,4221.19,2,1,2,0.4233,0,20.14,1
0.0,2,0,52,10,1777.25,1,0,1,0.2878,0,0.0,0
0.3333,3,1,21,12,5029.87,2,1,2,0.5008,0,20.79,1
1.0,1,1,40,30,1664.46,1,0,1,0.5566,1,18.5,0
0.0,3,0,1,1,1481.32,1,0,1,0.2079,0,0.0,0
0.0,0,0,39,39,3591.55,2,1,2,0.0772,0,0.0,1
0.0,1,0,4,4,4103.72,2,0,1,0.6987,0,0.0,0
0.0,2,0,38,16,1947.15,3,0,1,0.2101,0,0.0,1
0.0,2,0,22,16,923.25,1,0,1,0.1837,0,0.0,0
0.0,1,0,50,12,1508.65,2,0,1,0.1763,0,0.0,0
1.0,3,3,53,24,888.85,1,0,1,0.6797,0,14.14,0
0.3333,3,1,7,7,7731.0,5,0,1,0.2651,0,17.16,0
0.5,2,1,41,23,1445.1,2,0,1,0.1319,1,11.02,1
0.0,2,0,7,7,2395.57,3,0,1,0.4706,0,0.0,0
0.5,2,1,46,18,2001.74,2,1,2,0.3799,0,12.83,1
0.3333,3,1,23,14,2450.66,3,0,1,0.3286,1,14.89,0
0.0,0,0,29,29,1715.8,2,0,1,0.5363,0,0.0,1
0.3333,3,1,7,7,993.71,1,0,1,0.3708,1,20.22,0
0.0,2,0,11,11,1573.53,2,0,1,0.3605,0,0.0,0
0.0,2,0,52,13,4074.12,5,1,2,0.7281,0,0.0,0
0.0,1,0,29,8,2744.18,1,0,1,0.342,0,0.0,0
1.0,1,1,2,2,1646.84,1,0,1,0.4004,0,5.35,1
0.0,2,0,36,4,1800.78,1,0,1,0.108,0,0.0,0
0.0,1,0,20,4,2729.29,2,0,1,0.0234,0,0.0,0
0.0,1,0,2,2,2218.64,4,1,3,0.3111,0,0.0,0
0.0,3,0,33,21,1153.45,1,0,1,0.2926,0,0.0,0
0.0,2,0,8,8,4075.72,5,0,1,0.4758,0,0.0,0
1.0,3,3,13,13,1723.85,3,0,1,0.3627,1,22.17,0
0.0,0,0,56,56,7128.18,4,1,4,0.2556,0,0.0,0
0.0,3,0,45,13,3671.42,2,1,2,0.5842,0,0.0,1
0.6667,3,2,54,25,1293.91,1,0,1,0.2313,0,11.98,1
0.0,0,0,50,50,2651.9,4,1,4,0.1904,0,0.0,0
0.3333,3,1,23,7,1804.77,3,1,2,0.3052,0,18.08,0
1.0,2,2,59,4,4745.58,2,0,1,0.118,0,19.01,1
0.0,0,0,51,51,4646.69,3,0,1,0.0672,0,0.0,0
0.0,0,0,11,11,5843.79,4,0,1,0.3132,0,0.0,1
0.0,2,0,58,30,2587.08,3,0,1,0.4591,0,0.0,0
0.0,3,0,42,9,1498.65,2,1,2,0.4046,0,0.0,1
0.0,1,0,15,15,2671.41,3,0,1,0.4164,0,0.0,1
0.0,0,0,9,9,1727.28,2,0,1,0.4439,0,0.0,0
0.6667,3,2,36,15,2186.92,4,1,2,0.3943,1,22.84,0
0.0,0,0,55,55,2740.23,5,0,1,0.1312,0,0.0,1
0.0,1,0,6,6,2983.27,5,0,1,0.2956,0,0.0,0
0.0,3,0,47,18,3219.05,3,1,3,0.2447,0,0.0,1
0.3333,3,1,9,9,1550.24,1,0,1,0.344,0,15.24,0
0.0,1,0,21,21,2816.88,4,1,2,0.4366,0,0.0,1
0.0,0,0,48,48,3673.1,4,1,2,0.4486,0,0.0,0
0.0,1,0,42,10,1860.7,1,0,1,0.4307,0,0.0,1
0.0,0,0,5,5,1152.59,3,0,1,0.2255,0,0.0,0
0.0,0,0,8,8,2474.58,1,0,1,0.4878,0,0.0,0
0.0,2,0,51,19,2156.01,3,0,1,0.4515,0,0.0,0
0.5,2,1,58,26,3699.36,3,0,1,0.2383,1,11.31,0
0.0,1,0,32,8,2409.73,2,0,1,0.5243,0,0.0,0
0.0,0,0,21,21,1731.24,2,0,1,0.1306,0,0.0,0
0.3333,3,1,3,3,2408.98,4,0,1,0.2865,0,17.74,0
0.0,1,0,45,17,4175.63,1,0,1,0.2657,0,0.0,0
1.0,3,3,30,4,2261.51,5,0,1,0.3265,1,16.43,0
1.0,3,3,45,16,1175.04,2,1,2,0.1858,1,22.4,0
1.0,1,1,44,25,2869.36,4,1,4,0.2076,1,11.39,0
0.0,0,0,28,28,1987.09,4,0,1,0.1565,0,0.0,0
0.3333,3,1,12,12,2600.84,2,0,1,0.3001,1,14.37,0
0.0,0,0,15,15,3290.03,3,0,1,0.2401,0,0.0,0
0.0,1,0,34,21,903.69,1,0,1,0.227,0,0.0,0
0.0,2,0,23,15,2348.76,2,0,1,0.3228,0,0.0,0
1.0,2,2,46,16,1857.47,1,0,1,0.2036,1,15.4,1
0.5455,11,6,717,12,3968.67,3,1,2,0.5878,4,3.27,1
0.2,15,3,186,7,8922.87,6,0,1,0.7859,3,3.27,0
0.6842,19,13,126,8,2401.19,2,0,1,0.4828,4,4.18,1
0.5714,21,12,507,20,2935.65,4,1,4,0.2652,7,2.31,1
0.8974,39,35,771,6,4944.12,6,0,1,0.3458,8,4.0,1
0.8947,38,34,213,21,6380.54,4,1,3,0.4583,8,1.84,1
0.7619,21,16,642,6,4618.68,4,1,2,0.5649,7,6.09,1
0.5,16,8,522,13,3885.36,3,0,1,0.1641,3,3.36,0
0.6364,11,7,663,11,5214.55,4,1,4,0.6543,7,2.46,1
0.7619,21,16,746,10,2809.34,3,0,1,0.7845,8,3.52,1
0.641,39,25,799,10,5580.7,3,0,1,0.5273,8,4.32,0
0.8056,36,29,261,24,3284.71,4,1,4,0.545,8,1.96,1
0.9524,21,20,697,10,5123.27,6,0,1,0.3084,8,5.68,0
0.7826,23,18,343,10,4662.36,4,0,1,0.5954,6,3.2,1
0.4667,15,7,263,6,4841.92,6,0,1,0.426,4,2.62,0
0.6667,15,10,335,11,4968.66,6,1,3,0.6261,3,3.64,1
0.5385,13,7,111,5,3497.49,5,1,3,0.8189,3,4.15,1
0.6,30,18,172,35,4248.34,3,0,1,0.5416,8,4.32,1
0.5517,29,16,121,5,4474.62,4,0,1,0.6426,8,3.21,0
0.8261,23,19,314,4,3015.9,2,1,2,0.4459,8,3.3,1
0.95,20,19,497,10,2924.8,5,0,1,0.6867,8,3.62,1
0.9167,24,22,194,14,5052.6,6,1,2,0.5478,8,9.56,1
0.7188,32,23,603,16,2879.31,2,0,1,0.5134,7,2.19,0
0.5625,16,9,137,14,4828.53,5,1,2,0.2655,5,2.68,1
0.7778,27,21,663,7,2786.32,3,1,3,0.6496,8,3.67,1
0.9259,27,25,716,18,4001.3,3,0,1,0.3543,8,2.38,1
0.8421,19,16,771,14,5097.31,3,0,1,0.3311,8,6.57,1
0.8205,39,32,172,13,2323.77,3,1,2,0.4898,8,5.82,1
0.7895,19,15,644,20,1455.3,3,1,2,0.3503,4,3.41,1
0.8387,31,26,323,7,3559.84,4,0,1,0.5271,8,3.37,1
0.75,28,21,245,15,4699.57,3,1,3,0.63,8,2.74,1
0.8148,27,22,700,12,2997.97,6,1,2,0.7817,8,1.79,1
0.6389,36,23,623,5,2428.84,4,0,1,0.362,8,8.28,1
0.7083,24,17,595,10,3151.6,4,1,4,0.6208,8,5.36,1
0.6364,22,14,178,10,2677.64,6,1,2,0.4141,3,3.18,0
0.2286,35,8,508,5,3654.79,4,0,1,0.5616,6,3.13,0
0.8611,36,31,752,6,1857.51,2,0,1,0.4778,8,2.66,1
0.8571,35,30,773,14,8598.41,5,1,2,0.4136,8,4.7,1
0.5455,22,12,264,9,3111.02,5,1,4,0.6525,8,4.87,1
0.8571,14,12,710,7,2243.22,2,1,2,0.1788,5,5.77,0
0.3158,38,12,111,7,2125.62,5,1,2,0.5606,5,5.82,0
0.6957,23,16,673,19,2670.22,4,1,4,0.3879,8,5.55,1
0.6154,26,16,714,13,4087.03,2,1,2,0.4882,5,4.55,1
0.8148,27,22,168,10,5073.48,2,1,2,0.5819,8,2.14,1
0.6071,28,17,642,11,2610.78,3,0,1,0.4248,8,3.0,0
0.6538,26,17,212,6,3888.28,4,1,3,0.4623,7,2.68,1
0.6857,35,24,229,10,4329.5,5,0,1,0.4969,8,3.6,1
0.7241,29,21,695,14,4855.2,4,1,2,0.4754,7,4.61,0
0.4615,13,6,780,13,2486.28,5,1,2,0.2829,2,6.22,0
0.6538,26,17,340,5,4419.1,3,0,1,0.4502,7,6.44,1
0.4667,15,7,536,8,3454.77,4,1,2,0.612,4,3.99,1
0.7333,30,22,689,14,3267.29,4,0,1,0.4759,8,3.48,0
0.8333,12,10,368,11,5107.88,4,1,3,0.2631,6,4.71,1
0.6875,32,22,591,10,5442.96,6,1,2,0.3971,8,2.18,1
0.9,10,9,538,20,6304.55,5,0,1,0.6726,4,5.21,0
0.4091,22,9,687,9,4516.29,6,0,1,0.7713,6,3.66,1
0.75,12,9,548,9,2527.03,3,0,1,0.4411,6,3.91,0
0.6667,24,16,696,11,4149.68,3,0,1,0.4311,8,2.87,1
0.4516,31,14,777,6,3101.2,3,0,1,0.5779,7,3.78,0
0.5789,38,22,407,17,6383.97,6,1,2,0.3257,8,4.7,1
0.7692,13,10,684,12,1899.49,4,0,1,0.43,6,2.39,1
0.5,20,10,566,16,3519.65,5,0,1,0.7128,8,2.38,0
0.5714,35,20,529,9,3552.14,5,0,1,0.4792,8,4.85,0
0.7647,17,13,726,9,2766.81,3,1,3,0.7246,7,3.38,0
0.1818,11,2,276,8,3688.7,3,1,3,0.3456,2,6.11,0
0.4815,27,13,110,8,2833.33,3,0,1,0.4816,6,2.47,1
0.5909,22,13,305,5,3438.02,4,1,3,0.7643,7,4.76,1
0.7241,29,21,594,11,2039.53,2,1,2,0.5875,8,2.92,1
0.75,24,18,100,11,4399.36,3,1,2,0.5,8,2.88,1
0.8889,18,16,194,15,2704.4,3,0,1,0.476,8,4.83,1
0.4667,30,14,411,7,4632.2,4,1,2,0.6538,6,3.6,1
0.7097,31,22,769,6,8055.09,3,0,1,0.5734,8,2.03,1
0.7895,19,15,475,6,1675.03,3,1,3,0.5857,7,2.2,1
0.7,20,14,454,7,5479.16,5,0,1,0.34,8,4.64,0
0.7333,15,11,275,15,4943.68,5,1,3,0.6124,6,6.82,1
0.5862,29,17,506,6,4154.95,4,1,2,0.2984,8,5.19,1
1.0,31,31,648,8,3554.64,4,1,2,0.3848,8,2.23,1
0.3947,38,15,578,7,6606.81,3,1,2,0.3169,8,4.02,0
0.6875,32,22,509,11,10439.87,6,0,1,0.6523,8,5.26,0
0.7436,39,29,747,6,5151.55,2,0,1,0.4931,8,3.38,0
0.75,12,9,543,8,4498.28,3,0,1,0.5165,6,7.2,1
0.7143,14,10,139,20,5439.46,6,1,2,0.329,8,3.9,1
0.3684,19,7,680,17,12396.5,5,1,3,0.3453,4,3.18,0
0.5,10,5,360,6,4407.5,3,1,3,0.5126,2,3.55,1
0.619,21,13,473,18,3810.02,4,0,1,0.3774,6,6.97,1
0.6857,35,24,501,7,7639.73,5,0,1,0.2815,8,3.13,1
0.7879,33,26,497,18,2369.85,2,1,2,0.6257,8,2.36,1
0.5926,27,16,457,7,2170.63,4,1,4,0.4919,7,6.44,1
0.5714,14,8,581,10,3148.46,4,1,3,0.2967,7,2.98,0
0.4783,23,11,123,26,3773.88,6,1,2,0.5576,7,4.68,1
0.92,25,23,521,6,6903.37,5,0,1,0.7132,8,1.96,0
0.2564,39,10,535,8,4427.91,4,1,2,0.6278,6,3.86,0
0.6842,19,13,752,6,4060.31,6,1,3,0.3667,8,4.09,1
0.4545,22,10,128,13,3841.23,3,1,3,0.4938,7,4.05,1
0.7576,33,25,272,11,3377.89,3,1,3,0.4011,8,3.6,1
0.5758,33,19,576,7,7223.98,5,0,1,0.385,8,2.87,0
0.8,10,8,725,6,6418.71,6,0,1,0.4025,7,2.87,0
0.6667,15,10,493,13,1875.87,2,0,1,0.7751,8,5.04,1
0.5667,30,17,423,5,3722.0,3,1,3,0.5288,5,4.74,1
0.8,35,28,342,9,9912.83,6,1,4,0.5662,8,5.42,1
0.3462,26,9,619,8,4791.34,4,1,4,0.3974,6,5.22,1
0.8919,37,33,189,9,4021.7,6,1,2,0.7529,8,6.71,1
0.3846,13,5,603,10,2881.07,6,1,4,0.5288,1,3.01,1
0.9474,38,36,473,21,5659.06,4,1,3,0.5463,8,3.52,1
0.75,12,9,300,20,3321.05,3,0,1,0.6847,8,6.22,1
0.4,10,4,146,4,3203.29,5,0,1,0.6373,3,3.85,0
0.4872,39,19,494,4,2692.85,3,1,3,0.5957,8,6.9,1
0.5769,26,15,653,18,4655.31,4,1,3,0.6313,8,3.08,1
0.6429,28,18,640,9,4496.01,3,0,1,0.5372,8,2.66,0
0.4706,34,16,723,6,3510.37,4,1,4,0.3713,5,1.85,1
0.8462,26,22,432,10,3796.16,5,0,1,0.4332,7,3.82,1
0.7619,21,16,363,11,2519.91,2,0,1,0.5568,8,2.52,1
0.85,40,34,438,10,1256.55,2,1,2,0.3553,8,2.88,1
0.3077,13,4,411,7,6843.42,5,1,2,0.3937,2,4.24,0
0.5429,35,19,594,9,11762.83,5,0,1,0.2252,7,3.49,0
0.6765,34,23,290,10,3141.2,3,1,3,0.6449,8,4.55,1
0.7368,19,14,112,11,2997.75,4,0,1,0.3621,8,7.31,0
0.8205,39,32,620,8,3923.28,2,0,1,0.3221,8,5.14,0
0.2778,18,5,528,7,3018.98,2,0,1,0.5278,5,2.92,0
0.56,25,14,648,6,3910.67,3,1,3,0.6346,5,1.87,1
0.4286,35,15,707,4,2559.06,6,1,3,0.4159,7,4.43,0
0.7619,21,16,697,14,1723.16,2,1,2,0.27,6,3.92,0
0.6429,14,9,250,13,6067.21,4,1,4,0.5507,5,4.09,1
0.4737,19,9,421,2,2811.72,2,0,1,0.3945,3,1.5,0
0.6786,28,19,286,8,5990.38,6,1,3,0.7754,8,4.6,1
0.7812,32,25,119,6,5475.28,6,1,3,0.8406,8,5.32,1
0.8108,37,30,786,5,2488.97,5,0,1,0.5353,8,7.02,1
0.5556,18,10,394,11,5359.12,6,1,3,0.462,5,4.63,1
0.7368,19,14,146,9,4595.53,6,1,3,0.6719,8,4.62,1
0.6154,26,16,518,9,5372.19,6,0,1,0.5522,2,3.25,1
0.6957,23,16,634,11,770.02,2,0,1,0.4985,5,2.7,1
0.5833,36,21,416,11,4619.94,3,1,2,0.5722,8,2.14,0
0.9231,26,24,556,7,2489.74,3,0,1,0.5742,8,3.5,0
0.75,36,27,681,4,3289.56,5,1,4,0.542,8,3.74,1
0.6667,12,8,495,7,2583.96,3,1,3,0.5564,4,5.71,1
0.5556,36,20,535,7,4674.61,4,1,2,0.4477,8,3.21,1
0.6429,14,9,469,5,4009.74,4,1,2,0.4326,3,2.56,1
0.7692,13,10,256,13,2872.13,3,0,1,0.6274,8,2.98,1
0.8125,32,26,472,8,2579.62,4,1,3,0.5933,8,1.79,1
0.3077,26,8,602,14,3337.64,6,1,3,0.6885,2,2.67,1
0.5,36,18,730,10,3474.53,4,1,3,0.6085,7,5.3,1
0.7273,33,24,250,8,5578.51,5,1,2,0.4293,8,4.38,1
0.8,25,20,757,4,3300.54,6,1,2,0.2869,8,4.02,1
0.8636,22,19,236,14,3853.79,4,1,4,0.697,5,2.82,1
0.4595,37,17,236,9,4491.33,2,0,1,0.7798,3,3.64,1
0.8333,24,20,137,13,2199.73,3,0,1,0.4918,8,6.14,0
0.5833,12,7,186,8,4578.21,4,1,3,0.441,1,3.63,0
0.6471,17,11,477,7,2411.88,6,1,3,0.3422,5,2.94,1
0.9524,21,20,646,10,2452.43,4,0,1,0.5545,8,2.0,0
0.4722,36,17,515,8,2975.54,2,0,1,0.2447,8,3.29,0
0.5833,12,7,281,14,7578.27,6,0,1,0.5536,2,6.9,1
0.25,36,9,622,14,2460.36,4,1,2,0.6203,3,5.39,1
0.7222,36,26,620,9,4117.91,5,0,1,0.4642,6,1.97,1
0.697,33,23,203,4,5055.02,6,0,1,0.3795,8,5.12,0
0.8286,35,29,350,12,2942.13,4,0,1,0.4248,8,3.29,0
0.4118,34,14,746,12,3603.64,5,1,2,0.5538,7,5.73,0
0.6667,15,10,595,11,6046.83,4,1,3,0.1087,6,2.24,0
0.9091,11,10,213,23,4539.96,6,0,1,0.3668,8,5.21,0
0.4615,26,12,258,6,8389.58,6,1,2,0.6182,8,4.01,1
0.7273,11,8,237,6,2369.6,5,0,1,0.6139,6,4.06,1
0.5882,17,10,272,12,5784.23,4,0,1,0.5529,8,2.96,1
0.6364,11,7,346,10,7813.25,6,1,2,0.5886,4,6.21,1
0.8974,39,35,496,13,2174.63,2,1,2,0.805,8,5.02,1
0.5882,34,20,689,22,1923.63,3,0,1,0.6021,6,6.32,1
0.8947,19,17,417,18,4575.63,6,1,2,0.4212,7,3.14,1
0.5185,27,14,133,8,3721.2,4,1,2,0.2534,6,2.97,1
0.5385,13,7,235,13,5540.51,5,0,1,0.6444,2,4.89,0
0.6757,37,25,460,14,2962.41,3,1,3,0.2138,8,2.5,1
0.6364,11,7,746,14,4186.94,3,0,1,0.8496,2,3.61,0
0.3421,38,13,523,8,7201.22,6,1,3,0.3634,8,3.33,1
0.7692,13,10,554,13,1725.24,2,0,1,0.3796,8,2.69,1
0.5,24,12,533,11,4520.9,5,1,2,0.4304,6,2.65,0
0.3235,34,11,146,11,2984.98,5,1,3,0.5971,7,4.29,1
0.7059,34,24,633,13,5864.37,6,1,3,0.4146,8,2.6,0
0.7778,27,21,585,15,3846.55,3,0,1,0.3883,8,3.02,1
0.6923,13,9,780,5,4246.93,6,1,3,0.733,4,4.69,1
0.7241,29,21,582,22,6423.81,4,0,1,0.5891,6,3.96,1
0.6667,12,8,437,6,1980.03,2,1,2,0.3577,3,5.46,0
0.8148,27,22,125,11,5003.68,6,1,2,0.4091,8,3.83,1
0.8462,26,22,690,7,3248.08,2,1,2,0.3574,8,4.12,0
0.6,10,6,536,14,3034.27,4,1,2,0.4137,4,3.52,0
0.7419,31,23,438,13,5151.36,3,1,2,0.5154,5,2.38,1
0.4167,12,5,258,16,3423.14,3,1,3,0.3886,5,4.81,0
0.6364,11,7,227,10,3815.8,4,1,2,0.5282,5,4.13,1
0.6667,12,8,227,13,5871.47,3,0,1,0.5212,3,3.86,1
0.7143,35,25,460,7,4355.26,6,0,1,0.5307,8,2.42,1
0.625,24,15,372,19,3231.07,2,1,2,0.569,8,5.32,0
0.5909,22,13,660,7,2662.55,5,1,3,0.6633,4,4.66,1
0.8462,39,33,437,11,3591.68,4,1,3,0.4598,8,3.07,1
0.7826,23,18,386,8,6550.17,6,1,2,0.7225,7,3.46,1
0.9091,22,20,640,12,2694.79,4,1,3,0.418,8,2.12,1
0.625,40,25,298,8,3936.31,4,1,4,0.5402,8,3.18,0
0.6061,33,20,487,6,5117.47,5,0,1,0.596,8,3.0,1
0.7576,33,25,356,9,2396.12,5,0,1,0.5072,8,4.28,1
0.6667,36,24,114,8,1909.46,2,0,1,0.3486,8,5.35,1
0.7647,17,13,624,14,2033.77,3,1,3,0.4956,7,4.94,1
0.8333,36,30,704,6,5624.04,3,0,1,0.4391,8,2.17,1
0.75,16,12,471,5,4255.79,6,0,1,0.5884,4,4.91,1
0.7857,14,11,343,9,3057.94,2,0,1,0.6955,3,2.81,1
0.8438,32,27,229,6,3158.7,6,1,4,0.4378,8,4.11,1
0.7429,35,26,587,7,4937.06,6,1,2,0.3952,8,6.9,1
0.8649,37,32,532,11,5056.09,5,1,4,0.2319,8,5.58,1
0.8235,34,28,316,10,6945.75,5,1,3,0.2276,8,2.24,1
0.9,20,18,232,6,2562.58,2,0,1,0.3705,8,6.03,0
1.0,11,11,132,6,4828.84,3,1,3,0.4957,7,3.06,1
0.5152,33,17,544,12,4113.23,6,0,1,0.7046,8,3.93,1
0.8,10,8,148,5,3704.61,5,0,1,0.4353,4,2.3,0
0.7368,38,28,219,16,2222.43,3,1,3,0.3706,8,3.96,1
0.8065,31,25,332,4,2261.13,5,0,1,0.3293,8,4.83,1
0.8571,21,18,606,5,4785.46,3,0,1,0.5269,8,3.59,1
0.9091,22,20,492,19,4373.89,4,0,1,0.5518,8,4.33,1
0.7,10,7,250,16,2910.85,4,1,2,0.2562,2,3.57,0
0.5,20,10,676,11,4742.12,6,0,1,0.6024,1,4.77,1
0.8387,31,26,789,12,1959.81,2,1,2,0.4496,8,4.47,0
0.75,32,24,153,13,3434.09,4,1,4,0.5409,8,3.55,0
0.8333,18,15,123,9,2681.53,2,0,1,0.6405,7,5.38,1
0.7027,37,26,548,11,4119.42,3,0,1,0.553,8,2.54,1
0.7,30,21,361,14,3795.97,3,0,1,0.4099,8,4.91,0
0.7368,38,28,660,9,2433.82,4,0,1,0.3714,8,3.0,1
0.4324,37,16,239,11,3714.47,2,0,1,0.3218,7,9.23,1
0.8333,18,15,136,10,3189.89,4,1,4,0.394,7,2.91,1
0.6,15,9,272,14,1723.41,3,1,3,0.1914,6,5.6,1
0.75,12,9,576,13,4192.47,6,0,1,0.4421,7,4.97,0
0.3846,26,10,595,6,2867.94,5,1,2,0.6652,3,3.13,0
0.3684,19,7,728,5,3180.81,3,1,2,0.5379,7,2.37,1
0.625,40,25,178,3,5870.59,5,0,1,0.7413,8,3.51,1
0.75,12,9,330,12,6682.77,5,0,1,0.407,3,3.92,1
0.3,10,3,337,9,4179.49,4,1,3,0.4564,2,4.58,0
0.4062,32,13,650,9,3938.6,5,1,3,0.6384,5,5.94,1
0.6333,30,19,381,12,2370.89,2,1,2,0.3017,8,2.72,0
0.7857,14,11,222,8,9205.13,5,0,1,0.4535,5,5.16,0
0.5385,13,7,449,11,4417.33,6,1,4,0.1884,3,3.71,1
0.8,10,8,247,12,8936.4,3,1,3,0.5947,5,4.2,1
0.9,10,9,758,13,5626.77,6,1,4,0.67,7,2.49,1
0.7917,24,19,243,7,7533.93,4,1,4,0.4934,6,3.1,1
0.4412,34,15,601,10,2436.74,4,1,3,0.3425,3,3.33,0
0.7059,17,12,505,9,2153.74,2,1,2,0.5217,7,3.32,1
0.4815,27,13,271,8,2900.34,4,1,4,0.5483,5,3.8,1
0.8571,21,18,208,7,7367.64,5,1,2,0.2717,8,5.42,1
0.7188,32,23,534,7,2571.37,2,0,1,0.4765,8,2.69,1
0.7857,14,11,502,9,3429.31,4,1,3,0.529,4,5.15,1
0.6087,23,14,334,11,2648.17,5,1,2,0.3982,5,4.95,1
0.7143,28,20,607,7,4330.4,2,1,2,0.3745,8,1.46,0
0.9524,21,20,411,7,3882.46,3,1,3,0.2856,7,4.73,0
0.8621,29,25,528,9,4368.08,5,1,2,0.5211,8,3.55,1
0.5556,27,15,526,6,5378.92,4,0,1,0.4181,8,2.94,1
0.5417,24,13,399,11,3222.25,5,0,1,0.4591,4,2.44,1
0.8857,35,31,736,15,4154.75,4,1,4,0.6584,8,4.85,1
0.6774,31,21,155,5,6196.9,6,0,1,0.6936,8,2.23,1
0.6667,21,14,344,5,2862.28,4,0,1,0.6916,5,2.7,1
0.7436,39,29,674,8,18099.03,6,1,3,0.2871,8,3.93,1
0.7037,27,19,256,5,2339.58,6,0,1,0.4068,8,6.93,1
0.7826,23,18,420,2,4081.5,6,0,1,0.4043,8,7.1,1
0.5455,22,12,403,18,10334.35,5,0,1,0.3731,8,2.7,0
0.52,25,13,157,18,4042.04,4,1,3,0.6591,5,3.06,1
0.8,15,12,753,23,3359.66,3,0,1,0.526,5,4.22,0
0.7419,31,23,668,31,5681.51,2,0,1,0.5666,8,2.42,0
0.6333,30,19,109,10,3287.04,4,1,2,0.4016,5,2.84,1
0.7429,35,26,766,8,9493.18,5,1,2,0.4857,8,2.75,1
0.4783,23,11,348,18,5041.7,4,0,1,0.6932,8,5.95,0
0.5455,33,18,666,6,3864.64,2,0,1,0.5804,8,6.76,1
0.4444,18,8,384,16,2579.74,3,1,2,0.2824,2,3.56,1
0.9032,31,28,698,6,6358.56,6,1,3,0.4369,8,2.48,1
0.7,10,7,365,11,3238.23,4,1,4,0.4928,3,4.03,1
0.92,25,23,650,7,2346.16,2,0,1,0.5881,8,5.69,0
0.7273,33,24,133,5,4647.45,6,1,3,0.4334,8,2.88,1
0.5294,17,9,551,9,4189.42,4,0,1,0.4912,2,3.37,0
0.7059,17,12,322,6,2431.42,2,0,1,0.6436,5,2.71,0
1.0,16,16,536,8,8170.1,6,0,1,0.4148,8,2.17,0
0.8696,23,20,171,6,2206.98,4,0,1,0.5715,8,2.57,1
0.7143,21,15,666,19,3192.59,3,0,1,0.635,8,4.54,0
0.9615,26,25,715,6,4483.87,2,0,1,0.5793,8,3.61,1
0.5455,11,6,626,8,2291.32,2,0,1,0.3037,4,3.55,0
0.8182,33,27,367,15,5585.81,6,1,2,0.618,8,4.37,0
0.4815,27,13,421,8,3075.55,5,1,2,0.3097,5,4.66,1
0.9394,33,31,320,21,3113.14,4,0,1,0.6502,8,4.49,1
0.8889,18,16,511,8,4004.26,5,1,3,0.4657,8,1.46,1
0.6364,22,14,318,8,2687.75,3,1,2,0.3149,5,2.49,1
0.4615,39,18,668,19,4327.03,6,1,2,0.5715,5,4.91,1
0.4857,35,17,189,10,6557.37,3,1,2,0.6036,8,3.58,1
0.8148,27,22,310,9,7060.66,5,1,2,0.4945,8,5.25,1
0.725,40,29,164,4,3809.29,5,0,1,0.6641,8,5.84,1
0.5897,39,23,442,8,2352.47,2,0,1,0.7529,8,5.86,1
0.4286,14,6,776,16,3767.24,3,1,3,0.6646,2,5.36,1
0.875,24,21,391,5,2517.01,2,0,1,0.7783,7,1.63,0
0.7143,21,15,653,3,3581.69,4,0,1,0.3837,7,7.21,0
0.8125,32,26,787,9,7257.19,5,0,1,0.695,8,2.42,1
0.7778,27,21,143,15,3693.39,2,0,1,0.394,8,4.39,1
0.75,24,18,423,7,4962.62,4,1,3,0.5826,8,3.97,1
0.6667,18,12,733,9,2727.57,4,1,2,0.4717,8,2.82,1
0.9259,27,25,462,11,4012.43,6,0,1,0.3551,8,2.72,0
0.7,20,14,692,9,6350.05,6,0,1,0.8085,5,8.49,0
0.6,30,18,723,15,6215.67,3,0,1,0.7018,8,5.64,1
0.84,25,21,696,12,2451.43,2,1,2,0.4456,8,4.51,1
0.3429,35,12,654,9,4946.17,6,1,3,0.3218,7,4.66,1
0.6667,18,12,743,20,2434.63,4,1,2,0.2413,5,1.86,1
0.7742,31,24,693,10,3312.28,4,1,2,0.361,8,2.76,1
0.9615,26,25,358,3,2563.88,3,1,2,0.2289,8,3.78,0
0.6774,31,21,412,10,4377.87,3,0,1,0.5579,8,3.08,0
0.7632,38,29,274,9,3718.99,4,0,1,0.2097,8,5.44,0
0.4,20,8,313,13,2526.1,2,0,1,0.0679,2,20.18,0
0.1,10,1,347,30,1873.1,2,1,2,0.2077,0,26.25,0
0.25,8,2,923,16,1326.36,2,1,2,0.0685,0,13.72,0
0.4444,9,4,539,32,1296.71,2,1,2,0.2287,1,15.55,1
0.0714,28,2,222,13,1937.57,3,0,1,0.1337,0,32.8,0
0.0909,11,1,702,13,2892.61,2,0,1,0.0712,0,41.51,0
0.2,5,1,856,44,2337.99,1,0,1,0.2613,0,30.95,0
0.0,8,0,893,23,1587.49,2,0,1,0.2324,0,0.0,1
0.2222,9,2,951,11,1113.97,1,0,1,0.4088,0,18.71,0
0.0476,21,1,616,24,1841.14,1,0,1,0.062,0,16.13,0
0.1304,23,3,698,11,1100.96,1,0,1,0.2089,0,10.38,0
0.0,19,0,641,11,946.98,1,0,1,0.3357,0,0.0,0
0.04,25,1,268,26,1246.99,2,0,1,0.2079,0,12.97,0
0.0769,13,1,387,6,1978.83,1,0,1,0.3524,0,13.25,0
0.3077,13,4,318,25,2113.87,1,0,1,0.0717,1,15.42,0
0.0,8,0,486,10,3795.86,2,0,1,0.1953,0,0.0,0
0.0,11,0,269,7,2206.3,2,0,1,0.0462,0,0.0,0
0.0,5,0,573,11,2539.92,2,0,1,0.1501,0,0.0,0
0.0,5,0,580,32,1602.01,2,0,1,0.0988,0,0.0,1
0.2105,19,4,397,16,2267.72,2,0,1,0.1146,0,15.73,0
0.0,4,0,977,14,2635.19,2,0,1,0.0379,0,0.0,1
0.3,10,3,569,24,1401.25,2,0,1,0.1814,0,34.14,0
0.0,12,0,562,41,1512.89,1,0,1,0.179,0,0.0,0
0.1111,9,1,951,18,3263.76,2,1,2,0.1207,0,31.43,0
0.0,13,0,724,20,1469.44,1,0,1,0.2341,0,0.0,0
0.1,10,1,561,22,1626.36,1,0,1,0.2685,0,32.25,0
0.2857,7,2,713,18,1578.33,1,0,1,0.1386,0,21.21,0
0.0714,14,1,460,15,1864.01,3,0,1,0.1421,0,16.57,0
0.0,10,0,326,17,2088.48,2,0,1,0.2089,0,0.0,0
0.0,8,0,845,22,1970.14,3,0,1,0.1105,0,0.0,0
0.1538,13,2,308,35,1124.8,1,0,1,0.1638,1,20.67,0
0.3235,34,11,939,24,1415.81,2,0,1,0.0559,2,32.77,0
0.0,10,0,671,16,1557.75,1,0,1,0.0095,0,0.0,0
0.1,20,2,926,21,1465.77,1,0,1,0.087,0,17.44,1
0.625,8,5,259,30,1851.02,1,0,1,0.2684,1,15.04,0
0.6875,16,11,530,22,1383.45,1,0,1,0.228,0,20.14,0
0.0,19,0,331,17,1895.25,2,0,1,0.0498,0,0.0,0
0.0,14,0,805,19,2312.77,2,0,1,0.257,0,0.0,0
0.0,29,0,844,12,3362.79,2,1,2,0.2309,0,0.0,0
0.2,10,2,758,27,1608.4,1,0,1,0.2469,0,15.95,0
0.1765,17,3,440,9,1797.67,2,0,1,0.4311,0,13.79,0
0.1667,6,1,455,38,2845.74,3,0,1,0.3197,1,9.25,1
0.0769,13,1,331,4,1122.69,1,0,1,0.1995,0,17.2,0
0.3704,27,10,897,31,1216.47,1,0,1,0.2167,1,15.15,0
0.375,8,3,455,34,1835.54,2,0,1,0.084,0,20.49,1
0.3913,23,9,442,100,1513.53,1,0,1,0.1725,2,27.98,0
0.0,10,0,884,24,2446.83,1,0,1,0.0604,0,0.0,0
0.3333,15,5,745,12,1648.68,2,1,2,0.1613,0,17.04,0
0.0,11,0,979,29,2302.36,2,0,1,0.3334,0,0.0,0
0.5,12,6,701,20,1517.11,1,0,1,0.1066,1,16.06,0
0.0,19,0,244,27,4008.24,3,0,1,0.2391,0,0.0,1
0.1667,12,2,595,36,2768.66,3,0,1,0.0331,0,11.22,0
0.0,18,0,462,11,2144.07,2,0,1,0.0622,0,0.0,0
0.0833,12,1,625,20,2490.58,2,0,1,0.2789,0,14.92,0
0.0,19,0,319,45,2111.37,1,0,1,0.1042,0,0.0,0
0.0625,16,1,592,24,1669.79,2,0,1,0.2612,0,12.51,0
0.0,7,0,834,19,1539.43,1,0,1,0.2434,0,0.0,0
0.05,20,1,874,16,2195.15,1,0,1,0.2967,0,16.47,0
0.2143,14,3,188,19,2562.75,2,0,1,0.1382,0,29.19,0
0.0,8,0,864,19,1698.66,2,0,1,0.2517,0,0.0,0
0.1333,15,2,242,17,2105.7,2,0,1,0.3068,0,18.45,0
0.0526,19,1,752,25,1490.02,1,0,1,0.1485,0,11.78,0
0.0,7,0,268,19,2539.54,2,0,1,0.122,0,0.0,0
0.2,5,1,220,16,1880.05,2,1,2,0.375,0,13.59,0
0.0909,33,3,721,26,1309.97,3,0,1,0.0634,0,17.95,0
0.2222,9,2,530,19,1905.58,3,0,1,0.2252,1,16.16,0
0.0,5,0,946,42,1801.61,1,0,1,0.2576,0,0.0,1
0.0833,12,1,493,17,1625.32,1,0,1,0.0441,0,25.18,0
0.4286,14,6,665,24,1957.96,3,0,1,0.1347,1,16.63,0
0.3333,6,2,507,19,3139.01,3,1,3,0.0602,1,26.95,0
0.0,14,0,898,26,1592.24,1,0,1,0.1905,0,0.0,0
0.325,40,13,209,15,2314.66,2,0,1,0.3152,4,34.18,0
0.1111,18,2,739,27,1291.44,1,0,1,0.3241,0,24.83,0
0.05,20,1,758,21,3736.86,3,0,1,0.0913,0,29.92,0
0.0,22,0,461,19,2384.43,1,0,1,0.2282,0,0.0,0
0.1667,6,1,304,13,667.24,1,0,1,0.0575,0,12.99,0
0.1081,37,4,245,22,1982.77,2,1,2,0.2999,1,29.94,1
0.0,12,0,871,16,2562.53,2,1,2,0.0184,0,0.0,0
0.25,44,11,797,19,1076.41,2,1,2,0.2723,1,16.16,0
0.0,6,0,893,10,2119.93,2,0,1,0.3053,0,0.0,0
0.1667,12,2,695,36,969.85,1,0,1,0.0882,0,26.15,0
0.125,8,1,747,16,1528.56,1,0,1,0.2441,0,14.83,0
0.125,8,1,972,19,2224.52,1,0,1,0.1237,1,15.66,0
0.25,12,3,524,23,2131.03,2,0,1,0.1909,0,13.12,0
0.25,16,4,812,11,911.16,1,0,1,0.2316,2,8.95,0
0.0,10,0,561,16,1279.88,2,0,1,0.0745,0,0.0,0
0.56,25,14,194,53,1804.64,1,0,1,0.3402,2,27.23,0
0.0,20,0,995,13,2238.45,1,0,1,0.4675,0,0.0,1
0.0833,12,1,551,21,1645.69,1,0,1,0.3164,1,18.08,0
0.0909,11,1,501,23,1848.3,2,1,2,0.039,0,16.33,0
0.3333,12,4,789,11,1582.66,1,0,1,0.1673,0,8.31,0
0.125,8,1,218,30,2049.93,2,0,1,0.1596,0,11.79,0
0.0,7,0,873,26,1915.65,2,0,1,0.1624,0,0.0,0
0.2857,7,2,309,43,1812.51,1,0,1,0.0369,0,17.12,0
0.0,16,0,619,36,2479.87,3,1,3,0.1205,0,0.0,0
0.0,8,0,807,22,2307.53,2,0,1,0.2606,0,0.0,0
0.1111,9,1,774,17,1567.5,1,0,1,0.0673,0,11.85,0
0.1667,18,3,897,14,1513.41,1,0,1,0.0936,1,19.27,0
0.0667,15,1,704,46,2236.27,3,0,1,0.1053,0,20.65,0
0.1429,7,1,602,13,1429.36,2,0,1,0.2727,0,25.19,0
0.0,8,0,700,17,2446.21,2,0,1,0.092,0,0.0,1
0.375,8,3,243,31,2645.14,1,0,1,0.2381,0,10.07,0
0.0,11,0,299,16,1721.16,2,0,1,0.1149,0,0.0,0
0.5385,13,7,511,19,1182.23,1,0,1,0.5036,0,25.5,0
0.1111,36,4,582,12,3392.46,3,0,1,0.222,1,11.5,0
0.0455,22,1,254,43,1998.54,2,0,1,0.1543,0,8.7,0
0.3636,11,4,830,35,3357.44,3,0,1,0.2202,0,21.47,0
0.0,22,0,863,33,1889.21,2,0,1,0.284,0,0.0,0
0.0,9,0,718,29,2185.36,1,0,1,0.0588,0,0.0,0
0.1667,12,2,598,58,1694.3,1,0,1,0.126,0,25.42,0
0.2222,9,2,659,17,1638.55,2,0,1,0.2772,0,26.69,0
0.1579,19,3,317,35,2186.47,3,0,1,0.2628,0,21.01,0
0.0556,18,1,970,33,2038.88,1,0,1,0.0358,0,14.8,1
0.1429,7,1,990,14,2437.59,3,0,1,0.4038,0,17.36,0
0.1111,18,2,543,30,1466.69,1,0,1,0.2179,0,13.79,0
0.0,10,0,811,18,1661.72,1,0,1,0.0725,0,0.0,0
0.125,8,1,788,13,1860.76,1,0,1,0.3057,0,23.63,0
0.125,16,2,219,14,1709.15,2,0,1,0.2428,0,29.35,0
0.2353,17,4,512,20,2125.7,3,0,1,0.15,0,14.68,0
0.125,8,1,711,14,2346.08,1,0,1,0.1767,0,20.6,0
0.1538,13,2,961,35,1245.66,2,0,1,0.0734,0,15.37,0
0.125,8,1,702,6,2245.16,3,0,1,0.4455,0,11.61,0
0.0,9,0,506,19,2267.9,1,0,1,0.0811,0,0.0,0
0.125,8,1,971,17,2358.82,2,0,1,0.1109,0,22.33,0
0.0,10,0,853,15,1361.75,1,0,1,0.1076,0,0.0,0
0.0588,17,1,548,16,1280.13,1,0,1,0.1604,0,9.83,0
0.0,14,0,233,26,805.5,1,0,1,0.1336,0,0.0,0
0.1667,6,1,585,15,1262.59,2,1,2,0.0647,0,20.25,1
0.0,7,0,241,29,1992.1,1,0,1,0.0662,0,0.0,0
0.1429,14,2,820,19,3308.54,2,1,2,0.0576,1,36.36,1
0.125,16,2,345,16,1463.33,1,0,1,0.2022,1,21.19,0
0.3077,13,4,588,12,2173.88,1,0,1,0.1406,1,32.55,0
0.0,17,0,626,24,1631.28,1,0,1,0.201,0,0.0,0
0.037,27,1,753,63,2439.35,1,0,1,0.362,0,16.13,0
0.0,4,0,216,36,2150.51,3,0,1,0.1245,0,0.0,0
0.0,11,0,330,22,1251.05,1,0,1,0.3733,0,0.0,0
0.04,25,1,281,13,2282.88,1,0,1,0.2016,0,16.97,0
0.2857,21,6,283,17,2202.93,1,0,1,0.117,1,13.16,0
0.0,15,0,373,18,2256.93,2,0,1,0.2133,0,0.0,0
0.0,6,0,746,40,2601.3,1,0,1,0.1928,0,0.0,0
0.0833,24,2,884,9,1067.26,1,0,1,0.0428,0,10.98,0
0.3871,31,12,221,59,1799.12,2,0,1,0.0717,1,12.14,0
0.0,8,0,193,40,2077.26,1,0,1,0.29,0,0.0,0
0.0,14,0,668,29,1591.79,2,0,1,0.0832,0,0.0,0
0.1818,11,2,733,39,1923.29,2,0,1,0.1602,0,17.84,0
0.0714,14,1,420,23,1649.33,1,0,1,0.3874,0,24.07,0
0.5,12,6,389,12,957.7,1,0,1,0.0592,1,21.69,0
0.0,21,0,693,17,1343.07,1,0,1,0.0798,0,0.0,0
0.0,9,0,984,40,2402.71,2,0,1,0.0445,0,0.0,1
0.2,5,1,968,33,1471.09,2,0,1,0.4032,0,13.89,0
0.0,8,0,262,11,931.82,2,0,1,0.2805,0,0.0,1
0.3333,6,2,321,21,2073.66,2,0,1,0.0614,0,15.69,0
0.0,7,0,317,22,2249.54,1,0,1,0.083,0,0.0,0
0.6667,6,4,353,27,2553.25,3,0,1,0.1041,1,21.25,0
0.3846,13,5,271,12,2619.38,3,0,1,0.2425,0,7.53,0
0.1053,19,2,521,30,2737.02,2,0,1,0.098,0,15.99,0
0.2143,14,3,482,42,3348.79,3,0,1,0.257,0,12.25,0
0.0645,31,2,417,31,1662.4,1,0,1,0.298,0,10.61,0
0.1923,26,5,568,29,1315.76,1,0,1,0.0742,1,20.57,0
0.5556,9,5,675,55,1719.17,1,0,1,0.11,1,21.4,0
0.0,22,0,516,42,2291.36,1,0,1,0.0763,0,0.0,0
0.0,6,0,928,16,2043.09,2,0,1,0.0929,0,0.0,0
0.0,5,0,637,21,1081.77,1,0,1,0.1278,0,0.0,1
0.0,11,0,318,20,2173.5,2,0,1,0.0323,0,0.0,0
0.0833,12,1,756,18,3216.96,3,0,1,0.2784,0,30.08,0
0.0,9,0,959,22,1656.74,2,0,1,0.0833,0,0.0,0
0.0526,19,1,628,18,1964.69,2,0,1,0.0588,0,21.82,0
0.2,10,2,770,28,1862.88,2,0,1,0.344,0,10.55,1
0.1739,23,4,583,13,1729.86,1,0,1,0.1764,1,23.66,1
0.15,20,3,912,37,1882.1,2,0,1,0.1494,0,14.44,0
0.1667,12,2,567,18,1461.74,1,0,1,0.4801,0,20.28,0
0.0,26,0,742,10,2183.59,3,1,2,0.174,0,0.0,0
0.0,15,0,270,11,2016.0,1,0,1,0.0147,0,0.0,0
0.0,11,0,461,30,2521.59,2,0,1,0.1538,0,0.0,0
0.2,20,4,838,42,1634.15,1,0,1,0.1179,1,27.94,0
0.3023,43,13,213,22,1124.95,1,0,1,0.0766,2,23.89,0
0.1,10,1,305,13,1336.62,1,0,1,0.1618,0,23.63,1
0.2105,19,4,284,24,2886.15,2,0,1,0.1125,0,12.91,0
0.0857,35,3,227,9,1078.17,1,0,1,0.161,0,23.54,0
0.1818,33,6,600,17,2178.23,2,0,1,0.3606,2,35.93,0
0.0833,12,1,563,16,3178.29,3,0,1,0.1786,0,31.61,0
0.0769,13,1,538,31,2121.24,2,1,2,0.1531,0,22.83,0
0.2,15,3,394,21,1796.49,1,0,1,0.2898,1,12.87,0
0.1429,14,2,828,12,2685.86,2,0,1,0.1235,0,12.04,0
0.0,17,0,250,30,999.29,1,0,1,0.1183,0,0.0,0
0.125,8,1,405,14,1663.47,1,0,1,0.0449,0,19.1,1
0.4348,23,10,946,16,1420.73,1,0,1,0.2111,1,19.38,0
0.0625,16,1,399,37,2078.46,1,0,1,0.134,0,26.17,0
0.0938,32,3,928,14,1344.17,1,0,1,0.107,0,26.84,0
0.0526,19,1,461,26,2126.74,2,0,1,0.142,1,28.32,0
0.0,25,0,304,24,2783.98,2,0,1,0.1829,0,0.0,0
0.125,8,1,795,12,1787.3,1,0,1,0.098,0,34.5,0
0.2222,9,2,593,8,2418.98,3,0,1,0.2101,0,17.04,0
0.0,8,0,990,21,1343.58,1,0,1,0.3539,0,0.0,0
0.0588,17,1,959,41,2121.47,3,0,1,0.1671,0,7.69,1
0.0,9,0,898,34,1318.58,2,0,1,0.2446,0,0.0,0
0.1667,60,10,235,19,2241.17,2,0,1,0.228,0,29.75,0
0.1,20,2,316,18,1141.87,1,0,1,0.04,1,18.79,0
0.2778,18,5,396,31,1073.86,1,0,1,0.0923,0,27.32,0
0.0,15,0,229,21,1729.18,3,0,1,0.0766,0,0.0,0
0.0625,16,1,358,46,2531.83,2,0,1,0.081,0,38.72,0
0.4138,58,24,546,37,2388.52,2,0,1,0.0569,4,13.77,0
0.0,24,0,613,48,2304.95,1,0,1,0.5124,0,0.0,0
0.0,6,0,945,10,1718.0,1,0,1,0.1265,0,0.0,0
0.3333,30,10,842,16,1094.37,1,0,1,0.2733,0,24.37,0
0.2308,13,3,221,33,1851.63,1,0,1,0.1847,1,12.6,0
0.3333,6,2,314,15,2000.47,2,0,1,0.3127,0,16.75,0
0.1,40,4,759,25,1832.98,2,0,1,0.207,0,11.1,0
0.0,7,0,310,26,1311.36,1,0,1,0.0559,0,0.0,0
0.0,5,0,555,10,1813.61,1,0,1,0.2296,0,0.0,0
0.2222,9,2,364,27,803.56,1,0,1,0.2128,0,32.37,0
0.1667,6,1,519,42,1867.45,2,0,1,0.0682,0,7.39,0
0.0,6,0,298,31,2044.75,1,0,1,0.1232,0,0.0,0
0.0,4,0,478,13,2050.91,3,0,1,0.1218,0,0.0,1
0.1429,7,1,332,24,1563.8,2,1,2,0.1503,0,31.43,0
0.1818,11,2,534,23,3682.16,3,0,1,0.2142,1,10.3,0
0.0,9,0,322,31,1600.8,1,0,1,0.3539,0,0.0,0
0.25,8,2,258,17,2373.19,2,0,1,0.2268,0,13.13,0
0.0,10,0,839,17,1089.53,1,0,1,0.0341,0,0.0,0
0.0556,18,1,307,16,1645.88,3,0,1,0.1415,1,14.33,0
0.1333,15,2,694,14,889.49,1,0,1,0.0984,1,51.45,0
0.2308,26,6,896,37,1803.72,1,0,1,0.194,0,11.86,0
0.3,10,3,930,21,939.2,2,1,2,0.2478,0,19.83,1
0.0,6,0,298,17,2328.97,2,1,2,0.217,0,0.0,0
0.1053,19,2,566,18,1486.29,1,0,1,0.0106,0,12.45,0
0.0909,11,1,415,16,2749.46,2,1,2,0.0388,0,14.74,0
0.0909,11,1,661,27,1287.69,1,0,1,0.0817,0,12.73,0
0.0714,14,1,334,21,1395.18,2,0,1,0.1769,0,20.55,0
0.2,25,5,396,31,2287.82,2,0,1,0.1586,0,17.08,0
0.1053,38,4,921,31,2066.13,1,0,1,0.0246,0,8.63,0
0.0357,28,1,369,32,1205.36,1,0,1,0.1009,1,22.76,0
0.4118,17,7,937,25,2419.86,2,0,1,0.5035,0,11.62,0
0.0833,24,2,384,25,973.51,1,0,1,0.2639,0,47.9,0
0.6667,9,6,812,8,2368.64,3,0,1,0.0672,0,19.66,0
0.0588,17,1,726,35,2057.23,1,0,1,0.1143,0,27.11,0
0.1667,24,4,878,25,1992.04,2,0,1,0.1774,0,18.68,0
0.2143,14,3,362,23,2002.46,2,0,1,0.218,1,21.52,1
0.3158,19,6,890,21,1351.45,2,1,2,0.1487,0,19.78,0
0.0294,34,1,804,44,1141.12,2,1,2,0.0745,0,40.89,0
0.1429,7,1,229,15,2029.74,1,0,1,0.0947,0,16.03,0
0.2222,18,4,990,44,2408.51,1,0,1,0.1102,0,19.75,0
0.1667,6,1,446,14,1897.57,2,0,1,0.1352,0,10.53,0
0.0,24,0,303,26,1767.74,1,0,1,0.1762,0,0.0,0
0.4,15,6,892,32,1794.91,1,0,1,0.3051,0,19.04,0
0.1333,15,2,653,26,2306.91,1,0,1,0.2522,1,23.05,0
0.0,5,0,785,10,1877.55,2,0,1,0.1099,0,0.0,0
0.2727,11,3,312,17,1137.25,1,0,1,0.0536,1,11.17,1
0.6,5,3,948,23,1563.72,1,0,1,0.0584,0,38.71,0
0.125,8,1,801,8,1389.86,1,0,1,0.0108,0,25.22,0
0.0,42,0,445,27,1948.75,1,0,1,0.2863,0,0.0,1
0.5455,22,12,223,33,1672.84,1,0,1,0.2527,2,16.18,0
0.0909,11,1,997,19,2123.15,1,0,1,0.3647,0,21.36,0
0.1379,29,4,967,12,1227.35,1,0,1,0.0934,0,15.38,0
0.0,7,0,188,22,1720.02,2,0,1,0.124,0,0.0,0
0.2222,9,2,432,15,1599.39,2,0,1,0.0529,0,25.66,0
0.2353,17,4,374,22,2235.2,1,0,1,0.104,0,15.55,1
0.087,23,2,564,18,2000.26,2,0,1,0.1103,1,39.81,0
0.2105,19,4,498,17,1322.63,1,0,1,0.0466,0,24.8,0
0.0,9,0,750,44,1268.85,1,0,1,0.0971,0,0.0,1
0.1667,24,4,445,25,1602.93,2,0,1,0.0539,0,14.35,0
0.0,5,0,300,31,1228.63,1,0,1,0.0638,0,0.0,1
0.0833,12,1,651,38,1764.77,1,0,1,0.0201,0,9.93,0
0.1333,15,2,434,23,1726.07,2,0,1,0.1345,1,34.66,0
0.24,25,6,681,13,939.75,2,1,2,0.2194,1,10.05,0
0.0,14,0,847,41,1270.86,1,0,1,0.1599,0,0.0,0
0.25,8,2,652,14,1927.12,2,0,1,0.2372,0,17.54,1
0.0,3,0,945,29,1556.35,1,0,1,0.3182,0,0.0,0
0.0,5,0,224,26,2931.17,2,0,1,0.1066,0,0.0,0
0.4,10,4,285,36,3272.15,3,1,3,0.1119,2,21.86,1
0.2222,27,6,448,6,2585.49,3,1,2,0.2086,1,8.37,0
0.0,6,0,383,17,1393.6,2,0,1,0.1641,0,0.0,0
0.4211,19,8,509,28,1139.95,1,0,1,0.1392,0,17.92,0
0.0909,22,2,680,33,2404.94,3,0,1,0.3239,0,17.95,0
0.125,8,1,795,73,1856.84,1,0,1,0.2923,0,20.14,0
0.1818,11,2,904,9,2033.98,2,0,1,0.1163,0,8.83,0
0.0,15,0,919,31,2573.98,1,0,1,0.2514,0,0.0,0
0.0,10,0,522,21,1197.08,1,0,1,0.0323,0,0.0,0
0.0,4,0,568,21,1196.0,1,0,1,0.2041,0,0.0,0
0.4,10,4,893,10,1626.01,2,0,1,0.3004,0,17.59,1
0.2857,7,2,685,13,2127.97,2,0,1,0.3003,0,24.16,0
0.1143,35,4,815,19,1679.03,3,0,1,0.0857,1,15.22,0
0.2727,11,3,692,23,2087.06,3,0,1,0.4696,0,34.21,0
0.3333,15,5,570,14,2359.76,3,0,1,0.1233,1,15.66,0
0.125,8,1,609,35,1572.34,1,0,1,0.1565,0,16.3,0
0.5556,18,10,430,14,3255.06,2,0,1,0.2124,0,45.81,0
0.2857,7,2,214,28,1104.16,2,0,1,0.1356,0,11.56,0
0.0,11,0,570,25,1809.0,1,0,1,0.2198,0,0.0,0
0.0714,14,1,192,12,1153.46,1,0,1,0.1246,0,11.1,0
0.1875,16,3,352,35,1382.03,1,0,1,0.0885,2,22.12,0
0.0714,14,1,793,19,1382.87,1,0,1,0.124,0,13.02,0
0.0,12,0,628,13,3516.25,2,0,1,0.1259,0,0.0,0
0.0,6,0,268,26,2169.42,2,0,1,0.1329,0,0.0,0
0.0909,11,1,371,18,1870.97,2,0,1,0.1701,0,16.26,0
0.2727,11,3,196,14,1185.71,1,0,1,0.1363,0,37.75,0
0.16,25,4,491,25,1410.51,1,0,1,0.0743,0,11.46,1
0.087,23,2,858,18,2866.58,3,1,3,0.2253,0,15.51,1
0.0,3,0,925,24,2950.91,2,0,1,0.2459,0,0.0,0
0.1667,6,1,625,19,1521.06,1,0,1,0.2014,0,11.0,0
0.1429,14,2,242,22,1717.42,1,0,1,0.2439,0,12.36,0
0.2857,21,6,519,13,1536.08,2,0,1,0.0712,2,12.62,1
0.5,18,9,583,20,1099.56,1,0,1,0.0202,2,17.6,0
0.0435,23,1,582,13,1255.78,2,0,1,0.2703,0,17.24,0
0.25,12,3,521,32,1876.75,1,0,1,0.161,0,20.79,0
0.1538,13,2,423,32,2322.25,2,0,1,0.1178,0,20.84,0
0.1429,28,4,384,18,1417.09,1,0,1,0.4371,1,16.08,0
0.2083,24,5,994,31,1738.5,1,0,1,0.1061,0,21.43,0
0.2273,22,5,244,22,1944.59,1,0,1,0.1499,0,13.64,0
0.3846,13,5,206,32,2066.67,2,0,1,0.1101,1,13.89,1
0.2,10,2,395,35,2525.19,2,0,1,0.2554,0,13.15,0
0.1,10,1,340,32,1016.65,1,0,1,0.1649,1,19.12,0
0.3,20,6,212,34,3586.77,3,0,1,0.1003,0,24.23,0
0.125,8,1,681,14,1377.88,2,0,1,0.109,0,26.14,0
0.0667,15,1,392,30,1888.45,2,1,2,0.1059,0,15.62,1
0.0,17,0,417,31,1802.57,1,0,1,0.127,0,0.0,1
0.381,21,8,623,15,1492.97,1,0,1,0.1325,0,7.51,0
0.1667,12,2,408,18,945.26,1,0,1,0.0155,0,21.89,0
0.3333,21,7,456,29,2701.32,2,0,1,0.1251,0,16.5,0
0.1429,21,3,715,16,3188.01,3,0,1,0.051,1,26.6,0
0.0,16,0,855,27,1554.69,2,1,2,0.2255,0,0.0,0
0.2857,14,4,611,16,1468.93,1,0,1,0.0943,0,12.17,0
0.0,9,0,726,11,3407.69,3,0,1,0.079,0,0.0,0
0.5,28,14,189,22,1906.44,2,0,1,0.094,1,18.81,0
0.0,5,0,419,13,2866.89,2,0,1,0.1643,0,0.0,0
0.0,8,0,888,26,1983.98,2,0,1,0.5088,0,0.0,0
0.303,33,10,921,37,2258.03,2,0,1,0.0924,3,18.1,0
0.0769,13,1,480,13,6003.99,3,0,1,0.1371,0,13.31,0
0.1538,13,2,982,42,1220.52,1,0,1,0.0929,0,41.25,0
0.1429,21,3,844,33,2899.87,3,0,1,0.1409,0,27.03,0
0.1818,11,2,370,39,3051.14,2,0,1,0.0706,0,10.79,0
0.0,6,0,607,25,1527.2,1,0,1,0.2217,0,0.0,0
0.0769,13,1,736,8,1256.11,1,0,1,0.0528,1,34.95,0
0.0,10,0,664,36,1181.1,1,0,1,0.1885,0,0.0,1
0.2632,19,5,737,46,1630.2,2,0,1,0.1359,1,28.91,0
0.0,10,0,805,16,1755.92,1,0,1,0.1792,0,0.0,0
0.2667,15,4,668,24,1492.22,1,0,1,0.0126,1,21.42,0
0.0,10,0,392,12,1305.45,1,0,1,0.1341,0,0.0,0
0.3125,16,5,767,31,2542.21,1,0,1,0.2099,0,20.05,0
0.4615,13,6,838,15,1477.87,2,0,1,0.14,1,10.26,0
0.1,10,1,271,10,1793.92,2,0,1,0.0467,0,8.49,0
0.2857,7,2,721,8,1262.73,1,0,1,0.0898,0,20.55,0
0.2,10,2,370,13,1472.13,1,0,1,0.4634,0,18.72,1
0.125,8,1,362,12,1745.17,1,0,1,0.2555,0,10.17,0
0.0,8,0,216,20,1725.83,2,0,1,0.0844,0,0.0,0
0.0,5,0,968,10,913.26,1,0,1,0.1905,0,0.0,0
0.0,8,0,844,37,2243.96,1,0,1,0.0863,0,0.0,0
0.2667,15,4,284,6,1369.35,2,0,1,0.1318,0,16.44,0
0.04,25,1,386,16,1338.64,2,1,2,0.127,0,18.3,0
0.375,16,6,463,54,2035.03,2,0,1,0.2401,0,15.32,0
0.0,8,0,531,23,1870.74,2,0,1,0.0224,0,0.0,0
0.3333,15,5,801,29,1327.12,2,0,1,0.0719,0,12.29,0
0.2903,31,9,957,26,3124.11,3,0,1,0.047,1,11.5,0
0.0833,12,1,364,12,1321.94,1,0,1,0.0793,1,12.83,0
0.4444,27,12,611,6,2532.6,1,0,1,0.1932,3,25.22,0
0.5,10,5,466,23,1426.62,2,0,1,0.0379,2,11.03,0
0.6,5,3,828,19,2314.24,1,0,1,0.2479,1,38.17,0
0.0303,33,1,875,35,1859.75,2,0,1,0.0859,0,13.98,0
0.125,16,2,345,36,1116.63,1,0,1,0.273,0,19.76,1
0.0769,13,1,500,18,1232.16,1,0,1,0.1583,0,22.93,0
0.3125,32,10,779,17,1265.43,1,0,1,0.141,4,13.77,0
0.1818,11,2,466,18,4033.29,2,1,2,0.0824,1,30.04,0
0.3333,21,7,784,20,1561.43,1,0,1,0.1903,0,20.57,0
0.2857,14,4,329,27,1894.83,2,1,2,0.2527,0,14.71,1
0.3846,13,5,457,13,1734.33,1,0,1,0.077,0,17.62,0
0.3846,13,5,334,8,1911.74,1,0,1,0.1672,0,8.33,1
0.0,12,0,877,10,2609.77,2,0,1,0.0998,0,0.0,0
0.0,7,0,673,12,2484.87,1,0,1,0.2278,0,0.0,0
0.1538,26,4,470,19,2187.75,1,0,1,0.2366,0,21.74,0
0.4444,9,4,387,16,1210.69,1,0,1,0.0956,0,25.41,0
0.0,10,0,250,27,1681.35,2,0,1,0.1505,0,0.0,0
0.2222,36,8,840,25,1125.1,1,0,1,0.284,0,33.8,0
0.0833,12,1,260,57,1828.47,3,0,1,0.313,1,24.02,0
0.1111,18,2,780,21,1671.34,2,0,1,0.1561,1,22.35,0
0.1667,6,1,832,21,2197.5,2,0,1,0.323,0,28.23,0
0.0,3,0,900,27,1582.88,1,0,1,0.1961,0,0.0,0
0.0,12,0,268,30,1794.25,2,0,1,0.0556,0,0.0,0
0.1,10,1,532,31,1339.85,1,0,1,0.2415,0,16.28,0
0.3571,14,5,780,36,1154.26,1,0,1,0.1146,0,20.39,0
0.0588,17,1,266,13,1199.88,1,0,1,0.1871,0,12.11,0
0.25,8,2,295,15,1382.31,1,0,1,0.0417,0,23.06,0
0.0,9,0,843,29,1079.72,1,0,1,0.1572,0,0.0,0
0.0,16,0,962,22,1167.02,1,0,1,0.1501,0,0.0,0
0.0,8,0,303,15,3389.68,2,0,1,0.1844,0,0.0,0
0.0,11,0,238,28,967.91,1,0,1,0.1054,0,0.0,0
0.2222,9,2,241,31,1167.5,1,0,1,0.2037,0,26.33,0
0.1667,6,1,999,28,1299.18,1,0,1,0.1325,0,37.39,0
0.0,14,0,835,6,1416.35,1,0,1,0.3258,0,0.0,0
0.2273,22,5,529,21,1552.29,1,0,1,0.4457,2,17.03,0
0.2222,9,2,561,18,2696.6,2,0,1,0.2314,1,24.63,0
0.2727,11,3,430,23,2618.24,3,1,2,0.3604,2,15.79,0
0.1111,18,2,705,25,1958.98,2,0,1,0.3659,0,26.94,0
0.1818,11,2,705,21,1944.65,1,0,1,0.1199,0,9.18,0
0.0,19,0,819,24,2644.31,2,0,1,0.0447,0,0.0,0
0.1429,21,3,424,33,1317.58,1,0,1,0.0676,1,43.07,0
0.0,9,0,412,26,2173.94,2,1,2,0.0875,0,0.0,1
0.375,8,3,471,22,2184.63,1,0,1,0.2602,0,19.06,0
0.0,7,0,598,52,903.44,1,0,1,0.2192,0,0.0,0
0.2692,26,7,417,22,2105.46,2,0,1,0.1609,0,16.84,1
0.2,15,3,617,23,2469.07,2,0,1,0.4708,0,12.04,0
0.0,11,0,265,21,2871.34,2,0,1,0.0956,0,0.0,0
0.0,4,0,379,36,1579.14,2,1,2,0.0798,0,0.0,0
0.1818,22,4,269,16,1185.61,2,0,1,0.1706,2,25.02,0
0.0,9,0,378,14,3078.41,1,0,1,0.2044,0,0.0,0
0.0833,12,1,539,12,2325.8,1,0,1,0.0731,0,64.84,0
0.2381,21,5,361,27,3492.27,1,0,1,0.1,1,6.43,0
0.5,14,7,599,30,1952.28,2,0,1,0.2313,3,17.13,0
0.125,24,3,302,10,1064.21,1,0,1,0.0357,2,9.28,0
0.125,8,1,304,18,1530.32,3,0,1,0.0301,0,8.01,0
0.125,16,2,800,26,1500.35,1,0,1,0.1966,0,9.55,1
0.0,17,0,621,14,1414.77,1,0,1,0.0423,0,0.0,0
0.0526,19,1,679,18,3347.61,2,1,2,0.3161,0,20.57,1
0.1667,12,2,938,29,2014.16,1,0,1,0.1599,0,17.61,0
0.5,6,3,915,39,1540.64,1,0,1,0.0267,1,17.44,0
0.1667,6,1,218,19,1836.49,1,0,1,0.1305,0,12.87,0
0.0769,13,1,362,14,2994.13,3,0,1,0.2086,1,31.01,0
0.0,9,0,541,43,1736.78,1,0,1,0.1099,0,0.0,0
0.1818,11,2,807,33,1939.65,1,0,1,0.2068,1,29.78,0
0.1316,38,5,753,33,1011.9,1,0,1,0.2157,1,24.06,0
0.375,8,3,883,12,2073.73,2,0,1,0.1903,0,21.52,1
0.0952,21,2,301,20,1351.99,2,0,1,0.5439,0,43.53,1
0.0667,15,1,547,18,1001.89,1,0,1,0.1155,0,39.77,0
0.0833,12,1,615,11,1524.02,1,0,1,0.0632,0,14.87,0
0.0,6,0,843,30,1560.3,1,0,1,0.2484,0,0.0,0
0.1579,19,3,665,15,1758.7,1,0,1,0.1189,0,20.13,0
0.0,15,0,206,25,1556.67,1,0,1,0.1224,0,0.0,0
0.5,6,3,542,8,1156.57,2,0,1,0.1399,1,25.95,0
0.1892,37,7,664,16,1516.82,1,0,1,0.2314,0,12.22,0
0.2,5,1,251,19,1459.69,1,0,1,0.0518,0,14.37,0
0.0,14,0,560,8,1104.65,1,0,1,0.073,0,0.0,0
0.25,8,2,331,25,2092.18,1,0,1,0.0447,0,22.63,0
0.0,8,0,211,18,3495.84,2,0,1,0.3406,0,0.0,1
0.3333,6,2,374,12,1113.22,1,0,1,0.1332,0,11.11,0
0.087,23,2,479,17,1114.81,1,0,1,0.0672,0,20.31,0
0.0,9,0,434,24,3450.52,2,0,1,0.1149,0,0.0,0
0.1724,29,5,291,27,2276.59,2,0,1,0.1455,1,27.23,0
0.0,10,0,375,12,2752.04,2,0,1,0.1628,0,0.0,0
0.2308,13,3,872,20,5209.11,3,0,1,0.0792,1,21.29,0
0.0,6,0,914,20,1701.95,2,0,1,0.1844,0,0.0,0
0.2174,23,5,393,13,2072.79,1,0,1,0.3337,0,12.18,0
0.52,25,13,668,18,1085.21,2,0,1,0.1322,3,19.08,1
0.05,20,1,586,10,3161.48,2,0,1,0.1087,0,30.77,0
0.1724,29,5,377,14,2499.87,2,0,1,0.2883,0,17.27,0
0.1739,23,4,990,22,2260.87,1,0,1,0.011,1,22.56,0
0.0625,16,1,777,57,1191.01,1,0,1,0.2586,1,26.09,1
0.1818,11,2,258,27,1313.65,1,0,1,0.1036,0,29.82,0
0.0476,21,1,792,26,1884.64,1,0,1,0.0436,0,27.46,0
0.3913,23,9,684,18,1817.87,1,0,1,0.2071,2,23.73,0
0.1379,29,4,338,17,1114.11,1,0,1,0.0549,0,20.87,0
0.0,9,0,206,13,2042.43,1,0,1,0.102,0,0.0,0
0.0625,16,1,822,17,2418.64,1,0,1,0.3167,0,23.44,0
0.2143,14,3,759,15,1756.06,1,0,1,0.2078,0,31.3,0
0.0769,13,1,402,26,1388.01,3,0,1,0.217,0,9.9,0
0.25,8,2,571,44,1761.05,3,0,1,0.2694,0,7.21,0
0.0,8,0,342,9,1367.5,1,0,1,0.3315,0,0.0,0
0.6,10,6,482,29,1329.21,1,0,1,0.2876,4,21.95,1
0.4667,15,7,256,28,3787.04,3,0,1,0.0755,3,19.09,0
0.3333,6,2,346,22,1110.08,1,0,1,0.3323,0,19.26,0
0.6364,11,7,420,19,2295.99,2,0,1,0.3106,2,6.52,1
0.2143,14,3,324,9,3593.12,4,1,2,0.1824,1,20.72,0
0.2105,19,4,218,24,2557.06,5,0,1,0.2596,1,15.33,0
0.2667,15,4,202,25,1619.65,3,0,1,0.1769,1,11.26,0
0.2353,17,4,102,11,1275.85,1,0,1,0.2759,1,8.56,0
0.2308,13,3,576,11,2268.93,4,1,4,0.2258,2,23.15,1
0.4,5,2,98,12,2314.79,2,0,1,0.333,0,19.63,0
0.1429,14,2,516,34,1611.14,2,0,1,0.3068,1,16.66,1
0.3636,11,4,310,41,2176.73,2,0,1,0.388,1,21.2,1
0.0526,19,1,454,10,1280.04,2,1,2,0.1295,0,23.74,0
0.3636,11,4,177,8,3068.85,3,0,1,0.4773,0,18.55,0
0.2,10,2,519,21,1824.43,2,0,1,0.6016,1,13.03,1
0.5714,7,4,150,9,3024.92,4,0,1,0.496,1,14.38,0
0.125,8,1,105,23,2257.73,3,0,1,0.2836,0,12.28,0
0.1111,18,2,173,9,1743.05,1,0,1,0.3268,2,21.93,1
1.0,7,7,151,17,1957.37,3,1,3,0.2476,3,14.37,1
0.0909,11,1,262,13,858.44,2,0,1,0.3951,0,9.85,0
0.2667,15,4,193,10,1338.55,3,0,1,0.7112,1,7.45,0
0.2632,19,5,113,17,2126.48,2,0,1,0.3964,0,15.48,1
0.2727,11,3,431,7,2397.71,3,1,2,0.25,0,20.33,1
0.25,20,5,188,11,1165.95,2,0,1,0.17,1,20.85,0
0.2,5,1,272,14,2429.22,2,0,1,0.2464,0,8.26,0
0.1111,9,1,218,16,2503.8,2,1,2,0.4983,0,11.63,0
0.1,10,1,546,34,1444.58,2,1,2,0.444,0,13.32,1
0.25,8,2,208,23,1911.32,1,0,1,0.442,0,16.13,0
0.7368,19,14,540,17,1080.99,1,0,1,0.5048,3,21.62,0
0.1,10,1,402,16,3379.44,1,0,1,0.2593,0,12.9,0
0.1111,9,1,459,13,3014.82,4,0,1,0.4804,1,9.51,0
0.4118,17,7,288,18,2808.38,5,0,1,0.3776,2,23.36,0
0.1333,15,2,509,18,2675.5,2,1,2,0.3621,1,22.92,0
0.1111,18,2,206,20,1335.54,1,0,1,0.2569,1,11.65,1
0.2,5,1,381,20,3113.68,2,1,2,0.2195,0,5.63,1
0.5,14,7,579,19,1220.19,1,0,1,0.1123,2,14.68,0
0.0,6,0,225,17,1691.83,5,0,1,0.1448,0,0.0,0
0.35,20,7,465,15,1332.96,3,0,1,0.2395,3,10.07,0
0.3571,14,5,341,14,1347.75,3,0,1,0.3108,3,19.23,0
0.25,8,2,503,15,1137.27,1,0,1,0.3431,0,5.02,0
0.4,15,6,383,31,1911.08,2,0,1,0.245,2,13.47,0
0.2,5,1,411,9,1089.76,1,0,1,0.1354,1,24.75,0
0.2308,13,3,125,18,1167.45,1,0,1,0.2367,0,14.27,0
0.4286,14,6,218,13,5723.47,4,1,3,0.3421,0,18.64,0
0.2667,15,4,487,17,2387.05,2,0,1,0.284,1,18.0,0
0.1579,19,3,301,38,3607.16,3,1,3,0.5221,1,16.48,0
0.125,8,1,112,5,1311.93,2,1,2,0.2324,0,11.12,0
0.4286,7,3,347,9,1646.52,2,0,1,0.3345,1,7.29,0
0.7143,7,5,561,18,1769.16,2,0,1,0.2831,1,5.41,0
0.0,14,0,479,15,5305.92,5,0,1,0.1501,0,0.0,0
0.4375,16,7,498,22,5673.76,4,0,1,0.3207,4,15.67,0
0.2727,11,3,417,4,4243.43,4,1,4,0.2842,0,10.43,1
0.5333,15,8,302,19,1344.03,3,0,1,0.5236,3,16.75,0
0.7143,7,5,97,10,2602.51,3,1,2,0.3967,1,16.96,0
0.2222,18,4,238,25,3036.97,2,0,1,0.4381,0,19.76,0
0.7692,13,10,171,11,1677.3,2,1,2,0.364,4,16.22,0
0.6,5,3,204,8,3840.55,3,1,3,0.7087,2,17.82,1
0.5789,19,11,535,14,2288.56,3,1,3,0.3179,4,12.99,0
0.0,12,0,499,4,1784.64,1,0,1,0.4709,0,0.0,1
0.1765,17,3,142,22,1245.01,1,0,1,0.1696,0,23.84,0
0.4667,15,7,576,18,5072.0,5,0,1,0.2196,4,12.17,0
0.3333,15,5,272,10,3867.73,2,0,1,0.328,3,8.44,0
0.0556,18,1,97,7,1957.16,3,0,1,0.2019,0,13.41,1
0.1667,6,1,513,11,3012.23,3,1,3,0.0872,1,23.34,0
0.0,9,0,117,5,2006.94,2,0,1,0.4381,0,0.0,0
0.3684,19,7,411,13,1041.4,2,0,1,0.2545,5,8.6,1
1.0,7,7,293,6,1802.37,3,1,3,0.2642,3,15.12,0
0.0,8,0,188,13,2302.43,2,0,1,0.2264,0,0.0,0
0.1429,7,1,319,43,1997.85,2,1,2,0.4497,0,11.36,1
0.2857,7,2,275,30,1380.47,1,0,1,0.5404,1,18.74,1
0.0,8,0,116,10,2152.38,1,0,1,0.4408,0,0.0,1
0.3333,6,2,394,20,1545.18,1,0,1,0.113,1,23.02,0
0.2,5,1,597,9,14525.44,5,0,1,0.4451,0,14.03,0
0.5714,7,4,397,19,3174.39,4,0,1,0.2825,2,13.51,1
0.5714,14,8,433,10,1264.69,1,0,1,0.2245,4,20.4,0
0.3846,13,5,194,9,2193.2,3,0,1,0.3492,4,21.64,0
0.5,10,5,438,12,2121.73,3,0,1,0.2399,2,7.77,0
0.1667,6,1,499,9,1214.64,1,0,1,0.211,0,14.48,0
0.2222,9,2,308,13,2609.99,5,1,4,0.2234,2,5.69,0
0.4444,9,4,455,17,2584.67,3,1,3,0.5328,1,20.04,0
0.3,10,3,142,13,3127.9,3,1,3,0.1005,2,7.29,0
0.3333,6,2,218,12,971.97,1,0,1,0.382,1,5.7,1
0.3529,17,6,171,15,4211.86,3,0,1,0.1448,3,18.65,0
0.4444,9,4,279,7,4492.94,3,0,1,0.4404,1,18.76,0
0.4211,19,8,422,22,3636.39,2,0,1,0.2945,3,22.01,0
0.1429,14,2,136,18,2739.64,5,0,1,0.1065,0,15.2,1
0.4286,7,3,189,34,1759.2,3,0,1,0.2277,0,20.14,0
0.8889,9,8,399,14,1696.38,3,1,3,0.2479,3,11.99,1
0.4286,7,3,433,21,3823.24,3,1,2,0.288,1,16.16,1
0.25,12,3,376,12,2180.23,3,0,1,0.5726,1,6.57,0
0.3529,17,6,218,23,966.56,2,0,1,0.3103,4,14.11,0
0.0,9,0,320,14,1495.53,4,0,1,0.5009,0,0.0,0
0.6667,15,10,365,19,2170.68,2,1,2,0.2994,4,11.34,1
0.3158,19,6,271,19,2188.36,3,1,3,0.3209,3,16.01,1
0.4167,12,5,453,24,3625.75,2,0,1,0.265,1,10.6,1
0.1875,16,3,443,18,3529.46,2,1,2,0.4231,1,12.64,0
0.2308,13,3,577,13,4814.73,4,1,4,0.5932,0,22.45,0
0.1818,11,2,247,9,2051.44,2,0,1,0.4362,0,22.6,0
0.4545,11,5,242,11,1221.51,2,0,1,0.3566,3,21.97,0
0.6667,6,4,308,11,3895.7,5,0,1,0.4249,1,17.7,0
0.5,6,3,358,29,3288.11,5,1,4,0.4442,1,12.31,1
0.0909,11,1,210,5,4632.78,5,0,1,0.3806,0,16.43,0
0.6364,11,7,338,17,3729.45,4,0,1,0.3063,2,9.06,0
0.3333,9,3,331,10,1500.5,2,0,1,0.4007,0,7.41,0
0.4,5,2,550,14,3137.82,3,1,3,0.4255,2,8.58,1
0.375,8,3,457,9,3398.09,2,1,2,0.1669,1,16.54,0
0.3333,18,6,107,16,1851.48,3,1,2,0.3897,2,8.46,0
0.2308,13,3,199,7,1632.04,5,0,1,0.3568,0,20.75,0
0.1667,18,3,128,22,2318.58,3,0,1,0.0893,2,15.41,0
0.3125,16,5,201,42,1227.52,5,0,1,0.1992,3,15.63,0
0.1667,6,1,284,18,2025.81,1,0,1,0.3524,0,23.99,0
0.5,6,3,230,12,2549.17,2,0,1,0.3721,1,18.73,1
0.5833,12,7,408,9,1294.68,1,0,1,0.3724,4,7.6,0
0.5385,13,7,491,13,1601.18,4,0,1,0.1397,1,20.31,1
0.4375,16,7,574,10,4820.95,3,1,3,0.5387,1,17.75,0
0.1667,6,1,187,21,2434.26,3,0,1,0.2245,1,18.23,0
0.4706,17,8,366,38,4683.19,5,0,1,0.365,5,9.4,1
0.0,14,0,507,12,1953.8,3,0,1,0.5277,0,0.0,0
0.1429,7,1,285,18,1528.8,3,0,1,0.4118,1,7.91,1
0.1053,19,2,306,8,2396.73,1,0,1,0.6322,1,6.87,0
0.3333,12,4,539,24,1636.64,3,1,3,0.1495,3,11.33,1
1.0,16,16,247,47,2422.25,2,0,1,0.1383,6,14.91,0
0.0,2,0,22,16,1458.46,3,0,1,0.3392,0,0.0,0
0.0,2,0,35,35,3302.83,3,0,1,0.0943,0,0.0,0
0.0,0,0,46,46,3274.62,2,0,1,0.3425,0,0.0,0
0.0,0,0,54,54,2952.62,4,0,1,0.2746,0,0.0,0
0.0,0,0,59,59,1901.01,2,1,2,0.5239,0,0.0,1
0.0,2,0,55,17,1377.03,1,0,1,0.1628,0,0.0,0
0.0,2,0,19,19,1317.89,1,0,1,0.2461,0,0.0,0
0.0,1,0,11,11,3107.62,3,0,1,0.188,0,0.0,0
0.0,1,0,29,13,1397.32,3,0,1,0.0598,0,0.0,0
0.0,2,0,31,17,3192.81,3,0,1,0.4859,0,0.0,1
1.0,1,1,42,16,1644.09,3,0,1,0.297,0,19.98,0
0.3333,3,1,52,31,1747.63,1,0,1,0.142,0,9.66,0
0.6667,3,2,48,15,1655.16,3,1,3,0.1777,0,23.16,1
1.0,3,3,2,2,1501.08,1,0,1,0.4785,1,8.75,0
1.0,3,3,52,6,2860.89,2,0,1,0.4978,1,12.8,1
0.0,1,0,39,19,1513.41,3,1,3,0.3196,0,0.0,1
0.0,2,0,31,29,1688.68,2,0,1,0.2305,0,0.0,0
0.6667,3,2,28,8,3713.91,3,0,1,0.2602,2,22.22,1
0.0,0,0,32,32,1235.85,1,0,1,0.3794,0,0.0,0
0.0,1,0,37,14,915.76,1,0,1,0.2699,0,0.0,0
0.0,3,0,8,8,1618.75,2,0,1,0.5151,0,0.0,0
0.6667,3,2,32,14,2583.14,2,1,2,0.5704,1,9.67,1
0.0,2,0,23,21,2975.41,3,1,3,0.625,0,0.0,0
0.0,0,0,30,30,3131.23,4,1,2,0.6914,0,0.0,0
0.0,2,0,3,3,4109.43,4,0,1,0.5908,0,0.0,0
0.0,0,0,59,59,2378.83,2,0,1,0.549,0,0.0,0
0.0,0,0,58,58,1645.67,3,1,3,0.1399,0,0.0,1
1.0,3,3,9,9,1614.8,2,0,1,0.1881,0,11.84,1
0.5,2,1,37,12,4269.44,3,1,2,0.5729,1,7.8,0
0.0,0,0,60,60,1615.27,1,0,1,0.494,0,0.0,1
0.0,0,0,6,6,1857.72,3,0,1,0.259,0,0.0,1
0.0,1,0,16,16,1945.9,3,0,1,0.3988,0,0.0,0
0.0,0,0,6,6,977.73,1,0,1,0.1896,0,0.0,0
0.0,1,0,41,16,1627.08,3,0,1,0.1221,0,0.0,0
0.0,0,0,19,19,1031.97,1,0,1,0.4024,0,0.0,0
0.5,2,1,28,13,1066.38,1,0,1,0.2451,1,9.4,0
0.0,3,0,57,31,2232.38,2,0,1,0.4794,0,0.0,1
0.5,2,1,20,20,1123.66,1,0,1,0.2803,0,21.22,0
0.0,0,0,17,17,1906.75,3,0,1,0.3555,0,0.0,1
0.0,3,0,51,19,2927.72,3,0,1,0.3527,0,0.0,0
0.6667,3,2,34,14,1443.85,2,0,1,0.1939,1,11.35,0
0.5,2,1,34,14,884.24,3,0,1,0.1011,1,9.64,0
0.0,3,0,1,1,2133.68,1,0,1,0.3757,0,0.0,0
0.0,0,0,53,53,880.08,1,0,1,0.2023,0,0.0,0
0.0,0,0,43,43,1985.32,3,0,1,0.1888,0,0.0,0
0.0,3,0,18,8,1666.35,2,0,1,0.1936,0,0.0,0
0.3333,3,1,56,43,2398.4,3,1,3,0.1158,0,10.3,0
0.0,2,0,34,8,2838.08,2,0,1,0.465,0,0.0,0
0.5,2,1,15,15,1327.29,2,1,2,0.2071,0,16.13,0
0.0,1,0,28,28,1790.71,3,1,3,0.3913,0,0.0,0
0.0,1,0,56,30,3286.35,3,0,1,0.3571,0,0.0,0
0.3333,3,1,46,12,4305.16,2,1,2,0.2699,1,23.5,0
0.5,2,1,51,38,2037.58,1,0,1,0.3035,0,24.72,0
0.0,1,0,11,11,2156.82,4,0,1,0.4853,0,0.0,1
0.0,0,0,53,53,1086.68,1,0,1,0.4375,0,0.0,0
0.0,0,0,42,42,1581.93,1,0,1,0.2561,0,0.0,1
0.0,0,0,9,9,2362.64,2,1,2,0.1104,0,0.0,0
0.0,3,0,10,10,1222.9,1,0,1,0.332,0,0.0,0
1.0,1,1,1,1,1448.45,3,0,1,0.5154,0,14.43,0
0.0,2,0,54,30,1309.15,2,0,1,0.1774,0,0.0,0
0.0,1,0,60,16,2032.89,2,0,1,0.327,0,0.0,0
0.0,0,0,33,33,3205.34,3,1,3,0.3341,0,0.0,0
0.0,3,0,11,11,1098.35,1,0,1,0.3522,0,0.0,0
0.0,2,0,16,16,3306.36,3,0,1,0.2996,0,0.0,0
0.0,1,0,32,32,2177.37,2,1,2,0.214,0,0.0,0
0.0,0,0,37,37,1166.89,2,1,2,0.4091,0,0.0,0
0.0,0,0,9,9,1570.85,1,0,1,0.606,0,0.0,1
1.0,2,2,27,7,3918.81,2,0,1,0.5046,1,13.17,1
0.0,0,0,31,31,3699.11,3,0,1,0.3696,0,0.0,0
0.0,0,0,47,47,2901.63,2,1,2,0.3526,0,0.0,0
0.0,0,0,3,3,1678.0,2,0,1,0.0658,0,0.0,0
0.0,1,0,41,15,1299.91,1,0,1,0.4098,0,0.0,0
1.0,1,1,53,21,4057.9,2,0,1,0.1124,0,5.53,0
1.0,1,1,35,26,3222.04,2,1,2,0.2317,1,20.16,1
0.3333,3,1,36,8,1557.36,2,0,1,0.5041,0,9.78,0
0.0,2,0,25,9,4518.87,5,0,1,0.5698,0,0.0,0
0.0,1,0,60,26,3222.9,5,1,2,0.3147,0,0.0,0
0.0,0,0,5,5,1995.97,1,0,1,0.6866,0,0.0,0
0.0,0,0,42,42,1669.78,2,0,1,0.3635,0,0.0,0
0.0,1,0,7,7,2377.67,2,0,1,0.1739,0,0.0,0
0.0,0,0,57,57,4274.6,5,1,2,0.3219,0,0.0,0
0.6667,3,2,16,16,1981.26,5,0,1,0.267,0,12.57,0
0.0,0,0,44,44,1722.62,3,1,3,0.3685,0,0.0,1
0.0,3,0,25,14,1291.14,2,0,1,0.4531,0,0.0,0
1.0,2,2,34,11,1464.6,1,0,1,0.1575,0,7.98,0
0.0,2,0,27,20,2227.8,4,0,1,0.2889,0,0.0,0
0.0,3,0,50,15,1954.03,1,0,1,0.4358,0,0.0,0
0.3333,3,1,10,10,1126.73,3,0,1,0.213,1,18.3,0
0.0,3,0,24,14,1275.8,1,0,1,0.3756,0,0.0,0
1.0,1,1,31,21,1522.47,2,0,1,0.3979,0,13.39,1
0.0,1,0,2,2,1184.87,1,0,1,0.3306,0,0.0,0
0.3333,3,1,32,5,4506.18,4,0,1,0.3521,0,23.4,0
0.5,2,1,10,10,2248.55,1,0,1,0.1364,0,16.2,0
0.3333,3,1,51,23,3061.46,4,0,1,0.3351,0,10.42,1
0.0,1,0,11,11,2257.48,4,1,4,0.5384,0,0.0,0
0.0,0,0,6,6,1475.05,1,0,1,0.4979,0,0.0,0
0.5,2,1,42,8,1822.16,5,0,1,0.5684,1,11.12,0
0.0,1,0,16,16,4244.62,4,1,3,0.1684,0,0.0,1
1.0,2,2,20,9,1845.3,1,0,1,0.2106,1,10.18,1
1.0,2,2,54,7,4736.96,5,0,1,0.5783,1,17.42,0
0.0,0,0,22,22,2066.16,3,1,3,0.1051,0,0.0,0
0.0,0,0,44,44,1502.47,2,0,1,0.3963,0,0.0,1
0.0,1,0,21,21,2188.94,2,0,1,0.1707,0,0.0,0
0.0,2,0,46,27,1279.1,2,0,1,0.1871,0,0.0,0
0.0,0,0,29,29,2922.4,2,0,1,0.4625,0,0.0,0
0.5,2,1,60,11,2983.89,1,0,1,0.3475,1,19.37,0
0.0,0,0,25,25,1084.21,1,0,1,0.0666,0,0.0,0
0.0,0,0,58,58,1339.13,1,0,1,0.3424,0,0.0,0
0.0,0,0,60,60,4965.16,3,0,1,0.2849,0,0.0,0
1.0,2,2,26,24,2687.61,1,0,1,0.3753,0,15.66,0
0.0,3,0,19,17,1803.51,3,1,3,0.2572,0,0.0,0
0.0,1,0,22,22,4075.79,3,0,1,0.1628,0,0.0,0
0.3333,3,1,54,13,1237.03,1,0,1,0.5234,0,13.08,1
0.5,2,1,23,10,1466.36,1,0,1,0.4943,0,9.34,0
0.0,1,0,59,10,3724.86,2,0,1,0.3545,0,0.0,1
0.0,0,0,28,28,1172.89,2,1,2,0.4037,0,0.0,0
0.0,0,0,28,28,2449.65,2,1,2,0.3347,0,0.0,0
0.5,2,1,22,22,1771.96,3,0,1,0.5218,1,7.75,0
0.5,2,1,36,25,1855.45,2,0,1,0.2179,1,24.15,1
1.0,2,2,18,18,7104.92,3,0,1,0.2438,1,19.59,0
0.0,1,0,24,23,1227.07,1,0,1,0.2552,0,0.0,0
0.6667,3,2,4,4,2503.41,2,1,2,0.4012,0,13.89,1
0.0,1,0,29,15,1774.1,3,0,1,0.1797,0,0.0,0
0.0,1,0,14,14,1468.79,3,0,1,0.3053,0,0.0,0
0.0,0,0,50,50,1880.99,1,0,1,0.1524,0,0.0,0
0.5161,31,16,310,9,2938.06,5,1,3,0.6238,8,3.08,1
0.6786,28,19,300,11,3694.08,4,1,4,0.2949,8,3.75,1
0.6667,12,8,517,7,6304.82,5,0,1,0.5267,5,4.58,0
0.5455,11,6,214,7,6308.0,6,1,3,0.4268,4,3.04,1
0.75,12,9,162,7,4472.83,6,1,2,0.6223,3,5.33,1
0.4516,31,14,741,13,5232.96,2,1,2,0.4766,8,2.4,1
0.4167,24,10,103,21,2995.78,3,0,1,0.3978,7,5.88,0
0.4167,12,5,500,16,3454.83,4,1,2,0.3687,4,4.2,0
0.4815,27,13,410,6,3629.46,4,0,1,0.4716,4,2.94,0
0.3929,28,11,118,10,6881.24,6,1,2,0.4617,7,5.79,1
0.9,20,18,800,4,1980.08,2,1,2,0.3101,8,5.45,0
0.75,32,24,430,7,1733.32,2,1,2,0.275,8,3.27,1
0.9231,13,12,356,7,5278.23,5,1,2,0.705,5,6.89,1
0.625,24,15,604,13,2141.22,3,1,2,0.5152,8,6.16,1
0.3,40,12,224,8,3943.87,5,1,2,0.458,7,3.9,0
0.6757,37,25,718,16,4129.66,5,0,1,0.5214,8,2.69,1
0.5625,16,9,520,10,6293.95,6,1,3,0.2409,5,2.87,1
0.8947,38,34,458,6,2020.42,3,1,3,0.5481,8,4.51,1
0.2941,17,5,719,15,4322.44,4,1,2,0.4004,5,3.0,0
0.7857,14,11,474,15,3180.46,5,0,1,0.4209,8,6.78,0
0.8571,35,30,748,10,3507.11,5,1,3,0.3377,8,2.0,0
0.7,30,21,778,12,4738.08,4,1,2,0.4145,8,4.45,1
0.5294,17,9,172,7,5449.8,4,1,4,0.4191,3,2.5,0
0.8333,12,10,662,11,1922.14,3,1,3,0.5523,6,2.53,1
0.9375,16,15,772,11,5145.72,6,0,1,0.2579,5,7.32,0
0.7727,22,17,747,9,1793.53,2,1,2,0.5629,4,2.54,0
0.4571,35,16,673,9,4814.51,4,0,1,0.7477,3,4.57,1
0.8571,14,12,657,10,6507.31,5,0,1,0.2819,8,7.14,1
0.9118,34,31,187,10,3491.8,5,1,2,0.6036,8,2.53,1
0.6923,13,9,750,11,3978.57,5,1,3,0.4315,6,4.62,1
0.75,12,9,321,6,8096.33,6,1,3,0.6889,5,3.87,1
0.2667,30,8,315,22,6385.42,6,1,2,0.3001,4,6.03,0
0.7419,31,23,361,12,5685.16,6,1,2,0.5197,8,2.53,1
0.913,23,21,741,13,1455.36,5,1,3,0.2425,7,3.1,1
1.0,20,20,693,13,2486.19,5,1,2,0.5204,8,2.91,1
0.7222,18,13,378,8,2905.82,3,0,1,0.5929,4,3.71,1
1.0,19,19,137,15,5493.93,6,1,2,0.2705,7,5.08,1
0.675,40,27,217,9,2942.6,2,0,1,0.5706,8,4.69,1
0.4,30,12,179,14,2345.09,4,1,3,0.5822,8,1.71,0
0.4516,31,14,371,19,2872.32,2,1,2,0.6782,8,2.68,1
0.7647,17,13,704,8,4499.43,4,1,2,0.4984,7,4.95,1
0.625,16,10,368,16,3875.25,3,0,1,0.7411,2,4.54,0
0.3333,30,10,671,5,3941.3,4,0,1,0.4457,6,6.5,0
0.7273,22,16,471,10,6768.2,4,1,3,0.5664,7,2.52,1
0.3,20,6,395,12,3709.41,5,0,1,0.3235,2,5.04,0
0.4375,16,7,485,12,3207.22,6,1,2,0.3682,3,3.43,0
1.0,16,16,723,11,1712.99,3,1,2,0.4521,6,2.16,1
0.7812,32,25,308,6,3633.06,3,1,3,0.5939,8,3.58,1
0.8333,12,10,104,8,6550.49,6,1,2,0.6354,5,4.34,1
0.5484,31,17,203,13,2994.23,2,1,2,0.5652,7,4.07,1
0.7778,18,14,198,10,4237.08,4,1,3,0.7097,8,4.79,1
0.5789,19,11,273,24,1687.19,2,1,2,0.7958,5,2.65,1
0.7027,37,26,200,14,4679.98,4,1,4,0.7518,8,3.77,1
0.8182,11,9,279,25,5386.47,4,1,2,0.7645,2,3.13,1
0.7391,23,17,501,10,2235.61,2,0,1,0.6728,4,3.36,0
0.6207,29,18,378,9,3999.8,2,0,1,0.5268,8,2.27,0
0.52,25,13,430,9,3647.02,4,1,4,0.716,7,4.23,0
0.3478,23,8,305,17,5710.45,6,1,2,0.2221,3,3.45,1
0.6842,19,13,339,13,4018.61,5,0,1,0.6125,3,5.62,0
0.4737,38,18,369,5,4020.7,4,0,1,0.4363,8,1.12,1
0.875,40,35,294,16,3984.42,3,1,3,0.7895,8,3.53,1
0.4583,24,11,111,10,2446.04,5,1,3,0.4788,2,3.09,1
0.6,20,12,367,9,2961.67,4,1,4,0.3549,4,3.21,0
0.5897,39,23,177,11,6690.18,5,1,2,0.2278,8,2.67,1
0.6389,36,23,707,9,6019.56,4,1,3,0.1901,8,4.19,1
0.6842,19,13,311,5,6653.98,6,0,1,0.3892,5,3.38,0
0.6522,23,15,683,10,3257.52,3,1,2,0.5242,8,3.87,0
0.4545,22,10,579,8,2535.39,4,0,1,0.5418,6,3.93,0
0.8182,33,27,502,4,3454.33,4,1,4,0.3718,8,3.62,1
0.6087,23,14,348,15,6669.87,6,1,2,0.5279,7,2.67,1
0.6957,23,16,460,10,5096.33,3,0,1,0.2105,8,5.1,1
0.6207,29,18,486,8,3157.36,5,0,1,0.4738,8,2.32,0
0.6,15,9,473,10,4891.77,4,0,1,0.5558,2,5.8,1
0.8947,38,34,290,8,3694.7,5,0,1,0.5953,8,3.04,0
0.5333,30,16,624,7,5674.62,6,1,4,0.5679,7,3.93,1
0.8095,21,17,469,8,5528.01,6,0,1,0.5074,8,2.43,1
0.5263,38,20,761,6,2985.19,4,1,2,0.4704,8,3.48,1
0.8065,31,25,658,20,2240.31,4,1,4,0.5686,8,3.86,1
0.725,40,29,466,6,7944.29,4,1,4,0.5931,8,2.05,1
0.7429,35,26,203,8,3331.33,3,1,2,0.5937,8,4.17,1
0.5517,29,16,693,7,3416.68,2,1,2,0.4979,6,1.89,0
0.875,16,14,482,11,2069.71,2,0,1,0.5089,8,2.19,0
0.84,25,21,324,12,4019.23,4,1,4,0.5603,8,2.41,1
0.4615,13,6,652,11,2210.01,2,1,2,0.3521,1,4.58,1
0.6471,17,11,179,4,1723.23,3,1,3,0.36,4,2.59,0
0.8611,36,31,774,14,3414.35,2,0,1,0.4645,8,5.37,1
0.4643,28,13,285,25,2749.4,6,1,3,0.6218,5,4.12,1
0.7273,11,8,181,10,2499.31,4,1,2,0.7705,3,4.34,0
0.8684,38,33,240,8,5705.88,6,0,1,0.6841,8,5.93,1
0.3684,38,14,657,10,3300.77,6,1,3,0.5306,6,6.76,1
0.6,25,15,273,13,7292.97,3,1,2,0.3918,8,4.57,1
0.871,31,27,573,15,3074.62,3,1,3,0.3507,8,6.01,1
0.8158,38,31,104,9,6736.15,3,0,1,0.3206,8,2.31,1
0.8571,14,12,750,7,3141.57,5,1,2,0.522,7,3.66,1
0.7727,22,17,555,31,4787.12,3,1,3,0.5537,8,4.04,1
0.5758,33,19,530,11,2657.73,3,1,2,0.3242,8,5.03,0
0.6286,35,22,796,4,6044.87,3,1,2,0.3517,8,3.22,1
0.5652,23,13,268,10,10324.51,6,1,2,0.5829,6,3.58,1
0.5556,27,15,454,9,8932.64,6,1,3,0.6462,8,6.6,1
0.6053,38,23,446,7,5378.47,4,1,2,0.2966,8,3.85,0
0.75,36,27,106,6,2023.21,4,1,2,0.586,8,2.05,1
0.5,38,19,189,25,4571.62,6,1,3,0.3268,8,2.84,1
0.4054,37,15,334,15,4124.92,4,1,2,0.4162,4,2.79,0
0.8889,36,32,338,7,4534.07,4,1,4,0.4327,8,3.57,1
0.5526,38,21,570,10,2203.67,3,1,2,0.5074,8,2.63,1
0.52,25,13,399,8,2464.21,3,1,3,0.6008,2,5.08,1
0.3077,39,12,517,13,3805.29,3,1,2,0.4562,6,3.78,0
0.6471,17,11,446,8,5002.74,6,1,3,0.5211,5,4.16,1
0.7812,32,25,683,5,2384.0,3,1,3,0.3188,8,4.43,1
0.8947,19,17,286,6,4984.96,2,1,2,0.3378,5,7.03,1
0.3438,32,11,800,4,4264.52,6,0,1,0.3982,3,5.98,1
0.4474,38,17,193,17,5870.03,5,1,4,0.4129,8,3.04,1
0.6875,16,11,400,28,3068.42,4,1,2,0.4871,3,3.19,0
0.6923,13,9,508,7,2163.12,2,1,2,0.4961,3,2.25,0
0.8,25,20,750,6,2032.71,2,1,2,0.7389,8,7.96,1
0.4,25,10,349,10,7468.63,4,1,3,0.7983,4,5.52,1
0.5625,16,9,692,8,4061.54,3,0,1,0.4538,3,3.68,1
0.7778,36,28,431,6,2617.47,3,1,3,0.5047,6,2.34,1
0.8125,16,13,749,16,2621.88,2,0,1,0.5413,6,2.32,1
0.9333,30,28,256,7,2757.25,3,1,2,0.5323,8,3.81,1
0.48,25,12,318,8,2221.19,3,1,3,0.4743,5,4.1,1
0.3,30,9,162,9,2985.37,3,1,3,0.3751,3,5.76,1
0.8718,39,34,788,8,4310.58,4,1,2,0.495,8,5.96,0
0.9412,17,16,483,9,4787.11,6,1,2,0.5017,5,4.19,1
0.9677,31,30,535,5,9434.5,6,0,1,0.777,8,2.33,1
0.6842,19,13,437,5,2502.29,2,1,2,0.4091,4,4.73,1
0.3889,36,14,746,6,3760.87,6,0,1,0.5184,5,4.77,0
0.3636,22,8,330,16,2386.45,3,0,1,0.5354,5,2.04,0
0.6364,33,21,201,9,6156.67,6,0,1,0.4573,8,2.62,1
0.6129,31,19,661,7,3982.78,6,0,1,0.2017,8,5.11,0
0.7353,34,25,545,13,4656.64,6,0,1,0.389,8,2.47,0
0.6757,37,25,546,11,2730.84,5,1,3,0.3794,8,4.47,1
0.7895,19,15,207,5,4754.7,4,0,1,0.3793,4,4.53,0
0.4286,35,15,669,12,7338.69,4,0,1,0.5965,6,7.98,0
0.5263,38,20,507,7,2479.57,3,1,3,0.8072,5,2.74,1
0.8,40,32,416,28,3192.38,3,1,3,0.2276,8,1.72,1
0.7647,34,26,796,21,3053.29,3,0,1,0.57,7,3.48,1
0.3684,19,7,680,10,4985.62,4,1,2,0.1889,1,5.35,0
0.9167,36,33,553,12,2550.78,2,1,2,0.4637,8,4.23,1
0.8462,26,22,438,7,4899.29,6,1,4,0.6873,8,7.39,1
0.6429,14,9,796,5,2506.9,4,1,3,0.4985,3,4.65,1
0.6667,36,24,668,18,3694.83,2,1,2,0.4753,8,6.52,1
0.9167,36,33,505,10,5255.14,5,0,1,0.6392,8,4.31,1
0.8462,39,33,777,25,4218.49,5,1,2,0.4272,8,8.65,1
0.5,26,13,416,15,1602.79,2,1,2,0.4787,7,5.48,1
0.4615,13,6,763,10,3496.98,3,1,2,0.4583,3,6.91,0
0.6875,16,11,340,20,3226.3,2,0,1,0.2725,3,6.03,1
0.8182,22,18,255,14,4787.06,4,1,3,0.5444,8,4.56,1
0.7586,29,22,461,7,4148.36,6,1,4,0.4154,5,4.69,1
0.7308,26,19,647,12,5169.42,5,0,1,0.5457,8,3.1,1
0.9167,12,11,644,7,9382.7,4,0,1,0.4796,3,2.69,1
0.6087,23,14,351,4,4449.15,6,0,1,0.5977,5,1.67,1
0.5556,18,10,754,12,6183.22,3,1,3,0.4396,5,2.21,1
0.2,35,7,769,12,2616.17,4,1,2,0.5147,2,3.92,0
0.3,20,6,468,10,3536.08,5,1,3,0.5684,5,2.38,1
0.6,20,12,682,14,4838.6,6,0,1,0.4373,5,4.67,0
0.6316,38,24,277,7,6570.8,3,1,3,0.2422,8,5.15,1
0.7407,27,20,667,9,4319.68,4,0,1,0.5895,4,2.68,0
0.6765,34,23,546,16,3916.3,5,1,2,0.3335,8,4.63,1
0.6486,37,24,168,10,4854.23,6,1,2,0.2345,8,4.42,0
0.5946,37,22,789,9,5949.23,6,0,1,0.3238,8,4.88,0
0.6429,14,9,699,9,2339.0,2,0,1,0.2764,3,3.13,0
0.7,10,7,332,16,4340.56,4,1,4,0.4415,7,1.93,1
1.0,28,28,673,15,1719.26,3,1,3,0.4063,8,3.74,1
0.8,30,24,289,13,4852.24,6,0,1,0.2543,8,5.32,1
0.8205,39,32,157,13,4048.25,3,1,2,0.6226,8,5.92,1
0.825,40,33,591,6,4920.19,4,1,2,0.4529,8,4.1,1
0.4286,21,9,637,3,4525.2,6,1,2,0.678,5,3.55,1
0.875,40,35,673,9,2747.08,4,0,1,0.683,8,4.63,1
0.8333,30,25,594,5,2569.13,3,1,2,0.5791,7,2.78,1
0.3333,12,4,206,3,5358.5,4,1,2,0.6592,2,2.19,1
0.4194,31,13,765,16,8347.5,5,0,1,0.5011,5,3.49,0
0.5333,15,8,228,5,2439.97,3,0,1,0.4108,3,7.55,0
0.4667,30,14,332,6,4983.02,6,1,3,0.5796,7,3.35,1
0.3636,11,4,331,23,8057.09,6,1,3,0.5699,2,2.36,1
0.5143,35,18,771,10,5903.85,6,0,1,0.3325,8,2.68,0
0.4706,17,8,567,7,3319.06,4,1,3,0.5613,1,4.32,0
0.5714,21,12,156,8,4824.92,3,1,3,0.3607,8,5.68,1
0.6061,33,20,234,6,3360.74,4,1,4,0.2915,8,2.56,1
0.4118,17,7,643,17,4639.97,4,0,1,0.3473,2,4.86,0
0.8182,33,27,325,7,8989.16,5,0,1,0.3928,8,1.16,1
0.9412,34,32,293,16,3050.56,5,0,1,0.4176,8,3.12,1
0.5152,33,17,768,11,2600.69,3,0,1,0.7068,7,3.55,1
0.5789,38,22,433,23,4782.93,5,0,1,0.3406,8,5.12,0
0.9091,33,30,610,9,4014.63,6,1,4,0.5314,8,3.43,1
0.375,16,6,290,9,2623.02,6,1,4,0.2457,2,3.91,0
0.6364,22,14,366,10,4776.38,6,0,1,0.5166,5,2.4,1
0.5556,27,15,124,11,5835.63,6,0,1,0.3947,7,2.46,1
0.8421,19,16,555,8,3196.58,2,0,1,0.629,8,6.47,1
0.4474,38,17,335,12,1608.65,2,1,2,0.5739,8,3.17,1
0.8,10,8,738,5,3706.32,4,1,3,0.3225,6,4.28,0
0.7273,11,8,488,6,7310.55,5,1,2,0.4613,4,3.01,1
0.5385,26,14,390,12,4480.63,2,1,2,0.5327,8,5.77,1
0.7391,23,17,523,16,2115.71,2,0,1,0.3136,7,2.82,1
0.7778,27,21,141,8,2909.66,3,1,3,0.4097,8,4.65,1
0.6667,24,16,780,17,4846.43,6,1,3,0.4186,8,3.8,1
0.8182,22,18,603,15,3911.99,6,0,1,0.7559,8,6.59,0
0.7949,39,31,701,10,4228.24,4,0,1,0.5978,8,2.44,1
0.9524,21,20,549,11,3324.89,2,0,1,0.2654,8,2.66,1
0.5385,13,7,103,10,5823.15,5,0,1,0.3792,4,2.1,0
0.8571,35,30,496,13,12309.86,6,1,2,0.7346,8,2.82,1
0.4412,34,15,347,7,2627.25,4,0,1,0.3693,6,4.23,0
0.4667,15,7,784,11,2729.85,2,1,2,0.3045,5,5.45,1
0.5833,12,7,346,15,6383.79,5,1,3,0.3949,3,2.67,0
0.4571,35,16,241,10,4168.62,3,1,2,0.6758,7,3.29,1
0.6,35,21,573,7,4832.27,6,0,1,0.1913,8,4.87,1
0.5,10,5,742,11,9679.34,5,0,1,0.5098,1,2.53,0
0.8125,16,13,432,11,3574.43,2,0,1,0.5179,7,4.5,0
0.7368,19,14,332,15,6973.39,6,1,2,0.7727,8,2.11,1
0.7895,19,15,170,6,3826.76,4,0,1,0.3286,6,4.06,0
0.3846,13,5,266,7,1559.96,3,0,1,0.6498,2,3.74,0
0.8947,19,17,369,27,7953.36,5,1,2,0.582,8,5.85,1
0.5806,31,18,343,8,5170.16,5,1,2,0.6139,7,3.67,1
0.6786,28,19,582,19,8031.9,4,1,4,0.7017,8,5.85,1
0.6538,26,17,501,5,3088.49,4,1,2,0.5461,7,5.06,1
0.6486,37,24,702,17,1805.46,2,1,2,0.386,8,3.45,1
0.5,12,6,528,10,6399.16,6,0,1,0.577,1,4.83,0
0.973,37,36,213,12,5537.73,5,1,4,0.7934,8,3.86,1
0.7667,30,23,254,9,5582.25,6,1,2,0.5229,8,2.86,1
0.675,40,27,393,13,1564.99,2,1,2,0.5013,8,2.48,1
0.9722,36,35,739,10,4117.09,5,1,3,0.4573,8,5.3,1
0.973,37,36,231,17,3219.87,3,1,2,0.2476,8,3.45,1
0.7586,29,22,162,7,3134.85,4,1,4,0.4381,8,3.21,1
0.5152,33,17,168,18,2822.84,2,0,1,0.3847,6,3.13,0
0.5294,17,9,494,6,5462.49,5,0,1,0.7189,5,5.58,0
0.381,21,8,339,18,4183.43,4,1,3,0.833,5,1.52,1
0.24,25,6,568,10,4079.46,4,1,4,0.388,4,3.42,1
0.5,14,7,507,8,3170.92,6,0,1,0.4117,4,3.44,0
0.8333,24,20,446,21,4215.08,6,1,4,0.5395,8,2.97,1
0.9167,36,33,302,6,3631.19,4,1,3,0.3905,8,3.5,1
0.9091,22,20,294,10,4389.27,6,0,1,0.4955,8,3.54,0
0.6316,19,12,135,4,4038.12,5,0,1,0.6538,7,2.49,0
0.85,20,17,187,7,4597.69,3,0,1,0.4986,8,5.99,1
0.9565,23,22,666,26,3647.15,2,1,2,0.177,8,4.88,1
0.9231,13,12,503,7,1822.89,3,1,2,0.8001,3,2.55,1
0.8889,36,32,376,5,4454.24,6,1,2,0.4685,8,2.82,1
0.8333,12,10,303,13,5120.24,6,1,2,0.6833,7,3.38,1
0.5,16,8,378,10,8274.66,5,0,1,0.3532,3,5.84,1
0.7727,22,17,274,14,4083.44,6,1,2,0.2975,8,5.35,1
0.7222,18,13,371,8,4041.35,5,1,2,0.357,6,3.06,0
0.4667,15,7,694,7,2509.91,2,1,2,0.4349,4,5.62,0
0.7619,21,16,465,9,4713.02,5,1,3,0.6003,6,4.36,0
0.9667,30,29,218,10,4802.5,3,1,2,0.3924,8,3.93,1
0.3,10,3,700,11,6189.65,6,1,3,0.2828,1,3.57,0
0.6757,37,25,663,7,6770.0,6,0,1,0.761,8,2.24,0
0.2857,35,10,227,10,3941.85,5,1,3,0.6197,5,4.74,1
0.8148,27,22,654,8,3907.69,3,0,1,0.7477,8,2.58,1
0.7,10,7,347,10,11294.62,5,1,2,0.502,6,3.44,1
0.8857,35,31,551,13,5811.65,5,0,1,0.4229,8,2.85,1
0.875,24,21,665,6,6477.22,5,1,3,0.7615,8,2.06,1
0.6429,14,9,500,11,3068.27,4,1,2,0.6254,6,5.07,1
0.6364,11,7,662,12,5365.79,3,1,3,0.3991,2,4.13,1
0.7273,11,8,327,17,3023.25,4,0,1,0.4741,6,1.9,1
0.8333,24,20,797,7,7483.47,6,0,1,0.6234,8,3.3,0
0.9697,33,32,469,8,4252.13,4,1,4,0.5298,8,2.42,1
0.75,24,18,343,11,10643.59,6,0,1,0.5862,7,3.01,0
0.5385,13,7,383,17,2761.94,3,1,2,0.7627,3,2.95,0
0.7727,22,17,352,10,2686.96,2,1,2,0.5541,8,5.02,0
0.7143,21,15,683,5,3353.81,6,1,3,0.5344,6,4.89,1
1.0,25,25,136,5,5528.95,4,1,4,0.4268,8,6.68,1
0.8636,22,19,147,10,4156.86,5,0,1,0.3137,8,4.6,1
0.85,40,34,247,13,3045.14,5,0,1,0.2204,8,1.91,1
0.7083,24,17,285,19,4387.8,4,0,1,0.3766,8,3.76,1
0.4167,12,5,649,7,1651.17,3,0,1,0.489,5,2.44,1
0.5455,22,12,532,15,3458.4,5,0,1,0.4992,6,4.38,1
0.2667,15,4,587,12,6074.44,5,0,1,0.6064,3,4.38,1
0.4,20,8,611,14,2485.65,2,1,2,0.213,5,4.31,0
0.4,10,4,689,14,5887.35,3,0,1,0.4929,2,3.02,0
0.9444,18,17,660,4,2837.63,2,0,1,0.5586,7,3.22,0
0.9394,33,31,797,9,2140.86,2,0,1,0.814,8,3.44,0
0.7826,23,18,302,10,4523.17,4,0,1,0.6905,8,5.06,0
0.8462,39,33,800,22,4413.13,4,1,4,0.7453,8,2.31,1
0.8378,37,31,514,16,4405.84,2,1,2,0.5815,8,6.02,0
0.7647,17,13,162,5,3376.9,4,1,4,0.5305,8,3.85,1
0.5789,38,22,800,8,4826.69,4,1,3,0.8546,8,3.88,1
0.6,35,21,356,13,4035.44,4,1,4,0.477,7,3.95,1
0.5,16,8,590,22,5211.33,3,0,1,0.5072,5,4.57,1
0.5789,19,11,184,9,7287.59,5,1,3,0.5834,7,6.48,0
0.3929,28,11,251,16,4329.0,5,0,1,0.4359,5,4.17,1
0.6154,13,8,752,13,5209.5,3,0,1,0.7326,3,4.91,0
0.9167,12,11,174,10,2210.66,2,0,1,0.646,8,3.15,1
0.7143,21,15,209,11,3598.93,4,1,4,0.6468,7,3.33,1
0.7222,18,13,374,10,2159.51,2,1,2,0.9097,6,4.31,1
0.6486,37,24,756,9,6484.79,6,0,1,0.4946,8,2.15,1
0.8696,23,20,734,7,2820.74,2,0,1,0.513,7,6.98,0
0.8519,27,23,467,7,5703.67,5,1,2,0.3044,8,7.54,1
0.6875,16,11,197,10,3452.73,5,0,1,0.6205,6,3.84,0
0.8125,16,13,103,5,2889.18,2,1,2,0.3358,5,3.94,0
0.7,30,21,216,9,5885.3,4,1,4,0.5781,8,4.32,1
0.5,28,14,531,18,2310.99,3,1,2,0.43,8,2.76,1
0.3889,18,7,158,11,2832.36,2,1,2,0.5844,2,3.72,0
0.75,12,9,733,8,5434.76,4,0,1,0.6236,5,3.7,1
0.5333,15,8,624,12,1998.69,3,1,3,0.5076,5,3.32,1
0.52,25,13,360,13,3264.05,4,0,1,0.5026,4,4.64,1
0.6364,11,7,616,17,5751.22,2,1,2,0.3149,5,3.64,1
0.5,32,16,715,7,4696.76,5,1,4,0.8451,8,2.91,1
0.9655,29,28,131,19,4677.45,6,1,3,0.7197,8,2.85,1
0.7037,27,19,700,8,6625.28,5,1,3,0.6808,8,2.6,1
0.4375,16,7,800,8,2641.75,2,0,1,0.7472,4,2.36,0
0.7059,17,12,198,19,3308.47,4,1,3,0.6089,3,4.15,1
0.1667,12,2,833,29,2011.74,2,0,1,0.1195,1,36.56,0
0.0,10,0,754,15,821.94,1,0,1,0.1347,0,0.0,0
0.0526,19,1,282,36,2574.52,2,0,1,0.0311,0,23.52,0
0.0,11,0,494,19,2142.76,2,0,1,0.0726,0,0.0,0
0.3333,9,3,381,27,1630.09,2,0,1,0.1536,0,15.5,0
0.0357,28,1,180,20,2753.56,2,0,1,0.0977,0,39.7,0
0.0,15,0,648,20,1537.55,1,0,1,0.0944,0,0.0,0
0.0,23,0,529,15,1159.74,1,0,1,0.0623,0,0.0,0
0.1429,14,2,566,7,2057.81,3,0,1,0.0262,1,18.76,0
0.0714,14,1,518,16,1640.67,2,0,1,0.177,0,16.68,0
0.0,8,0,257,20,2532.44,3,0,1,0.1448,0,0.0,1
0.6,10,6,253,18,1137.8,1,0,1,0.3494,0,20.51,0
0.3077,13,4,833,22,1793.35,3,1,3,0.0533,3,20.36,1
0.0909,11,1,192,25,2284.57,2,0,1,0.1264,0,9.88,0
0.0,32,0,234,29,1556.6,1,0,1,0.0551,0,0.0,1
0.25,4,1,398,11,1654.87,1,0,1,0.0296,0,13.55,0
0.2667,15,4,299,21,5419.66,3,0,1,0.2011,2,20.71,0
0.0833,12,1,510,20,1415.55,1,0,1,0.144,0,17.4,1
0.0,18,0,833,16,990.1,1,0,1,0.0996,0,0.0,0
0.0,13,0,738,19,1021.35,1,0,1,0.1992,0,0.0,0
0.4,5,2,653,29,2639.63,2,0,1,0.117,0,17.71,1
0.0,20,0,244,18,1430.15,1,0,1,0.244,0,0.0,0
0.5833,12,7,182,22,1308.23,2,0,1,0.0664,0,8.08,0
0.0,18,0,212,25,2736.39,2,0,1,0.3793,0,0.0,0
0.4,20,8,268,16,1395.76,2,0,1,0.1762,1,68.45,0
0.2727,11,3,597,40,805.39,1,0,1,0.0413,0,20.14,0
0.0909,11,1,817,11,1722.83,1,0,1,0.1346,0,28.2,0
0.3333,6,2,686,15,1647.65,1,0,1,0.0089,1,8.78,1
0.0526,19,1,632,24,1344.6,1,0,1,0.0232,0,21.38,0
0.2,5,1,699,30,1100.45,1,0,1,0.2485,0,13.98,0
0.2,10,2,218,16,1511.71,2,0,1,0.2428,0,17.92,0
0.1923,26,5,405,18,1592.94,1,0,1,0.3298,1,9.5,0
0.0,5,0,264,21,1492.42,1,0,1,0.1085,0,0.0,0
0.2,10,2,825,12,1465.58,1,0,1,0.0819,0,18.49,0
0.3333,21,7,651,15,2181.44,2,0,1,0.2473,0,32.4,1
0.3077,13,4,588,39,1482.57,1,0,1,0.374,0,31.23,0
0.3846,13,5,840,16,1267.38,1,0,1,0.1254,2,19.9,0
0.2727,11,3,331,34,1502.13,2,0,1,0.1665,0,25.09,0
0.0625,16,1,990,12,2325.24,2,0,1,0.1035,0,16.28,0
0.1111,9,1,349,36,2267.33,1,0,1,0.2278,0,31.98,0
0.0,27,0,823,36,1584.87,2,0,1,0.1559,0,0.0,0
0.125,8,1,476,17,898.29,1,0,1,0.1362,0,22.06,0
0.0417,24,1,227,22,2384.04,1,0,1,0.2353,0,27.29,0
0.0625,16,1,733,20,3341.62,2,0,1,0.1693,0,15.75,0
0.2143,14,3,263,21,1057.93,2,0,1,0.0459,1,8.09,0
0.1667,12,2,286,18,1279.02,1,0,1,0.1755,0,26.71,1
0.4,10,4,267,12,2356.55,1,0,1,0.198,0,18.05,0
0.2857,7,2,272,23,1222.43,1,0,1,0.1731,0,25.23,0
0.0351,57,2,258,20,1509.18,2,0,1,0.1777,0,15.2,0
0.1579,19,3,915,72,1202.27,1,0,1,0.1736,1,20.07,0
0.44,25,11,935,18,1440.06,1,0,1,0.1378,1,14.74,0
0.5625,16,9,255,26,778.12,1,0,1,0.0245,2,16.96,0
0.0588,34,2,869,30,1245.01,1,0,1,0.1764,0,24.65,0
0.1667,6,1,245,11,2615.83,1,0,1,0.1624,0,22.71,0
0.1538,13,2,321,20,2389.5,1,0,1,0.2299,1,10.57,0
0.1667,6,1,707,19,1570.0,1,0,1,0.2948,0,12.45,0
0.0,12,0,490,15,3650.22,3,0,1,0.3336,0,0.0,0
0.0,17,0,597,17,1179.77,1,0,1,0.326,0,0.0,0
0.0,4,0,587,23,1305.57,1,0,1,0.2331,0,0.0,1
0.0,18,0,788,20,3730.43,3,0,1,0.3702,0,0.0,0
0.3182,22,7,285,33,1628.65,1,0,1,0.3981,1,13.75,0
0.1667,12,2,242,16,1956.68,1,0,1,0.1422,0,12.6,0
0.2,10,2,860,16,1043.05,1,0,1,0.2409,1,20.98,0
0.1111,9,1,788,21,1275.02,3,0,1,0.0421,0,20.63,0
0.3333,6,2,388,10,1399.98,2,0,1,0.106,0,19.85,0
0.2308,13,3,778,22,1276.84,1,0,1,0.1621,1,22.18,0
0.1818,11,2,500,14,3321.52,3,0,1,0.0846,0,16.74,0
0.0455,22,1,569,22,1690.46,1,0,1,0.1428,0,13.75,0
0.2727,11,3,724,24,3161.4,1,0,1,0.0988,1,16.96,0
0.25,8,2,212,13,2316.3,2,1,2,0.1246,0,17.97,0
0.1935,31,6,631,15,1113.45,1,0,1,0.2458,0,8.26,0
0.3,10,3,802,26,1691.32,1,0,1,0.2245,1,24.63,0
0.2222,9,2,707,29,2890.92,2,0,1,0.1594,0,16.97,0
0.2,15,3,955,37,1215.43,1,0,1,0.1387,0,17.63,0
0.2222,9,2,436,29,1537.4,2,0,1,0.1947,0,12.22,0
0.0,7,0,507,13,1532.11,1,0,1,0.1083,0,0.0,0
0.2,10,2,210,16,2183.27,2,0,1,0.1057,0,12.82,1
0.25,20,5,868,27,1335.98,1,0,1,0.1917,0,15.69,0
0.2222,27,6,775,35,1199.9,1,0,1,0.0326,1,15.47,0
0.0,11,0,377,12,1819.01,2,0,1,0.1607,0,0.0,0
0.0,6,0,864,24,2437.66,2,0,1,0.1248,0,0.0,1
0.1111,9,1,793,38,1832.1,1,0,1,0.3343,0,14.52,0
0.125,8,1,790,18,1801.39,1,0,1,0.0326,0,18.39,0
0.2,10,2,783,19,1711.06,1,0,1,0.1453,0,19.26,0
0.0,22,0,236,15,667.56,1,0,1,0.0771,0,0.0,0
0.0,9,0,699,21,918.35,1,0,1,0.1699,0,0.0,0
0.0714,14,1,519,15,2004.54,1,0,1,0.2412,0,9.62,0
0.5714,7,4,389,13,1800.76,1,0,1,0.1613,0,40.36,0
0.3,10,3,877,12,4078.61,2,0,1,0.034,0,16.09,0
0.0909,11,1,599,35,742.4,1,0,1,0.0376,0,37.77,0
0.2222,9,2,451,10,978.3,1,0,1,0.1979,0,12.48,0
0.0,19,0,977,25,1928.04,1,0,1,0.3997,0,0.0,1
0.1429,14,2,293,18,1708.28,1,0,1,0.5866,1,17.86,0
0.0,6,0,858,14,2113.41,3,0,1,0.1705,0,0.0,0
0.1,20,2,394,42,1446.09,1,0,1,0.0716,1,11.55,0
0.1071,28,3,648,38,788.28,1,0,1,0.1769,0,19.7,0
0.1538,13,2,638,32,2245.18,3,0,1,0.2074,0,20.72,1
0.5,24,12,709,13,1540.47,2,0,1,0.3125,1,13.63,0
0.0,29,0,639,27,1753.64,2,0,1,0.0988,0,0.0,0
0.0769,13,1,844,19,1085.15,1,0,1,0.0613,1,28.22,0
0.4286,14,6,927,18,1673.62,1,0,1,0.1987,0,25.83,0
0.125,16,2,932,28,2065.32,2,0,1,0.2516,0,13.71,0
0.25,12,3,272,11,1430.31,1,0,1,0.0078,0,4.38,0
0.0833,12,1,997,27,1762.87,1,0,1,0.2725,0,12.51,0
0.08,25,2,199,18,1831.33,1,0,1,0.147,0,28.17,0
0.2941,17,5,727,14,1345.14,1,0,1,0.3134,1,15.06,1
0.0833,12,1,757,13,1262.82,1,0,1,0.1288,0,19.42,1
0.186,43,8,742,36,1348.99,1,0,1,0.174,0,19.08,0
0.25,20,5,521,23,1204.39,1,0,1,0.0611,0,13.18,0
0.0,34,0,232,35,761.71,1,0,1,0.2201,0,0.0,0
0.1667,12,2,388,23,1986.0,3,0,1,0.1349,0,23.79,0
0.0,40,0,621,23,1914.8,1,0,1,0.1141,0,0.0,0
0.2,5,1,512,16,1766.07,1,0,1,0.1882,0,12.28,0
0.3333,12,4,902,24,1342.93,2,0,1,0.1135,0,14.64,0
0.1667,18,3,279,20,3625.56,3,0,1,0.2173,0,16.39,0
0.1333,15,2,804,22,2693.21,2,0,1,0.1407,0,19.39,0
0.4286,7,3,341,47,1713.25,1,0,1,0.3185,0,15.41,0
0.0,17,0,838,24,2096.21,1,0,1,0.086,0,0.0,0
0.4,10,4,238,11,1709.84,1,0,1,0.1641,1,9.65,0
0.1111,36,4,559,23,1436.7,1,0,1,0.1183,0,26.46,0
0.1667,12,2,487,32,1763.17,1,0,1,0.1651,1,27.54,0
0.1667,6,1,347,15,1583.94,1,0,1,0.0727,0,32.9,0
0.2857,7,2,489,38,1351.53,3,0,1,0.113,0,23.01,0
0.1429,21,3,429,23,1681.88,2,1,2,0.1347,0,43.38,0
0.5,8,4,222,18,1594.33,1,0,1,0.1556,1,22.66,0
0.2105,19,4,912,14,917.69,1,0,1,0.0193,0,17.78,0
0.1579,19,3,608,13,2414.87,1,0,1,0.3072,0,31.25,0
0.0,18,0,321,29,1190.28,2,0,1,0.092,0,0.0,0
0.2,5,1,288,24,1593.97,1,0,1,0.0781,0,24.94,0
0.0167,60,1,639,25,3020.79,3,0,1,0.0486,0,27.01,0
0.0,5,0,363,13,1284.92,1,0,1,0.0344,0,0.0,0
0.4286,7,3,939,39,1613.12,1,0,1,0.1996,0,21.23,0
0.0,10,0,820,19,1366.93,1,0,1,0.1843,0,0.0,0
0.1905,42,8,944,44,1173.82,1,0,1,0.1525,1,26.3,0
0.1429,21,3,432,57,2267.93,1,0,1,0.1537,0,11.92,0
0.1538,13,2,470,14,2668.71,3,0,1,0.2315,0,27.01,0
0.4286,21,9,631,17,1466.32,1,0,1,0.1803,1,22.62,1
0.0,13,0,343,35,2242.46,2,0,1,0.1776,0,0.0,0
0.0,13,0,651,19,1566.43,1,0,1,0.1959,0,0.0,0
0.1429,7,1,311,38,1929.6,2,0,1,0.1987,0,18.19,0
0.1538,13,2,609,23,1181.27,1,0,1,0.1117,0,12.0,0
0.0909,33,3,301,21,2072.39,2,0,1,0.0979,0,14.52,1
0.1765,17,3,843,20,1511.18,1,0,1,0.0861,1,14.29,0
0.1667,6,1,620,7,1790.77,2,0,1,0.0795,0,12.61,0
0.1,10,1,894,11,1225.86,1,0,1,0.1211,0,20.61,0
0.1176,17,2,922,25,2650.76,2,0,1,0.2213,0,13.46,0
0.0,22,0,771,28,1563.74,1,0,1,0.0703,0,0.0,0
0.4,10,4,879,12,2470.0,2,0,1,0.1043,1,15.03,0
0.25,8,2,465,20,2442.28,3,0,1,0.0901,1,12.75,0
0.2727,11,3,735,22,1799.43,1,0,1,0.3209,0,12.55,1
0.3571,14,5,380,28,1500.46,1,0,1,0.09,2,16.66,0
0.0,12,0,371,21,1884.81,1,0,1,0.2115,0,0.0,0
0.3333,9,3,268,32,1249.35,1,0,1,0.0946,0,8.22,0
0.0,9,0,800,40,4170.3,3,0,1,0.0211,0,0.0,0
0.1818,11,2,540,22,2183.68,2,0,1,0.1588,0,35.74,0
0.1111,9,1,925,19,866.76,1,0,1,0.084,0,38.7,0
0.0,6,0,980,15,1503.4,1,0,1,0.0191,0,0.0,0
0.1905,21,4,344,17,1971.79,1,0,1,0.2541,0,36.4,1
0.2,10,2,790,23,1431.4,3,0,1,0.0393,1,19.81,0
0.2353,17,4,601,11,2001.32,3,0,1,0.3506,0,16.76,1
0.2727,22,6,757,18,1716.34,3,1,3,0.0376,2,12.27,0
0.3333,6,2,645,43,2716.96,3,1,3,0.2794,0,11.62,0
0.1,10,1,888,25,2121.56,3,0,1,0.1036,0,15.71,0
0.12,25,3,476,32,1082.13,1,0,1,0.0683,0,19.89,0
0.3,10,3,549,34,1827.36,2,0,1,0.0474,1,15.18,0
0.0,6,0,943,26,1440.56,1,0,1,0.274,0,0.0,0
0.3333,9,3,346,13,3221.18,1,0,1,0.2557,0,33.6,0
0.2,5,1,951,9,1351.63,1,0,1,0.1325,0,24.6,0
0.2222,18,4,876,18,2739.84,3,1,2,0.3248,0,11.74,1
0.1111,27,3,799,53,918.83,1,0,1,0.1165,0,21.29,0
0.2,5,1,381,23,1144.12,1,0,1,0.1256,0,17.7,0
0.0714,14,1,215,29,1166.28,1,0,1,0.1309,0,29.49,1
0.0667,15,1,936,23,2056.09,2,0,1,0.2178,0,21.01,0
0.0,15,0,567,18,1920.43,1,0,1,0.0326,0,0.0,0
0.2222,9,2,580,15,2018.66,1,0,1,0.031,0,27.27,0
0.0,16,0,713,35,3412.7,3,0,1,0.1334,0,0.0,0
0.25,4,1,718,15,824.83,1,0,1,0.3852,0,20.09,0
0.3,10,3,475,28,1509.51,2,0,1,0.3047,0,11.57,0
0.1429,7,1,233,27,2280.66,2,0,1,0.3604,0,32.06,0
0.1818,11,2,770,26,1654.56,1,0,1,0.1582,0,17.2,0
0.4167,12,5,355,13,1525.91,1,0,1,0.1178,2,15.11,0
0.1,10,1,405,42,2260.07,1,0,1,0.015,0,42.7,0
0.0,7,0,555,39,2871.78,3,0,1,0.048,0,0.0,0
0.7143,14,10,417,17,4110.5,2,0,1,0.1219,1,19.05,0
0.3529,17,6,270,14,1162.82,2,0,1,0.261,1,15.61,0
0.2432,37,9,585,20,1938.22,1,0,1,0.0636,1,12.72,0
0.1667,12,2,305,18,2113.78,2,0,1,0.0875,0,32.68,0
0.4167,12,5,778,17,2217.2,2,0,1,0.1723,0,21.12,0
0.1333,45,6,225,18,1345.57,1,0,1,0.1778,1,19.71,0
0.0,7,0,798,16,2717.41,2,0,1,0.2275,0,0.0,0
0.3889,18,7,792,32,2906.78,2,0,1,0.0482,1,15.95,0
0.1538,26,4,489,11,1676.62,1,0,1,0.0508,0,20.33,0
0.0667,15,1,316,16,1716.8,1,0,1,0.0767,0,18.78,0
0.2,10,2,420,13,2490.51,2,0,1,0.0457,0,21.37,0
0.0455,22,1,386,17,1316.07,1,0,1,0.3952,0,19.79,0
0.2,25,5,945,22,3830.79,3,1,3,0.0735,1,20.21,0
0.0833,12,1,790,25,3650.51,1,0,1,0.2836,0,26.48,0
0.0526,19,1,305,16,1989.74,1,0,1,0.1538,1,15.77,0
0.3,10,3,382,25,1700.22,1,0,1,0.1058,0,25.43,0
0.3333,15,5,781,23,1963.66,1,0,1,0.1136,0,11.59,0
0.2,20,4,677,21,1959.38,1,0,1,0.1219,2,10.6,0
0.1667,12,2,845,19,1787.1,2,1,2,0.2266,1,16.09,0
0.0833,12,1,571,30,1974.27,1,0,1,0.0977,1,19.91,0
0.0588,17,1,524,26,1189.72,1,0,1,0.1253,0,24.71,0
0.2,20,4,737,25,1611.12,1,0,1,0.114,0,15.42,0
0.0,8,0,745,49,2599.86,3,0,1,0.0867,0,0.0,0
0.375,8,3,791,94,2303.95,1,0,1,0.1679,1,37.69,0
0.6,5,3,304,17,2478.67,2,0,1,0.1695,0,33.71,0
0.1905,21,4,719,42,1506.82,2,0,1,0.1227,1,13.6,0
0.1,10,1,665,9,1147.31,1,0,1,0.3703,0,12.08,1
0.0909,11,1,577,20,1414.83,2,1,2,0.1353,0,37.09,0
0.0,7,0,717,22,1690.18,1,0,1,0.267,0,0.0,0
0.3684,38,14,870,13,744.23,1,0,1,0.2098,1,28.79,0
0.1429,7,1,481,31,1626.98,1,0,1,0.1238,0,19.06,0
0.2083,24,5,319,35,1389.76,2,0,1,0.1462,0,17.85,0
0.2759,29,8,491,52,2168.23,3,0,1,0.0574,0,18.14,0
0.0,12,0,613,14,2308.38,2,0,1,0.33,0,0.0,0
0.0357,28,1,340,12,1771.78,1,0,1,0.065,0,30.98,0
0.0667,15,1,289,32,984.64,1,0,1,0.0176,0,15.11,1
0.1154,26,3,271,10,2418.98,2,0,1,0.0232,0,18.77,0
0.1333,15,2,533,19,1895.66,1,0,1,0.1231,0,22.81,0
0.1364,22,3,419,14,972.79,1,0,1,0.4176,0,38.81,1
0.0,5,0,592,36,3465.86,1,0,1,0.0781,0,0.0,0
0.0,5,0,859,35,1358.01,1,0,1,0.3959,0,0.0,0
0.0,4,0,193,22,1760.69,1,0,1,0.2723,0,0.0,0
0.0,11,0,744,52,2082.84,2,0,1,0.0802,0,0.0,0
0.35,20,7,725,16,1600.54,1,0,1,0.1602,1,33.31,0
0.4286,7,3,384,40,1394.8,2,1,2,0.0377,2,20.24,1
0.1765,17,3,359,40,1522.52,3,0,1,0.0153,1,22.25,0
0.1,10,1,757,35,1874.07,1,0,1,0.0892,1,6.28,0
0.1429,7,1,380,13,1913.19,3,1,3,0.0572,0,17.04,0
0.1875,16,3,618,7,1166.52,1,0,1,0.2611,0,24.61,0
0.3333,6,2,724,19,2808.98,2,0,1,0.0698,1,20.05,0
0.1,10,1,852,47,2267.37,2,1,2,0.167,0,17.97,0
0.0,7,0,711,17,2879.44,2,1,2,0.2574,0,0.0,0
0.125,8,1,950,23,1378.14,2,0,1,0.1189,0,9.43,0
0.0,10,0,193,20,1439.03,1,0,1,0.049,0,0.0,0
0.125,24,3,291,12,2828.07,1,0,1,0.0858,2,18.56,0
0.2222,9,2,756,16,2372.17,2,0,1,0.11,0,19.71,0
0.625,8,5,849,21,3294.49,3,0,1,0.2317,0,28.59,1
0.4286,7,3,418,27,1553.18,2,0,1,0.1202,0,24.89,0
0.25,8,2,340,20,1783.63,1,0,1,0.2864,0,30.42,0
0.0,12,0,488,15,2170.76,2,1,2,0.2029,0,0.0,0
0.1538,13,2,488,34,920.14,1,0,1,0.1529,0,20.8,1
0.0,22,0,809,15,1136.52,1,0,1,0.0852,0,0.0,0
0.0,11,0,342,19,2681.65,1,0,1,0.0129,0,0.0,0
0.2,20,4,236,38,1579.88,2,0,1,0.0322,0,8.74,0
0.1875,16,3,507,11,2235.95,1,0,1,0.1449,1,14.35,1
0.2174,23,5,604,11,3232.5,2,0,1,0.0761,1,13.36,0
0.0588,17,1,401,10,999.04,1,0,1,0.0182,0,14.33,0
0.3846,13,5,918,23,2181.26,1,0,1,0.0318,1,11.62,0
0.0,16,0,364,32,1250.86,1,0,1,0.0439,0,0.0,0
0.1667,12,2,923,43,1255.98,1,0,1,0.1442,0,11.05,1
0.0,3,0,295,35,1733.93,1,0,1,0.1155,0,0.0,0
0.0909,11,1,410,21,3095.97,2,0,1,0.1138,0,27.58,0
0.1667,12,2,850,28,1615.17,1,0,1,0.2128,1,13.75,1
0.0,16,0,710,25,1870.33,1,0,1,0.0896,0,0.0,1
0.1304,23,3,715,37,1114.39,1,0,1,0.1092,0,19.47,0
0.0,7,0,315,32,1517.34,2,1,2,0.1434,0,0.0,0
0.2083,24,5,392,9,1147.76,1,0,1,0.3221,0,14.31,0
0.2826,46,13,251,23,2813.89,3,0,1,0.074,3,6.28,0
0.1,20,2,269,17,1634.61,1,0,1,0.0493,1,18.76,0
0.3333,12,4,422,9,1451.97,2,1,2,0.2694,0,24.85,0
0.0976,41,4,319,7,1209.11,2,0,1,0.2417,0,18.2,0
0.125,8,1,644,19,1224.13,1,0,1,0.1938,0,19.12,1
0.0714,14,1,578,8,1374.09,1,0,1,0.1022,0,34.26,0
0.2857,7,2,900,21,2100.06,1,0,1,0.1155,0,27.82,1
0.0,12,0,737,22,1959.58,1,0,1,0.27,0,0.0,0
0.0,26,0,797,16,1542.53,1,0,1,0.2202,0,0.0,1
0.04,25,1,998,32,1270.36,2,0,1,0.0645,0,19.37,0
0.0667,15,1,728,17,1196.86,2,0,1,0.0064,0,14.47,0
0.25,8,2,969,30,1362.68,1,0,1,0.1423,0,12.85,0
0.2353,17,4,593,21,2328.22,2,0,1,0.0721,0,25.37,1
0.0909,11,1,360,21,2469.47,2,0,1,0.0943,0,10.72,0
0.1667,6,1,444,14,3871.88,3,0,1,0.2207,0,60.36,0
0.3077,13,4,391,21,2442.97,1,0,1,0.1673,1,20.1,0
0.1,10,1,532,50,1749.89,3,1,2,0.0635,0,42.45,0
0.1429,14,2,799,35,1661.65,2,0,1,0.3908,0,9.68,0
0.1667,6,1,451,16,824.79,1,0,1,0.138,0,22.46,0
0.0,10,0,425,17,1032.23,2,0,1,0.1421,0,0.0,0
0.1111,9,1,749,22,1855.45,1,0,1,0.2352,0,22.8,0
0.1667,30,5,198,15,1846.58,3,1,3,0.1918,0,16.7,0
0.0,25,0,750,17,1158.18,2,1,2,0.1252,0,0.0,1
0.1,10,1,920,7,1499.41,1,0,1,0.1371,0,30.09,0
0.0,7,0,574,12,1463.01,1,0,1,0.3197,0,0.0,1
0.0909,11,1,919,33,1909.51,1,0,1,0.0341,0,34.71,0
0.0,9,0,827,33,1689.25,1,0,1,0.2906,0,0.0,0
0.25,8,2,563,29,2068.83,2,0,1,0.3064,0,20.31,0
0.1579,19,3,433,30,2049.38,1,0,1,0.0737,0,20.49,0
0.0,13,0,439,44,1905.4,2,0,1,0.2913,0,0.0,0
0.1786,28,5,977,21,2519.07,1,0,1,0.2363,1,9.76,0
0.6667,21,14,372,9,1776.99,1,0,1,0.1643,0,19.12,1
0.1111,9,1,547,31,1926.71,2,0,1,0.1214,0,14.32,0
0.1667,12,2,530,22,1363.07,1,0,1,0.1947,0,13.07,0
0.2381,21,5,244,18,1508.9,2,0,1,0.0858,0,33.74,0
0.25,16,4,657,22,1349.27,1,0,1,0.3587,1,15.92,0
0.3077,13,4,772,35,1260.04,1,0,1,0.2488,0,12.69,0
0.0556,18,1,618,16,1474.0,2,0,1,0.2672,1,16.0,0
0.5714,7,4,965,22,2873.01,2,0,1,0.1101,2,26.19,0
0.0,4,0,246,18,2741.7,2,0,1,0.0224,0,0.0,0
0.1176,17,2,472,23,1705.4,2,0,1,0.3187,0,28.81,0
0.1111,9,1,398,13,2545.94,2,0,1,0.1093,0,21.04,0
0.1111,9,1,459,37,2151.59,1,0,1,0.0839,0,42.05,0
0.1667,12,2,243,23,3539.98,2,0,1,0.0842,0,10.67,1
0.0,13,0,618,48,2116.24,2,0,1,0.0325,0,0.0,0
0.0909,11,1,772,14,1752.32,2,0,1,0.1801,0,11.25,0
0.0,9,0,662,29,1233.45,1,0,1,0.2803,0,0.0,1
0.1111,9,1,609,16,2216.39,1,0,1,0.1449,0,13.59,0
0.5455,22,12,991,36,2173.63,2,0,1,0.2614,2,16.89,0
0.0,10,0,917,11,1387.27,1,0,1,0.0805,0,0.0,0
0.0556,18,1,412,41,1422.95,1,0,1,0.1109,0,32.77,0
0.1818,11,2,213,11,1595.72,1,0,1,0.2402,1,37.15,0
0.0345,29,1,676,39,1263.96,3,0,1,0.1567,0,24.28,0
0.0,7,0,522,24,2511.59,1,0,1,0.0715,0,0.0,0
0.1154,26,3,932,14,2980.04,2,0,1,0.2307,0,14.43,0
0.0,4,0,256,15,809.23,1,0,1,0.2048,0,0.0,0
0.4444,9,4,785,15,1644.44,1,0,1,0.1848,1,12.2,0
0.0,12,0,830,34,3289.71,2,0,1,0.3177,0,0.0,0
0.05,20,1,450,24,1921.95,1,0,1,0.3032,0,8.93,0
0.0909,11,1,850,11,1254.8,1,0,1,0.1466,0,30.71,0
0.3333,12,4,773,29,3567.93,3,0,1,0.1223,1,16.14,0
0.0,15,0,681,36,2545.73,3,0,1,0.3181,0,0.0,0
0.3,10,3,592,28,2701.84,2,0,1,0.1066,1,13.5,1
0.1667,6,1,277,24,1538.0,2,1,2,0.0807,0,24.74,1
0.4,5,2,196,20,1933.37,1,0,1,0.0661,2,38.56,0
0.0417,24,1,767,34,1931.4,2,0,1,0.2304,0,10.43,0
0.3793,29,11,204,19,1752.82,3,0,1,0.0313,1,22.02,0
0.0,13,0,459,17,1870.2,1,0,1,0.3825,0,0.0,0
0.0,8,0,763,24,3618.61,3,0,1,0.0496,0,0.0,1
0.0833,12,1,677,21,2026.26,2,0,1,0.0697,0,38.54,0
0.1667,18,3,330,18,3813.2,2,0,1,0.2139,0,23.46,0
0.1111,18,2,793,23,2555.59,2,0,1,0.1994,1,20.08,0
0.0,19,0,639,26,2091.67,1,0,1,0.0488,0,0.0,1
0.0,9,0,429,14,1207.88,2,0,1,0.2169,0,0.0,0
0.0,18,0,273,22,1422.74,1,0,1,0.1313,0,0.0,0
0.0,12,0,297,30,2028.56,3,0,1,0.3702,0,0.0,1
0.0,42,0,850,25,1670.5,1,0,1,0.2985,0,0.0,0
0.0,13,0,597,14,1606.8,1,0,1,0.1541,0,0.0,0
0.0,10,0,729,19,1867.89,1,0,1,0.2511,0,0.0,0
0.1,10,1,960,50,1835.21,2,1,2,0.1857,1,24.61,0
0.4,5,2,937,16,1256.01,2,0,1,0.3599,0,22.08,0
0.0,6,0,455,22,1913.19,2,0,1,0.1347,0,0.0,0
0.1667,12,2,292,20,1227.76,1,0,1,0.1462,0,19.45,0
0.1111,9,1,318,15,1144.47,1,0,1,0.1438,0,40.69,0
0.0,18,0,482,16,1266.13,1,0,1,0.4046,0,0.0,0
0.0,17,0,455,25,3638.49,3,0,1,0.0172,0,0.0,0
0.0,5,0,827,26,2083.86,2,1,2,0.1289,0,0.0,0
0.2381,21,5,331,16,1570.86,2,0,1,0.1941,2,16.04,0
0.0,3,0,451,24,2023.53,1,0,1,0.2509,0,0.0,1
0.0,9,0,723,28,3973.89,3,0,1,0.1065,0,0.0,0
0.2917,24,7,681,11,1363.1,1,0,1,0.1254,0,28.49,0
0.0,22,0,507,28,1660.68,1,0,1,0.2353,0,0.0,0
0.0,6,0,876,9,1927.16,2,0,1,0.0579,0,0.0,0
0.3333,18,6,453,15,1389.59,1,0,1,0.0663,1,14.47,0
0.0588,17,1,869,20,7575.33,3,1,3,0.0309,0,16.24,0
0.25,20,5,698,31,1361.51,1,0,1,0.1073,0,16.96,0
0.1429,7,1,462,15,1935.44,1,0,1,0.0824,0,9.23,0
0.0,7,0,922,16,1104.71,1,0,1,0.1165,0,0.0,0
0.25,8,2,715,11,1252.94,2,0,1,0.1761,0,16.9,0
0.25,12,3,641,39,1798.76,2,0,1,0.2589,0,34.86,0
0.0455,22,1,270,21,2111.39,2,1,2,0.0831,0,11.82,0
0.125,8,1,729,25,3143.85,2,0,1,0.2329,0,24.42,0
0.2222,9,2,608,11,1283.6,1,0,1,0.2725,1,13.68,0
0.05,20,1,193,29,840.64,1,0,1,0.0755,0,26.86,1
0.0,8,0,575,11,1712.58,1,0,1,0.0274,0,0.0,0
0.0667,15,1,426,60,1271.24,1,0,1,0.2408,0,19.27,0
0.3333,9,3,776,22,1369.0,1,0,1,0.5213,0,16.29,0
0.0909,22,2,999,34,1964.79,2,0,1,0.0489,0,16.74,0
0.375,16,6,245,24,1243.14,2,1,2,0.2477,1,27.27,0
0.1818,11,2,250,23,2841.24,2,0,1,0.1667,1,20.8,0
0.1786,28,5,346,30,1488.28,1,0,1,0.0732,1,20.8,0
0.0,20,0,769,37,2182.93,2,1,2,0.1585,0,0.0,0
0.2857,14,4,898,11,1922.04,1,0,1,0.2657,2,14.81,0
0.0476,21,1,450,7,2086.88,2,0,1,0.1624,1,14.4,0
0.2857,7,2,257,4,999.46,1,0,1,0.1865,1,34.94,0
0.0588,17,1,336,29,3676.96,2,0,1,0.1939,0,10.56,0
0.0,20,0,368,19,3009.64,1,0,1,0.0674,0,0.0,0
0.1765,17,3,237,16,1516.5,1,0,1,0.2227,1,7.98,0
0.2857,7,2,918,27,763.42,2,0,1,0.0556,0,17.29,0
0.1429,7,1,788,33,2423.42,2,1,2,0.3455,0,14.05,0
0.0769,13,1,397,15,1728.74,1,0,1,0.0627,0,43.37,0
0.0,7,0,427,21,1956.0,1,0,1,0.1384,0,0.0,1
0.125,8,1,659,18,2012.33,2,0,1,0.098,0,25.0,0
0.0833,12,1,235,21,1452.29,2,0,1,0.39,0,18.67,0
0.2692,26,7,551,15,1112.88,2,0,1,0.0614,0,24.21,0
0.1111,9,1,846,13,1824.65,2,0,1,0.0928,0,25.17,0
0.0,26,0,518,27,1985.01,1,0,1,0.1906,0,0.0,1
0.0769,13,1,874,30,1325.48,1,0,1,0.2077,0,19.05,0
0.0,4,0,915,54,1867.93,2,0,1,0.0423,0,0.0,0
0.0,6,0,588,30,1620.53,1,0,1,0.0667,0,0.0,0
0.2,10,2,989,19,1293.71,1,0,1,0.1041,1,14.4,0
0.4,10,4,690,40,1838.08,1,0,1,0.0914,0,25.69,1
0.0588,17,1,997,15,1252.01,1,0,1,0.3917,0,28.02,0
0.0,5,0,840,9,1557.49,2,0,1,0.1015,0,0.0,1
0.0909,11,1,275,30,1482.29,1,0,1,0.0564,0,9.51,0
0.0741,27,2,823,37,1273.27,2,0,1,0.1752,0,18.29,0
0.1667,6,1,676,20,1759.16,1,0,1,0.0728,1,13.04,0
0.0,10,0,993,28,1274.03,1,0,1,0.1198,0,0.0,0
0.2222,9,2,325,41,2302.44,1,0,1,0.0964,0,41.44,0
0.0,11,0,681,35,1288.7,1,0,1,0.0459,0,0.0,0
0.3333,9,3,867,15,796.91,2,0,1,0.0711,0,18.23,0
0.0,2,0,838,41,884.93,1,0,1,0.1588,0,0.0,0
0.4118,17,7,713,23,2403.94,2,1,2,0.2702,0,17.54,0
0.0,5,0,485,8,1238.23,1,0,1,0.0866,0,0.0,0
0.125,16,2,256,11,1776.37,1,0,1,0.2021,0,18.77,0
0.3333,9,3,609,35,1059.25,3,0,1,0.239,0,13.94,0
0.3333,6,2,914,41,4696.75,2,0,1,0.025,0,30.62,0
0.0,23,0,996,28,1677.72,1,0,1,0.506,0,0.0,0
0.2963,27,8,803,15,861.4,1,0,1,0.2576,1,19.75,0
0.4211,19,8,640,16,1306.91,1,0,1,0.209,4,24.48,1
0.7,10,7,932,34,1251.28,1,0,1,0.0659,0,14.93,0
0.0,3,0,284,12,1448.98,2,1,2,0.2939,0,0.0,0
0.0,19,0,245,29,935.68,2,0,1,0.1244,0,0.0,1
0.1333,15,2,658,17,1920.63,2,1,2,0.0122,0,14.95,0
0.1667,6,1,857,16,1341.29,1,0,1,0.2346,0,25.0,0
0.2353,17,4,331,8,2258.31,2,0,1,0.0541,1,18.74,1
0.0,10,0,361,11,2359.03,1,0,1,0.0121,0,0.0,0
0.1429,7,1,655,9,1887.62,2,0,1,0.1432,0,17.64,0
0.3333,15,5,475,12,1069.29,1,0,1,0.142,0,12.66,0
0.2143,14,3,977,17,1398.12,2,0,1,0.2821,2,16.59,0
0.0909,22,2,500,31,1948.8,2,1,2,0.0594,0,14.94,0
0.1081,37,4,702,13,2593.89,2,0,1,0.3137,0,15.36,0
0.0,9,0,432,26,2060.94,1,0,1,0.1197,0,0.0,0
0.25,16,4,576,34,4221.52,2,0,1,0.1071,1,13.98,0
0.3333,6,2,917,27,1580.35,2,0,1,0.0898,0,11.67,0
0.1875,16,3,209,9,2643.66,1,0,1,0.148,2,34.75,0
0.1176,17,2,536,40,2187.72,2,1,2,0.2042,0,21.5,0
0.4,10,4,939,20,4108.44,2,0,1,0.0518,0,13.04,0
0.0,6,0,918,24,1594.56,1,0,1,0.0905,0,0.0,0
0.0,8,0,909,19,977.2,1,0,1,0.0251,0,0.0,0
0.6,5,3,765,16,2371.82,1,0,1,0.1483,0,17.19,0
0.1875,16,3,683,36,2853.26,3,0,1,0.2142,1,10.0,0
0.0667,15,1,830,11,1550.31,1,0,1,0.1869,0,19.16,0
0.1538,13,2,651,19,1480.71,1,0,1,0.0706,0,15.87,0
0.2727,11,3,757,35,2331.23,2,1,2,0.1285,0,27.57,0
0.0,12,0,865,29,2527.29,2,1,2,0.1551,0,0.0,0
0.2857,7,2,257,17,1139.08,1,0,1,0.0225,1,34.91,0
0.2273,22,5,585,15,1832.37,1,0,1,0.1594,2,20.54,0
0.0,20,0,880,23,1153.48,1,0,1,0.0756,0,0.0,0
0.3333,18,6,682,13,1330.24,1,0,1,0.1216,1,19.08,0
0.0,9,0,555,23,2083.64,1,0,1,0.0692,0,0.0,0
0.2222,9,2,873,23,1664.23,1,0,1,0.0909,0,21.4,0
0.0,39,0,950,16,2286.44,3,0,1,0.1633,0,0.0,0
0.1667,12,2,446,84,1591.35,1,0,1,0.0942,0,34.12,0
0.0,9,0,688,21,1370.44,2,0,1,0.1011,0,0.0,0
0.0,12,0,651,36,1400.83,1,0,1,0.0852,0,0.0,0
0.1905,21,4,353,17,2314.88,2,0,1,0.131,1,18.14,0
0.6,10,6,367,15,2486.53,3,0,1,0.1908,2,14.73,0
0.1818,11,2,824,10,1256.95,1,0,1,0.1343,0,19.35,0
0.0556,18,1,625,15,2820.28,2,0,1,0.1197,0,28.31,0
0.1875,16,3,134,24,1690.77,4,0,1,0.4984,1,16.55,0
0.1579,19,3,348,12,1323.39,1,0,1,0.326,2,24.42,0
0.4118,17,7,567,12,3810.46,2,0,1,0.4467,4,23.77,0
0.4706,17,8,451,11,1570.42,4,0,1,0.4598,4,24.21,0
0.3333,9,3,408,12,2011.78,4,0,1,0.605,1,13.46,0
0.2353,17,4,402,16,1503.2,2,0,1,0.3656,2,9.06,0
0.1111,18,2,101,23,3390.66,5,1,3,0.3792,1,15.64,0
0.4211,19,8,548,10,1601.95,2,0,1,0.567,3,24.43,0
1.0,8,8,453,22,2416.7,2,0,1,0.4053,3,13.22,0
0.1429,14,2,255,17,3517.15,2,1,2,0.2223,0,20.52,0
0.2,5,1,349,11,4804.94,3,0,1,0.1932,0,20.78,0
0.3636,11,4,554,24,2539.06,1,0,1,0.4014,2,13.43,0
0.2,5,1,465,52,1839.47,1,0,1,0.0929,0,15.97,0
0.3636,11,4,313,16,1120.52,1,0,1,0.5426,3,13.78,0
0.375,8,3,471,24,2274.49,2,0,1,0.3596,1,24.83,0
0.0833,12,1,397,8,1880.55,2,1,2,0.2608,1,23.44,0
0.25,12,3,537,9,2319.85,3,1,3,0.3235,0,19.28,1
0.1875,16,3,467,36,2859.63,4,0,1,0.3154,2,7.28,0
0.3684,19,7,276,23,3899.7,2,1,2,0.4312,4,22.42,0
0.4,10,4,448,13,2641.03,5,0,1,0.4103,0,8.72,0
0.125,16,2,331,40,5433.08,5,0,1,0.1842,0,20.59,0
0.25,16,4,471,19,1574.89,2,1,2,0.2819,3,10.88,1
0.4286,14,6,264,9,856.42,2,0,1,0.318,2,12.09,0
0.0,8,0,205,18,1251.77,1,0,1,0.3475,0,0.0,1
0.1111,18,2,343,14,2260.26,3,0,1,0.1355,1,20.56,0
0.1429,7,1,336,6,2097.87,1,0,1,0.1592,1,21.01,1
0.0714,14,1,100,23,2257.67,3,0,1,0.1981,1,16.9,0
0.0,8,0,470,13,1954.12,3,0,1,0.2523,0,0.0,0
0.2,15,3,596,22,2595.19,5,0,1,0.1599,1,16.83,0
0.0,9,0,480,37,1565.25,3,1,3,0.4175,0,0.0,0
0.25,12,3,235,18,4209.28,5,0,1,0.5864,0,22.73,0
0.7895,19,15,415,10,2619.28,3,0,1,0.2527,5,6.85,1
0.1579,19,3,190,10,3427.62,2,0,1,0.308,0,23.1,0
0.25,16,4,494,29,2274.43,2,0,1,0.3614,1,9.5,0
0.45,20,9,600,11,2509.09,2,0,1,0.4261,3,6.31,0
0.5,8,4,273,15,2247.76,3,0,1,0.4685,2,17.24,1
0.5882,17,10,230,13,2468.45,1,0,1,0.1364,5,23.22,0
0.0,11,0,396,8,962.06,2,0,1,0.4485,0,0.0,1
0.5625,16,9,218,29,759.22,1,0,1,0.239,2,24.69,0
0.5455,11,6,137,8,1935.12,2,0,1,0.5453,2,23.92,1
0.5882,17,10,138,14,1758.48,1,0,1,0.3082,6,12.88,0
0.2,5,1,202,22,3205.28,2,0,1,0.1932,1,8.4,0
0.625,8,5,530,19,2142.45,2,0,1,0.4664,2,7.41,1
0.5714,7,4,398,37,2036.85,2,0,1,0.2928,1,11.19,1
0.1667,18,3,483,13,8169.64,5,0,1,0.0382,1,8.47,1
0.4667,15,7,346,11,2008.54,2,0,1,0.2966,3,16.33,0
0.1818,11,2,328,57,4571.47,2,1,2,0.2942,1,12.71,0
0.375,16,6,281,30,3044.95,2,0,1,0.1379,1,19.23,0
0.5789,19,11,166,10,867.62,1,0,1,0.3693,2,20.14,0
0.0,5,0,223,18,1768.5,2,0,1,0.2257,0,0.0,0
0.1111,9,1,183,16,935.19,3,0,1,0.2458,0,6.94,0
0.2222,9,2,309,25,2289.1,2,0,1,0.4152,0,24.0,0
0.3,20,6,510,13,1196.08,1,0,1,0.4465,2,10.52,1
0.2308,13,3,582,36,4157.83,5,0,1,0.7012,1,16.94,1
0.4,5,2,150,46,2570.9,3,0,1,0.2834,0,9.31,0
0.4286,7,3,526,40,1756.43,4,1,2,0.1929,1,11.43,0
0.8421,19,16,597,27,1973.42,1,0,1,0.3329,3,14.81,1
0.3125,16,5,591,15,2435.48,2,0,1,0.1555,1,24.37,0
0.5455,11,6,439,12,1126.37,1,0,1,0.3675,2,6.95,1
0.3529,17,6,422,14,1583.17,2,0,1,0.3099,1,20.98,0
0.4,10,4,193,13,1995.09,2,0,1,0.0755,0,18.82,0
0.3333,6,2,155,31,2497.64,3,0,1,0.2465,0,9.26,0
0.4375,16,7,250,21,1818.37,1,0,1,0.6148,4,6.61,1
0.2632,19,5,255,19,1599.96,1,0,1,0.1966,1,5.88,1
0.375,8,3,448,38,914.0,2,0,1,0.3491,2,19.35,0
0.5714,7,4,510,16,3071.88,3,0,1,0.4278,2,13.78,0
0.5333,15,8,398,14,2923.21,4,1,3,0.3463,4,22.4,0
0.2632,19,5,395,9,4122.21,3,0,1,0.1679,3,24.02,0
0.0667,15,1,111,17,2862.91,2,0,1,0.2008,0,20.64,0
0.3333,6,2,284,12,3774.66,4,0,1,0.5328,0,15.86,0
0.1667,6,1,133,10,3397.15,5,0,1,0.2274,1,15.57,0
0.2857,7,2,495,33,1310.73,1,0,1,0.4395,1,14.59,0
0.1875,16,3,93,24,1276.63,2,0,1,0.4587,1,17.64,0
0.0,5,0,125,46,1324.88,1,0,1,0.3306,0,0.0,0
0.0,13,0,165,16,2804.01,1,0,1,0.0861,0,0.0,1
0.1818,11,2,259,16,1407.46,2,1,2,0.179,1,6.86,1
0.25,12,3,597,13,2867.9,2,1,2,0.1019,2,9.57,0
0.7,10,7,405,12,6536.93,2,0,1,0.2975,3,22.55,0
0.4444,18,8,211,64,3750.52,2,1,2,0.36,0,8.77,1
0.6667,6,4,241,17,1529.05,1,0,1,0.3724,2,19.19,0
0.9167,12,11,177,16,3881.21,5,0,1,0.2052,5,5.31,1
0.3158,19,6,380,9,3422.57,4,0,1,0.5842,2,16.82,0
0.6,20,12,528,80,1994.86,2,0,1,0.2584,7,11.02,0
0.2222,9,2,282,31,2612.43,5,0,1,0.3658,0,12.82,0
0.5455,11,6,381,24,1559.69,3,1,2,0.6077,3,22.05,1
0.8,10,8,118,26,736.92,1,0,1,0.2797,5,5.85,0
0.4,5,2,597,18,4041.3,4,0,1,0.1126,0,10.4,0
0.875,8,7,376,10,1938.69,3,0,1,0.4951,4,20.64,1
0.6111,18,11,197,11,2316.16,2,1,2,0.2102,1,14.06,1
0.3571,14,5,548,9,1669.26,2,0,1,0.515,2,8.82,1
0.25,16,4,293,17,1576.69,1,0,1,0.256,2,19.71,0
0.7059,17,12,476,26,1923.95,4,0,1,0.4632,3,17.38,0
0.3,20,6,284,66,2741.63,1,0,1,0.2836,1,20.37,0
0.0,8,0,415,9,1239.28,2,1,2,0.1937,0,0.0,0
0.1111,9,1,469,30,1653.77,2,1,2,0.0365,1,8.1,0
0.2857,7,2,353,20,3826.81,4,0,1,0.1408,0,13.56,0
0.15,20,3,136,11,2626.14,2,0,1,0.5612,0,17.98,1
0.0909,11,1,228,7,1538.22,2,0,1,0.3096,0,14.95,1
0.6,5,3,164,16,3307.12,5,0,1,0.2301,0,19.54,0
0.4,5,2,370,20,1687.82,2,0,1,0.2985,1,14.98,0
0.0,6,0,465,15,1210.96,2,0,1,0.3115,0,0.0,0
0.4737,19,9,404,12,3199.03,5,0,1,0.3303,5,10.47,0
0.25,12,3,295,27,3085.52,3,1,3,0.1431,1,17.91,0
0.0,14,0,420,8,2190.66,2,0,1,0.3558,0,0.0,0
0.1429,7,1,402,33,2754.9,2,0,1,0.1186,1,5.96,0
0.5556,9,5,317,12,1714.45,2,0,1,0.2094,2,20.39,0
0.2941,17,5,493,10,2087.05,3,0,1,0.3973,2,8.03,0
0.1667,6,1,426,28,1778.82,3,1,3,0.4494,1,11.68,1
0.4167,12,5,371,22,3025.1,2,0,1,0.2826,1,13.53,1
0.6667,6,4,219,10,1507.49,4,0,1,0.5837,2,12.52,0
0.2308,13,3,305,29,2598.79,3,0,1,0.2975,1,20.85,0
0.6667,9,6,182,8,3113.62,2,1,2,0.5629,2,20.66,0
0.0667,15,1,225,8,2255.64,2,0,1,0.3176,0,5.08,0
0.75,8,6,90,20,1625.68,1,0,1,0.3094,1,9.25,0
0.4545,11,5,322,22,4144.39,4,0,1,0.5154,1,21.35,0
0.4167,12,5,528,11,2693.95,3,1,3,0.2677,0,23.74,0
0.4118,17,7,211,10,2685.4,3,0,1,0.5756,3,18.97,0
0.4,20,8,344,11,3572.42,3,0,1,0.2996,5,16.54,0
0.6364,11,7,215,11,2838.36,5,0,1,0.37,2,9.49,0
0.0588,17,1,299,27,1818.62,2,0,1,0.6615,1,19.75,0
0.4545,11,5,290,11,7153.69,5,0,1,0.1619,2,5.92,0
0.7059,17,12,241,13,1746.39,1,0,1,0.1536,5,23.25,0
0.5,12,6,207,6,2973.53,3,0,1,0.2056,4,13.18,0
0.6316,19,12,176,19,2766.09,2,0,1,0.2222,3,8.02,1
0.2353,17,4,578,10,2807.41,3,1,2,0.4019,2,9.53,1
0.3333,3,1,34,16,1003.87,1,0,1,0.2044,0,9.54,0
0.0,1,0,12,12,1500.47,1,0,1,0.242,0,0.0,0
1.0,1,1,41,8,1212.29,2,0,1,0.5814,1,12.48,1
0.5,2,1,2,2,1210.53,3,0,1,0.2158,1,22.76,0
0.0,1,0,19,17,3945.12,3,0,1,0.2271,0,0.0,0
0.0,0,0,4,4,2092.15,4,0,1,0.6458,0,0.0,0
0.0,3,0,58,12,1745.26,1,0,1,0.4896,0,0.0,0
0.0,0,0,48,48,2391.3,3,1,2,0.1749,0,0.0,0
0.0,0,0,23,23,1694.81,2,0,1,0.3428,0,0.0,0
0.5,2,1,54,11,1318.92,1,0,1,0.5235,0,14.54,0
0.0,0,0,58,58,3882.97,4,1,3,0.2472,0,0.0,0
0.0,1,0,34,13,2946.99,5,1,2,0.3471,0,0.0,0
0.0,2,0,40,40,1776.87,1,0,1,0.2372,0,0.0,0
1.0,1,1,57,33,2045.66,1,0,1,0.1262,0,23.91,1
0.3333,3,1,45,31,1734.13,3,0,1,0.2836,1,14.77,0
0.6667,3,2,15,15,5657.63,3,0,1,0.1221,0,19.15,0
0.0,2,0,7,7,2276.6,3,1,3,0.6195,0,0.0,0
0.3333,3,1,47,11,2156.71,3,1,3,0.5086,0,10.03,1
0.0,1,0,41,15,2499.25,3,1,2,0.1878,0,0.0,1
0.0,3,0,52,19,3319.97,4,1,4,0.4651,0,0.0,1
1.0,1,1,48,11,2068.02,3,1,3,0.1494,0,10.37,1
0.5,2,1,5,5,2054.12,5,0,1,0.5977,1,11.8,0
0.0,2,0,54,32,993.02,1,0,1,0.1647,0,0.0,0
0.6667,3,2,50,18,3487.75,5,0,1,0.2039,0,10.77,0
0.0,2,0,51,38,1480.38,1,0,1,0.1958,0,0.0,0
0.0,0,0,15,15,1618.65,1,0,1,0.3901,0,0.0,0
0.0,1,0,9,9,2656.72,3,0,1,0.3941,0,0.0,1
0.0,0,0,31,31,2161.62,2,0,1,0.2632,0,0.0,0
0.0,1,0,15,13,1856.92,2,0,1,0.5536,0,0.0,0
0.3333,3,1,7,7,1388.63,3,0,1,0.406,1,9.89,0
0.5,2,1,1,1,1160.99,2,0,1,0.4483,0,17.54,0
0.0,1,0,24,21,3133.37,5,0,1,0.1911,0,0.0,0
1.0,1,1,36,19,4963.59,2,0,1,0.4427,0,5.88,0
0.0,1,0,22,14,3348.55,5,0,1,0.1031,0,0.0,1
1.0,1,1,36,28,3716.07,4,0,1,0.2275,1,22.11,0
0.5,2,1,56,16,2560.2,2,0,1,0.3132,1,7.95,0
0.0,0,0,14,14,2204.1,1,0,1,0.2199,0,0.0,0
0.5,2,1,47,26,7411.34,5,0,1,0.2494,1,12.83,0
1.0,1,1,28,19,1123.16,1,0,1,0.2479,1,16.98,0
0.3333,3,1,2,2,3013.57,3,0,1,0.1913,0,14.8,0
0.0,0,0,60,60,987.07,1,0,1,0.4392,0,0.0,0
0.0,3,0,6,6,1483.39,1,0,1,0.2019,0,0.0,1
1.0,3,3,56,19,3581.07,5,0,1,0.2787,1,11.49,1
0.0,0,0,60,60,1806.43,2,1,2,0.2222,0,0.0,0
0.0,2,0,19,16,1314.7,1,0,1,0.4255,0,0.0,0
0.0,0,0,17,17,1662.28,2,0,1,0.3473,0,0.0,0
0.0,1,0,43,11,2334.71,1,0,1,0.3615,0,0.0,0
0.0,2,0,44,25,1422.78,1,0,1,0.2795,0,0.0,0
0.0,1,0,38,25,1200.8,1,0,1,0.2025,0,0.0,0
1.0,1,1,12,12,2994.42,2,0,1,0.3621,1,14.94,0
0.0,3,0,26,7,3727.85,4,0,1,0.1593,0,0.0,0
0.0,2,0,8,8,1765.22,3,1,3,0.1722,0,0.0,1
0.0,0,0,33,33,1264.26,4,1,4,0.2131,0,0.0,0
0.0,0,0,33,33,1790.18,1,0,1,0.4923,0,0.0,0
0.0,0,0,1,1,3702.41,3,0,1,0.1502,0,0.0,0
0.0,0,0,45,45,3707.34,2,0,1,0.3019,0,0.0,0
0.0,2,0,60,15,1996.77,1,0,1,0.1973,0,0.0,1
0.3333,3,1,23,18,1614.86,1,0,1,0.1839,0,7.58,0
0.0,1,0,49,15,1656.43,5,0,1,0.2567,0,0.0,0
0.6667,3,2,39,16,1734.53,1,0,1,0.5193,2,10.35,1
0.0,0,0,30,30,1856.9,3,0,1,0.3251,0,0.0,1
0.0,0,0,30,30,1654.94,2,0,1,0.4393,0,0.0,0
0.0,1,0,24,15,3622.82,4,1,4,0.1005,0,0.0,0
0.0,0,0,24,24,1882.66,3,0,1,0.2397,0,0.0,0
0.0,0,0,50,50,1896.21,1,0,1,0.3135,0,0.0,0
0.0,0,0,18,18,2848.6,2,1,2,0.2007,0,0.0,0
0.0,3,0,22,22,5423.21,3,0,1,0.2976,0,0.0,0
0.3333,3,1,53,14,1347.45,1,0,1,0.6124,0,18.11,0
0.0,2,0,2,2,3752.5,5,0,1,0.0973,0,0.0,0
0.0,0,0,6,6,1843.95,3,0,1,0.4608,0,0.0,0
0.5,2,1,25,11,1005.45,1,0,1,0.2796,0,7.27,0
1.0,1,1,38,8,1419.16,3,1,3,0.4483,1,23.2,0
0.0,3,0,25,25,4827.12,5,0,1,0.6852,0,0.0,0
0.0,3,0,7,7,2887.09,3,1,3,0.1834,0,0.0,0
0.0,1,0,13,13,3067.84,4,1,4,0.2201,0,0.0,0
1.0,1,1,32,28,1306.02,3,0,1,0.3069,0,20.05,1
0.3333,3,1,51,34,1984.22,5,0,1,0.5932,0,8.74,0
1.0,2,2,22,18,1053.16,2,1,2,0.1989,0,20.18,1
0.0,2,0,41,40,3558.92,3,0,1,0.3733,0,0.0,0
0.0,3,0,36,18,3235.08,3,0,1,0.3768,0,0.0,0
0.0,1,0,41,20,1229.47,1,0,1,0.0446,0,0.0,0
0.0,3,0,39,39,2061.98,2,0,1,0.3452,0,0.0,0
0.0,1,0,13,13,662.05,1,0,1,0.2963,0,0.0,1
0.3333,3,1,4,4,2364.02,4,1,2,0.2782,0,12.87,1
1.0,1,1,43,8,2557.32,3,0,1,0.0652,0,17.84,1
1.0,2,2,34,29,2969.45,5,0,1,0.4074,0,20.37,1
0.0,0,0,24,24,2767.32,5,1,2,0.3281,0,0.0,1
0.6667,3,2,47,18,3473.18,2,0,1,0.5274,1,13.97,0
0.5,2,1,46,21,3829.13,5,0,1,0.447,0,24.6,0
0.0,1,0,15,15,2145.6,3,0,1,0.717,0,0.0,0
1.0,1,1,19,8,1115.2,3,1,3,0.3638,1,5.4,1
0.0,2,0,4,4,3494.74,5,0,1,0.4229,0,0.0,0
0.0,3,0,57,42,2710.64,3,1,3,0.3281,0,0.0,0
0.3333,3,1,47,19,1511.08,5,0,1,0.261,0,15.49,0
1.0,2,2,4,4,1363.67,2,0,1,0.1303,0,13.68,1
1.0,1,1,56,20,1038.73,1,0,1,0.2153,0,12.89,0
0.0,0,0,42,42,771.58,2,1,2,0.3693,0,0.0,0
0.0,2,0,2,2,2588.19,3,0,1,0.2987,0,0.0,1
0.0,1,0,28,10,1244.56,2,0,1,0.3365,0,0.0,0
1.0,3,3,25,5,2214.69,4,0,1,0.32,0,17.6,0
0.6667,3,2,20,20,4225.92,2,0,1,0.4731,1,24.12,0
0.0,0,0,9,9,2869.02,2,0,1,0.4899,0,0.0,0
0.0,1,0,45,43,1294.1,2,0,1,0.1587,0,0.0,0
0.0,2,0,54,14,2315.62,1,0,1,0.389,0,0.0,1
0.0,1,0,57,15,1425.42,3,0,1,0.5164,0,0.0,1
1.0,1,1,27,27,2536.31,3,0,1,0.4229,0,11.35,1
0.3333,3,1,32,12,1826.97,2,0,1,0.2566,0,16.58,1
0.0,0,0,2,2,3042.44,2,0,1,0.1686,0,0.0,1
0.0,0,0,5,5,4362.39,4,0,1,0.2271,0,0.0,0
0.0,0,0,15,15,2142.94,1,0,1,0.3287,0,0.0,1
0.0,0,0,23,23,1861.16,3,1,2,0.2338,0,0.0,0
1.0,2,2,6,6,3754.05,5,0,1,0.5162,0,19.94,1
0.0,2,0,12,10,855.67,1,0,1,0.0858,0,0.0,0
0.0,0,0,12,12,1803.7,5,0,1,0.2637,0,0.0,0
0.0,1,0,6,6,5274.98,2,0,1,0.4369,0,0.0,0
0.0,0,0,52,52,3077.92,4,1,4,0.3345,0,0.0,0
0.0,2,0,9,7,1514.43,1,0,1,0.121,0,0.0,1
0.0,1,0,25,25,4258.78,1,0,1,0.3691,0,0.0,0
1.0,1,1,6,6,2412.67,3,1,3,0.1197,1,7.52,1
0.0,0,0,53,53,1743.64,1,0,1,0.0929,0,0.0,0
1.0,3,3,55,32,3009.93,5,0,1,0.3366,2,14.17,1
0.0,0,0,51,51,2130.99,3,0,1,0.1073,0,0.0,0
0.0,0,0,56,56,1022.22,2,1,2,0.3385,0,0.0,0
0.3333,3,1,7,7,2353.63,3,1,2,0.3821,0,6.99,0
0.0,0,0,59,59,3967.02,4,0,1,0.3826,0,0.0,1
0.55,40,22,417,8,2106.5,4,1,4,0.2448,8,5.06,1
0.5385,13,7,200,7,3180.92,4,1,3,0.6034,3,3.05,1
0.3462,26,9,786,8,13774.5,5,1,2,0.7661,5,3.57,1
0.75,20,15,718,9,1722.03,5,0,1,0.4745,8,2.9,0
0.8182,33,27,435,9,3072.7,2,0,1,0.527,8,4.35,1
0.7,10,7,755,23,6193.02,4,1,2,0.5169,2,3.61,1
0.6471,17,11,756,8,2526.51,6,1,4,0.4878,4,2.87,1
0.8,40,32,598,19,9528.73,6,0,1,0.4985,8,4.76,1
0.8333,12,10,113,7,4245.93,6,1,2,0.6647,6,4.0,1
0.5789,19,11,429,13,5472.54,4,1,2,0.6262,8,3.14,1
0.9394,33,31,346,6,3516.7,6,1,2,0.5619,8,5.5,1
0.3846,39,15,738,6,4199.67,6,0,1,0.8603,5,4.5,1
0.5652,23,13,559,15,2945.14,4,0,1,0.4805,6,2.06,1
0.9,10,9,508,15,3739.11,5,1,3,0.5545,7,1.86,1
0.619,21,13,669,5,4661.33,3,0,1,0.4005,3,4.49,0
0.6842,38,26,102,17,1560.94,2,0,1,0.4634,8,6.09,0
0.7368,19,14,220,14,3633.78,2,0,1,0.4304,8,5.67,0
0.7143,21,15,470,9,4195.52,3,0,1,0.3121,8,6.74,1
0.5,30,15,352,6,4204.06,4,0,1,0.5723,5,3.0,0
0.3043,23,7,750,11,6572.93,5,0,1,0.2885,3,2.82,0
0.5455,11,6,492,9,9858.59,4,1,4,0.6674,4,6.31,1
0.7692,26,20,597,6,7354.02,6,1,3,0.6545,6,3.52,1
0.6154,26,16,196,19,1671.22,3,1,2,0.3781,6,2.52,0
0.8571,14,12,427,7,2917.01,3,1,2,0.4496,8,2.88,1
0.7333,15,11,672,7,5130.08,4,1,4,0.528,4,2.95,0
0.8,15,12,298,15,4885.72,3,1,3,0.8561,5,6.1,1
0.7105,38,27,740,9,3800.62,5,1,4,0.5667,8,3.53,1
0.7826,23,18,205,9,4505.44,4,1,3,0.6667,8,5.02,1
0.9091,11,10,266,9,2360.7,5,1,4,0.5015,5,6.46,1
0.9333,15,14,134,7,3141.86,4,1,2,0.7438,6,7.29,1
0.7,10,7,147,19,4334.77,5,0,1,0.4836,5,5.09,0
0.6875,16,11,581,7,4055.43,4,1,4,0.3355,5,6.31,1
0.8182,22,18,342,7,7334.86,5,1,3,0.8293,7,6.82,0
0.5909,22,13,771,10,2966.37,2,0,1,0.4547,8,4.68,1
0.75,28,21,629,8,2617.38,3,0,1,0.4919,8,2.62,0
0.1667,12,2,582,12,2353.35,2,1,2,0.6512,2,4.16,1
0.5789,38,22,773,8,2702.24,4,1,2,0.4745,8,5.47,1
0.5217,23,12,554,14,4555.83,4,1,2,0.5368,4,3.13,1
0.5882,34,20,784,15,7272.76,6,1,2,0.4451,8,2.67,1
0.75,28,21,442,9,1725.66,2,1,2,0.7048,8,1.92,1
0.825,40,33,742,6,5254.61,4,0,1,0.4407,8,4.92,1
0.5333,15,8,504,7,8073.97,5,1,3,0.5492,4,6.69,1
0.3,20,6,209,7,3505.79,4,0,1,0.4337,4,3.18,1
0.7273,11,8,191,15,5645.09,5,1,3,0.3768,6,3.33,1
0.48,25,12,600,15,3449.91,3,0,1,0.5152,7,4.49,0
0.8,25,20,639,10,6514.12,5,0,1,0.509,8,3.05,0
0.7143,35,25,494,9,3810.57,3,0,1,0.6547,8,3.83,1
0.7826,23,18,246,7,5020.76,6,0,1,0.7744,8,4.32,1
0.7143,35,25,332,22,5037.44,4,1,4,0.7311,8,3.18,1
0.6,15,9,578,8,4096.38,5,1,4,0.457,7,3.92,1
0.6667,30,20,388,6,3426.64,3,0,1,0.5686,8,4.48,1
0.5143,35,18,747,12,4577.65,4,1,2,0.3372,8,4.53,1
0.7895,19,15,130,25,2452.76,6,0,1,0.4041,8,3.64,0
0.3684,19,7,562,11,7968.46,4,0,1,0.6016,4,4.15,0
0.625,16,10,387,12,4202.74,4,0,1,0.5447,2,4.12,1
0.4706,17,8,610,5,6317.33,5,1,2,0.6082,5,2.15,1
0.5185,27,14,588,8,4942.55,4,0,1,0.3178,8,3.68,0
0.5263,19,10,762,7,4457.06,5,1,3,0.4231,6,2.2,1
0.6364,33,21,206,6,4525.15,5,1,3,0.5407,8,3.73,1
0.6154,13,8,677,9,3231.95,5,0,1,0.3293,5,3.73,1
0.7778,18,14,131,10,3603.21,4,0,1,0.6132,8,2.78,1
0.6452,31,20,168,15,4052.48,5,0,1,0.676,8,5.0,0
0.5926,27,16,161,25,4203.19,6,1,2,0.2463,8,4.37,1
0.6286,35,22,168,7,3022.38,4,0,1,0.4618,6,3.39,0
0.7838,37,29,261,9,1854.74,3,1,2,0.7584,8,4.07,1
0.6,15,9,758,4,2473.48,3,0,1,0.6585,5,4.59,1
0.8333,12,10,692,9,2410.77,5,0,1,0.5061,6,5.64,0
0.6667,12,8,179,15,2473.79,3,1,3,0.3648,5,2.28,1
0.75,32,24,344,20,4506.53,5,0,1,0.5678,8,3.54,0
0.7097,31,22,602,11,3033.36,4,0,1,0.5642,8,5.69,1
0.5,12,6,533,17,2952.02,3,1,2,0.6297,4,2.7,1
0.6316,19,12,246,12,2329.29,4,1,4,0.7154,5,4.2,1
0.7692,13,10,265,11,3863.16,4,0,1,0.2886,5,4.29,0
0.9444,18,17,287,12,2128.53,2,1,2,0.4813,7,2.79,1
0.9474,19,18,273,7,4084.25,4,0,1,0.7078,8,7.25,1
0.5455,33,18,250,4,9131.9,5,1,4,0.3743,8,1.86,1
0.6522,23,15,488,14,2623.48,3,0,1,0.542,8,3.29,1
0.3704,27,10,564,7,4108.74,5,1,3,0.7017,4,4.54,0
0.9091,11,10,400,24,3485.47,4,1,3,0.6163,5,4.79,1
0.3077,13,4,266,13,1858.06,2,0,1,0.3099,1,3.31,0
0.6176,34,21,230,16,5326.31,5,0,1,0.7471,8,3.51,0
0.6667,15,10,194,16,5834.12,5,0,1,0.6329,4,4.33,1
0.7407,27,20,506,11,2360.97,2,1,2,0.2672,8,4.73,1
0.72,25,18,764,7,4188.96,5,1,2,0.6021,5,4.14,1
0.2778,18,5,166,16,5658.75,5,0,1,0.4564,4,2.91,1
0.6667,12,8,787,7,4874.74,6,1,3,0.3968,3,2.34,1
0.6,10,6,318,14,7771.7,6,0,1,0.3219,1,4.39,0
0.6154,26,16,395,8,2482.75,5,0,1,0.3875,8,3.06,1
0.359,39,14,712,8,6353.59,5,0,1,0.5782,4,5.98,0
0.6176,34,21,230,25,2920.1,5,1,3,0.6409,4,3.16,1
0.7812,32,25,648,27,4749.06,5,0,1,0.409,8,2.84,0
0.6071,28,17,660,10,1915.07,2,0,1,0.73,7,3.64,1
0.9231,13,12,470,13,4252.3,4,1,4,0.418,8,5.42,1
0.3846,13,5,464,10,3607.86,3,1,2,0.3877,3,3.91,1
0.75,20,15,651,5,5454.0,6,1,2,0.5939,5,4.23,0
0.7949,39,31,638,13,3175.92,6,1,4,0.6427,8,2.22,1
0.6957,23,16,394,13,3736.03,3,0,1,0.5234,8,1.86,1
0.65,20,13,741,8,2490.04,2,0,1,0.5997,6,4.57,1
0.8261,23,19,182,9,4722.48,3,1,3,0.5292,4,2.36,1
0.7273,22,16,701,32,4327.52,2,1,2,0.504,8,3.75,1
0.8,25,20,423,9,1795.93,2,1,2,0.345,8,3.27,1
0.5455,33,18,388,11,3110.96,2,1,2,0.3195,6,4.01,0
0.6857,35,24,706,12,1930.26,2,0,1,0.7376,8,3.47,1
0.44,25,11,231,10,6673.16,2,1,2,0.6358,6,2.54,1
0.7273,11,8,423,9,2680.77,3,0,1,0.5456,7,4.46,0
0.8333,18,15,771,10,3496.66,4,1,2,0.6507,8,4.39,1
0.6429,14,9,461,9,3284.34,5,1,4,0.5043,3,2.73,1
0.2903,31,9,168,6,1613.3,2,1,2,0.332,7,7.63,0
0.5714,14,8,692,8,4600.48,6,0,1,0.2779,2,6.99,1
0.6471,17,11,125,6,3509.99,5,1,2,0.472,8,5.82,1
0.7647,17,13,470,6,1953.05,5,0,1,0.6446,8,6.88,1
0.5652,23,13,729,4,2494.61,4,0,1,0.2908,8,5.97,1
0.9583,24,23,277,8,13759.7,6,1,2,0.2807,8,2.98,1
0.6538,26,17,502,8,2380.29,3,1,2,0.6046,5,7.29,1
1.0,31,31,144,9,3685.25,2,0,1,0.4445,8,2.68,0
0.7941,34,27,590,9,5690.74,4,0,1,0.5373,8,4.02,1
0.5385,13,7,468,7,3028.07,4,1,4,0.5242,6,4.97,1
0.7714,35,27,303,9,4576.16,2,1,2,0.4417,8,4.26,1
0.6,25,15,631,12,4604.58,3,1,3,0.4384,5,4.62,0
0.625,24,15,787,9,3320.25,4,0,1,0.5856,6,6.5,0
0.6296,27,17,181,21,3461.52,5,0,1,0.2347,8,4.53,0
0.7333,30,22,451,5,3694.52,3,1,3,0.5467,7,4.1,1
0.7692,39,30,454,7,4494.96,3,1,2,0.5493,8,3.15,1
0.6667,21,14,192,10,5545.13,5,0,1,0.559,7,2.05,1
0.7297,37,27,695,11,2119.25,2,1,2,0.7593,8,3.64,1
0.6,15,9,776,12,2726.23,6,1,3,0.4852,2,5.86,1
0.7333,15,11,295,9,3801.51,6,0,1,0.2723,6,5.59,1
1.0,10,10,325,13,5631.08,4,1,2,0.5832,7,1.59,1
1.0,10,10,651,4,3114.46,4,1,4,0.4701,5,3.17,1
0.7647,34,26,275,11,7756.06,5,0,1,0.7264,8,3.48,1
0.7931,29,23,377,7,3773.49,6,0,1,0.4635,8,3.29,1
0.8235,17,14,646,4,7873.29,6,1,3,0.6612,6,6.74,1
0.3871,31,12,245,9,2350.53,4,1,2,0.5854,5,3.55,1
0.5909,22,13,352,11,7525.19,6,1,4,0.2255,7,4.84,0
0.8333,18,15,628,12,5653.14,5,1,4,0.5379,7,6.88,1
0.3929,28,11,192,12,2906.61,3,0,1,0.632,5,2.54,0
0.5641,39,22,758,9,3414.11,2,0,1,0.309,8,4.74,1
0.5938,32,19,170,18,3038.1,4,0,1,0.0918,8,3.26,0
0.875,16,14,192,6,3653.23,5,0,1,0.6723,5,2.88,1
0.7297,37,27,756,6,3697.37,4,1,4,0.5442,8,3.72,1
0.25,12,3,551,18,2226.72,3,0,1,0.2205,3,4.93,0
0.6216,37,23,104,18,6130.06,5,1,3,0.7551,8,3.62,1
0.7188,32,23,373,14,4656.09,2,0,1,0.5641,8,4.53,0
0.6786,28,19,628,9,3257.02,6,1,2,0.6946,8,4.58,1
0.8571,14,12,319,8,3039.1,2,1,2,0.4524,8,3.62,1
0.875,32,28,644,12,5759.41,5,1,3,0.7443,7,1.94,1
0.3125,16,5,202,29,5794.62,5,1,2,0.4407,4,5.45,0
0.6667,39,26,775,14,4890.04,5,1,2,0.4969,8,2.18,0
0.5946,37,22,599,6,3082.99,4,0,1,0.2247,8,2.96,1
0.75,12,9,203,9,1657.61,4,1,4,0.5377,3,4.6,1
0.6,20,12,291,5,4043.94,4,1,3,0.8162,6,5.75,1
0.75,20,15,488,8,12000.19,6,0,1,0.6508,5,2.65,1
0.5,12,6,656,11,4565.41,5,1,2,0.2109,2,7.37,1
0.3333,12,4,547,4,5190.44,6,1,3,0.3798,2,3.24,1
0.8158,38,31,602,15,5935.14,6,0,1,0.7304,8,3.35,1
0.8235,34,28,653,10,3263.51,6,1,2,0.7201,8,2.77,1
0.5,32,16,374,9,4168.16,5,0,1,0.6057,7,3.85,1
0.5385,39,21,525,12,1956.36,2,0,1,0.2794,8,2.54,1
0.6111,36,22,754,20,6109.18,4,1,4,0.6156,8,5.01,1
0.6944,36,25,729,10,4878.58,6,1,2,0.2465,6,3.4,1
0.5,36,18,794,7,5213.86,3,0,1,0.84,8,4.39,0
0.3704,27,10,551,13,3668.46,4,1,2,0.1237,5,5.55,1
0.5,28,14,511,10,4069.73,6,0,1,0.6761,8,3.11,0
0.8,25,20,100,10,6435.59,4,0,1,0.6253,8,3.11,1
0.5517,29,16,364,5,9130.73,6,1,2,0.3481,7,2.58,1
0.8947,19,17,445,8,3175.25,5,0,1,0.3234,8,3.57,0
0.7647,34,26,471,15,5408.77,6,0,1,0.4476,8,2.93,0
0.5,22,11,240,12,4378.17,6,1,3,0.5436,3,3.9,0
0.6923,13,9,500,10,2183.65,2,1,2,0.6488,7,5.46,1
0.6957,23,16,696,6,3812.55,6,1,3,0.5261,8,2.22,1
0.5714,14,8,200,6,8891.81,4,1,3,0.4203,5,5.35,1
0.8276,29,24,642,4,7408.86,4,0,1,0.4284,8,2.84,1
0.7949,39,31,512,15,5736.85,4,0,1,0.4602,8,5.58,1
0.45,20,9,722,11,6725.91,6,0,1,0.3182,3,3.24,1
0.6923,13,9,169,9,2928.56,6,1,2,0.6476,6,2.3,1
0.4643,28,13,269,21,4111.98,4,0,1,0.5348,8,5.21,1
0.48,25,12,531,18,3895.35,3,1,2,0.2529,6,6.35,1
0.5862,29,17,187,10,3854.9,4,1,2,0.4277,8,3.51,1
0.8182,22,18,612,16,5706.4,6,1,3,0.5182,8,1.61,1
0.8333,30,25,207,9,3988.45,3,0,1,0.2968,8,3.31,0
0.2778,18,5,152,8,6349.13,6,0,1,0.7645,2,3.03,0
0.4571,35,16,214,7,3834.0,3,0,1,0.5843,8,4.08,0
0.8214,28,23,205,13,3027.38,6,0,1,0.6554,8,1.66,0
0.8182,11,9,394,11,2956.34,4,1,2,0.3708,5,2.75,1
0.6296,27,17,325,16,9047.0,5,0,1,0.2798,8,3.54,0
0.55,20,11,535,18,6375.27,3,1,3,0.8025,5,2.89,1
0.3333,12,4,372,11,3223.13,6,0,1,0.5637,4,2.56,0
0.3571,14,5,702,14,4610.66,6,1,4,0.7497,3,3.24,0
0.8571,35,30,738,12,3010.74,4,1,2,0.4578,8,3.26,1
0.5789,19,11,660,27,5256.81,4,1,3,0.8487,1,4.89,1
0.7059,17,12,195,13,6831.89,6,0,1,0.4746,5,2.02,1
0.7576,33,25,276,12,4389.63,3,0,1,0.4315,8,4.54,0
0.7273,11,8,419,8,3531.54,2,1,2,0.5858,7,7.73,1
0.1667,18,3,461,10,2888.67,5,0,1,0.8873,3,3.07,1
0.6053,38,23,523,11,2809.22,4,0,1,0.6627,8,2.4,1
0.0,12,0,272,18,3947.76,4,0,1,0.5127,0,0.0,0
0.5455,11,6,563,11,3064.64,3,0,1,0.2577,4,3.02,0
0.9062,32,29,756,9,3513.53,2,0,1,0.3602,8,3.54,1
0.619,21,13,408,12,4700.93,4,0,1,0.2761,5,5.62,1
0.6316,19,12,310,9,2657.61,2,0,1,0.2585,5,2.46,0
0.4595,37,17,145,7,6252.96,3,1,2,0.5269,8,2.95,1
0.5833,36,21,518,5,2981.8,3,1,2,0.2669,8,4.07,0
0.6923,39,27,472,6,2632.23,4,0,1,0.3074,8,2.94,1
0.7727,22,17,570,8,3871.15,4,1,3,0.6043,8,5.59,1
0.3529,17,6,667,6,2514.68,4,1,3,0.45,2,2.75,1
0.5333,15,8,512,7,3723.6,2,1,2,0.314,6,2.5,0
0.7,30,21,689,13,2721.8,2,0,1,0.5807,8,3.72,1
0.8,40,32,669,5,2228.79,2,1,2,0.6466,8,4.55,1
0.6364,11,7,213,4,5364.18,5,1,2,0.6153,3,3.63,0
0.2,10,2,759,5,3332.53,5,0,1,0.3144,2,4.96,0
0.6053,38,23,252,7,4353.09,6,1,2,0.5496,8,2.57,1
0.32,25,8,559,4,3496.97,2,0,1,0.2921,1,4.98,0
0.8378,37,31,373,17,1707.29,4,0,1,0.5759,8,4.76,1
0.575,40,23,668,18,2611.44,2,1,2,0.4905,6,4.77,1
0.85,20,17,655,9,4875.48,6,1,2,0.4438,5,2.62,0
0.75,20,15,542,9,5498.56,6,0,1,0.4128,5,4.46,0
0.9,20,18,325,11,7048.62,5,1,4,0.5309,8,3.8,1
0.9,20,18,512,10,2390.59,3,1,3,0.4908,8,4.86,1
0.931,29,27,531,10,2726.35,4,0,1,0.5117,8,3.09,1
0.8889,18,16,555,5,4434.83,4,0,1,0.8226,7,3.46,0
0.2857,14,4,532,12,2029.47,2,0,1,0.3507,2,3.01,0
0.8148,27,22,248,6,4550.63,4,1,2,0.3112,8,2.81,1
0.8621,29,25,727,10,4878.23,5,0,1,0.7282,8,3.39,1
0.3421,38,13,254,10,2425.51,4,1,2,0.6416,7,2.86,1
0.9032,31,28,101,14,2817.07,4,0,1,0.4272,8,2.93,1
0.9524,21,20,346,16,5546.23,5,1,2,0.5427,7,5.53,1
0.9333,30,28,721,23,2540.37,3,1,3,0.3239,8,2.66,1
0.4667,15,7,169,9,3317.61,4,0,1,0.3994,3,2.02,1
0.5,16,8,517,10,11409.06,4,1,4,0.4605,3,8.13,1
0.7647,17,13,201,7,6052.48,6,0,1,0.4834,6,6.44,1
0.7097,31,22,431,7,7454.31,4,1,3,0.2955,8,6.65,0
0.7241,29,21,797,9,3554.08,4,0,1,0.5753,8,3.66,0
0.9091,22,20,216,4,3578.25,4,1,2,0.6224,8,4.4,1
0.5278,36,19,741,7,6576.91,6,1,2,0.6574,4,5.23,1
0.9143,35,32,182,9,9125.06,5,0,1,0.3814,8,2.35,0
0.8,20,16,692,9,4247.75,6,1,2,0.3192,8,2.6,0
0.7297,37,27,188,9,6296.86,3,0,1,0.2129,6,4.73,0
0.625,40,25,281,8,4841.07,6,1,2,0.3896,8,4.13,1
1.0,16,16,784,24,4591.78,6,1,3,0.2976,8,7.1,1
0.6389,36,23,381,10,3301.19,6,1,3,0.6007,8,2.54,1
0.5294,17,9,315,6,4138.31,2,0,1,0.3997,4,4.85,1
0.7333,15,11,195,25,2694.58,6,0,1,0.83,5,3.35,1
0.7931,29,23,442,8,5090.96,4,0,1,0.652,8,3.69,0
0.8333,18,15,398,9,3109.59,5,0,1,0.4699,8,2.87,0
0.7419,31,23,516,8,3800.9,2,1,2,0.6007,8,3.92,1
0.8919,37,33,630,9,7046.74,5,1,2,0.7499,8,5.01,1
0.8,35,28,403,8,3651.02,4,1,3,0.2056,8,7.57,1
0.5,20,10,640,16,2899.6,3,0,1,0.2497,5,2.83,1
0.575,40,23,557,9,4222.5,4,1,2,0.3663,6,3.34,0
0.8421,38,32,542,12,5430.1,6,0,1,0.5618,8,3.92,1
0.7059,34,24,465,7,2863.71,2,0,1,0.3101,5,2.42,0
0.6364,11,7,588,13,3971.19,5,0,1,0.7164,5,4.11,1
0.5,12,6,421,9,8367.13,6,1,2,0.2436,3,4.15,0
0.75,40,30,776,15,10024.09,6,1,2,0.3509,8,5.01,0
0.8125,32,26,468,7,6330.21,4,1,2,0.5584,8,3.35,1
0.5652,23,13,395,11,5442.12,4,0,1,0.3341,6,3.41,0
0.6216,37,23,122,11,4605.33,5,0,1,0.4872,7,4.41,1
0.6452,31,20,756,9,6310.46,3,0,1,0.5335,8,3.7,1
0.6944,36,25,648,9,2709.33,5,1,2,0.3919,8,2.67,1
0.44,25,11,304,12,2895.87,4,1,3,0.4662,6,5.56,1
0.9722,36,35,723,6,2995.08,5,1,2,0.369,8,3.14,1
0.7,10,7,231,17,6102.62,6,1,2,0.3385,3,4.51,1
0.7333,30,22,572,12,7824.48,5,1,2,0.3847,8,2.52,1
0.7692,26,20,493,12,5679.84,3,1,2,0.755,8,3.34,1
0.6154,13,8,682,5,4920.15,4,0,1,0.3396,5,2.91,0
0.6061,33,20,422,10,2299.94,3,0,1,0.5152,8,1.72,0
0.56,25,14,445,12,6164.62,4,1,4,0.2994,8,6.0,1
0.6471,34,22,711,14,2239.09,3,0,1,0.4791,8,2.41,0
0.5405,37,20,443,5,2109.36,4,1,3,0.5565,8,2.58,1
0.8,25,20,573,11,5411.98,3,1,3,0.3568,8,4.4,1
0.8,10,8,629,14,5313.64,6,1,2,0.5056,5,7.59,1
0.7857,14,11,180,5,3922.96,4,0,1,0.4098,8,3.2,1
0.6,25,15,416,12,8538.54,4,1,2,0.4668,3,2.53,0
0.8,10,8,201,15,3018.05,5,0,1,0.1514,3,3.64,1
0.6667,33,22,163,10,1490.57,4,1,2,0.6472,8,3.9,1
0.7429,35,26,302,25,4438.6,4,1,4,0.4432,8,4.39,1
0.0909,22,2,471,11,3232.34,5,1,4,0.7147,1,4.75,1
0.9714,35,34,277,8,3461.02,4,0,1,0.3261,8,2.59,0
0.8261,23,19,205,10,5294.87,6,1,2,0.4751,7,3.17,1
0.8846,26,23,401,9,3146.97,3,1,3,0.6666,8,2.47,1
0.8636,22,19,477,10,3397.9,2,1,2,0.7843,8,4.89,1
0.2903,31,9,338,35,5298.34,4,1,4,0.4893,5,4.86,0
0.871,31,27,517,7,4835.98,6,1,2,0.3623,6,3.32,1
0.7407,27,20,107,22,2207.73,4,1,3,0.4309,8,3.25,1
0.6,10,6,360,12,2732.47,4,0,1,0.5314,5,3.94,0
0.8571,14,12,505,7,2214.04,4,0,1,0.6794,6,5.81,1
0.7,10,7,613,12,3974.08,4,0,1,0.4798,5,3.33,0
0.1842,38,7,576,14,7200.89,5,1,2,0.2315,2,6.17,1
0.6154,13,8,190,20,7541.23,5,1,2,0.8198,5,3.74,1
0.4375,16,7,108,8,2810.5,3,1,2,0.5622,4,6.1,0
0.7568,37,28,619,8,3378.99,6,1,2,0.4527,8,2.26,1
0.8,10,8,712,4,3899.9,4,0,1,0.542,1,3.04,0
0.8214,28,23,671,4,6571.65,4,1,4,0.2712,8,1.96,1
0.8421,19,16,516,12,2425.85,2,0,1,0.7836,8,2.68,1
0.6667,18,12,112,8,8461.98,2,1,2,0.5493,6,3.19,1
0.7931,29,23,630,8,9365.86,6,0,1,0.6139,7,4.22,1
0.9615,26,25,729,7,3676.46,3,0,1,0.3404,8,3.28,1
0.5,10,5,214,15,6208.36,4,1,3,0.4773,1,2.2,1
0.625,16,10,670,5,4622.32,6,1,3,0.4641,5,4.05,1
0.8333,12,10,360,11,7439.0,3,1,2,0.7191,4,5.02,1
0.0,7,0,696,17,2024.58,2,0,1,0.1842,0,0.0,0
0.0769,13,1,185,30,1557.37,1,0,1,0.2622,0,29.08,0
0.0,11,0,547,14,2041.0,1,0,1,0.0985,0,0.0,0
0.2308,13,3,685,9,1120.98,1,0,1,0.1787,0,17.94,1
0.0,18,0,920,24,1167.78,2,0,1,0.3248,0,0.0,0
0.0667,15,1,939,28,1362.8,1,0,1,0.3312,0,12.85,0
0.0625,16,1,659,13,1448.99,1,0,1,0.1856,0,27.23,0
0.0,8,0,767,26,2110.88,2,0,1,0.1568,0,0.0,0
0.2188,32,7,983,32,3882.93,1,0,1,0.1535,1,13.77,0
0.1,10,1,358,10,3214.94,2,1,2,0.0294,0,15.33,0
0.0357,28,1,606,18,2120.06,1,0,1,0.1217,0,7.78,0
0.0,10,0,491,31,1740.8,1,0,1,0.1774,0,0.0,0
0.2059,34,7,212,41,1579.67,1,0,1,0.1844,0,10.19,0
0.1852,27,5,375,17,1309.11,1,0,1,0.1754,2,13.22,1
0.2188,32,7,464,29,2205.96,1,0,1,0.1866,0,16.59,0
0.1,10,1,749,41,3209.97,2,0,1,0.1783,0,10.29,0
0.0,8,0,612,16,1441.39,1,0,1,0.0818,0,0.0,0
0.5,6,3,560,7,4796.73,2,0,1,0.1299,1,9.18,0
0.3846,13,5,279,26,1050.22,1,0,1,0.1171,3,10.52,0
0.15,20,3,989,20,1653.45,1,0,1,0.0849,1,24.55,0
0.3333,9,3,279,20,1713.26,2,0,1,0.1751,0,6.18,0
0.3333,12,4,378,23,1266.31,1,0,1,0.0982,0,20.52,0
0.3333,12,4,967,14,1364.27,1,0,1,0.1955,1,18.31,0
0.0909,11,1,705,17,1498.8,2,1,2,0.2477,1,22.69,0
0.125,8,1,822,15,1030.88,1,0,1,0.2302,0,8.45,1
0.3462,26,9,186,24,3846.94,3,0,1,0.2282,3,20.87,0
0.0,12,0,960,24,2480.62,2,1,2,0.1854,0,0.0,0
0.25,8,2,953,30,1833.46,1,0,1,0.1899,0,17.84,0
0.0714,14,1,739,32,1399.48,2,1,2,0.1296,0,20.32,0
0.25,28,7,363,14,2347.13,1,0,1,0.2236,1,13.99,0
0.0588,17,1,337,21,3452.58,3,1,3,0.2167,0,21.02,1
0.1176,17,2,768,23,1192.34,2,1,2,0.1114,0,24.46,0
0.1538,13,2,426,13,831.21,1,0,1,0.2149,0,21.58,0
0.6,5,3,314,27,1005.28,1,0,1,0.2124,2,17.57,0
0.2857,7,2,614,10,1687.87,1,0,1,0.2554,0,33.64,0
0.0455,22,1,664,9,1971.21,2,0,1,0.039,0,20.07,1
0.0,25,0,585,15,3008.28,2,0,1,0.1901,0,0.0,0
0.0,17,0,356,13,1224.07,1,0,1,0.257,0,0.0,0
0.0167,60,1,696,22,904.42,1,0,1,0.1316,0,13.04,0
0.0,21,0,553,29,936.13,1,0,1,0.1956,0,0.0,0
0.2,10,2,656,24,3272.02,2,0,1,0.1051,0,19.25,0
0.0,4,0,654,25,1743.22,1,0,1,0.0442,0,0.0,0
0.1176,17,2,596,14,3138.05,3,0,1,0.2419,0,16.81,0
0.1176,17,2,828,19,2560.16,2,0,1,0.1096,0,36.06,0
0.1429,7,1,946,15,1356.0,1,0,1,0.156,1,25.03,0
0.125,8,1,860,25,838.35,1,0,1,0.191,0,30.39,0
0.2222,9,2,970,50,1961.15,1,0,1,0.3522,0,49.1,0
0.2222,9,2,340,19,1735.54,2,0,1,0.1438,0,18.08,0
0.0909,11,1,976,41,1920.0,2,0,1,0.2228,1,28.68,0
0.2,5,1,822,56,929.03,1,0,1,0.0738,0,25.96,0
0.125,24,3,902,12,1462.59,1,0,1,0.1505,1,16.93,0
0.4,30,12,620,19,1274.71,1,0,1,0.2452,1,19.78,0
0.0,5,0,214,17,1254.87,2,1,2,0.1627,0,0.0,1
0.1667,12,2,730,24,2119.42,1,0,1,0.1872,0,30.22,0
0.2143,28,6,979,17,1945.13,1,0,1,0.0814,0,16.33,0
0.2667,15,4,941,25,2181.62,2,0,1,0.1929,1,14.34,0
0.5,14,7,616,33,987.98,1,0,1,0.0966,2,16.41,0
0.4762,21,10,984,44,1706.09,3,0,1,0.081,1,30.06,0
0.1429,7,1,349,14,2535.27,1,0,1,0.1813,0,19.19,0
0.0,24,0,183,13,2323.54,2,0,1,0.5468,0,0.0,0
0.037,27,1,488,15,1749.95,3,0,1,0.3573,0,9.63,0
0.0,11,0,503,30,1754.71,1,0,1,0.2648,0,0.0,0
0.0,17,0,647,19,1937.27,1,0,1,0.0473,0,0.0,0
0.25,16,4,774,19,1313.75,2,1,2,0.0955,1,37.96,0
0.05,20,1,342,13,3447.91,2,0,1,0.2471,0,30.0,0
0.1,10,1,309,19,1095.34,2,0,1,0.3243,0,20.45,0
0.3333,3,1,458,33,2243.31,3,1,2,0.0323,0,18.83,0
0.2727,11,3,233,19,1478.31,1,0,1,0.0674,0,36.3,0
0.4231,26,11,821,18,1223.35,2,0,1,0.0342,2,22.2,0
0.5,10,5,744,23,1907.67,1,0,1,0.2685,1,24.29,1
0.0625,16,1,865,13,1664.51,1,0,1,0.0726,0,15.51,0
0.0,9,0,210,37,2279.71,1,0,1,0.3281,0,0.0,1
0.3333,9,3,320,20,2226.92,2,0,1,0.0321,0,18.14,0
0.1,10,1,268,33,1464.64,2,0,1,0.299,0,12.92,0
0.3333,6,2,199,26,1881.02,3,0,1,0.1033,0,11.86,0
0.0,9,0,639,12,2162.1,2,0,1,0.162,0,0.0,0
0.1429,7,1,976,15,2257.04,3,0,1,0.0165,0,18.72,1
0.3636,11,4,459,30,2416.45,2,0,1,0.3744,0,29.75,0
0.1,30,3,265,19,3177.78,3,0,1,0.2123,1,12.21,0
0.25,16,4,577,12,1727.59,1,0,1,0.1772,0,19.81,0
0.0741,27,2,782,11,1473.09,1,0,1,0.1866,1,7.72,0
0.2,5,1,768,20,2704.9,2,0,1,0.0681,0,24.76,0
0.0833,24,2,256,12,2337.07,2,1,2,0.2378,1,22.4,0
0.3548,31,11,429,12,1472.5,1,0,1,0.2607,2,25.51,0
0.0,11,0,829,39,1571.04,1,0,1,0.0295,0,0.0,0
0.05,20,1,838,43,710.65,1,0,1,0.0237,0,13.72,0
0.3333,9,3,1000,19,1968.0,2,0,1,0.0884,0,14.98,0
0.7143,14,10,307,19,1279.34,1,0,1,0.2654,3,37.72,0
0.0,15,0,531,32,3089.91,2,0,1,0.1338,0,0.0,0
0.2727,11,3,401,39,1924.6,2,1,2,0.1906,0,48.81,0
0.0,13,0,953,47,2233.92,2,0,1,0.2162,0,0.0,1
0.5,8,4,634,17,2717.15,3,1,3,0.0686,0,17.09,0
0.2609,23,6,439,17,1968.71,1,0,1,0.1306,2,19.05,0
0.1765,17,3,547,34,1590.55,1,0,1,0.1969,0,19.75,0
0.1111,9,1,539,19,1841.89,3,0,1,0.0796,0,52.52,0
0.2,5,1,568,14,1592.99,3,0,1,0.1156,1,22.41,0
0.0909,11,1,956,8,1863.63,1,0,1,0.0854,0,15.98,0
0.1111,9,1,672,23,2675.65,2,0,1,0.1464,1,41.9,0
0.0,8,0,369,27,1206.18,1,0,1,0.0635,0,0.0,0
0.0,8,0,308,17,1533.8,1,0,1,0.2707,0,0.0,0
0.125,8,1,705,26,1812.54,2,1,2,0.2108,0,14.65,0
0.1667,6,1,302,13,1132.15,1,0,1,0.107,0,16.34,0
0.3,10,3,663,41,2655.33,2,0,1,0.0415,0,11.58,0
0.1111,9,1,613,20,2102.84,1,0,1,0.1933,0,20.93,0
0.2286,35,8,201,25,2455.32,1,0,1,0.0817,0,22.96,0
0.125,8,1,678,27,1586.5,1,0,1,0.0369,0,10.78,0
0.0,10,0,895,18,2080.65,2,0,1,0.04,0,0.0,0
0.0,18,0,689,18,1402.95,1,0,1,0.4007,0,0.0,0
0.0833,12,1,489,30,2192.29,3,0,1,0.1726,0,14.54,0
0.0909,11,1,487,33,1595.8,2,1,2,0.0368,1,20.78,0
0.0,30,0,413,17,1416.02,1,0,1,0.2085,0,0.0,0
0.1176,17,2,649,16,1512.93,2,0,1,0.4099,0,21.92,0
0.1667,6,1,816,25,2735.76,2,1,2,0.3473,0,12.52,0
0.0,19,0,409,23,1170.79,1,0,1,0.2592,0,0.0,0
0.0526,19,1,915,21,2060.58,2,0,1,0.1423,0,30.38,0
0.0,8,0,840,23,1977.93,1,0,1,0.1383,0,0.0,0
0.0741,27,2,660,22,1050.9,1,0,1,0.1782,0,18.78,0
0.4545,44,20,486,34,2797.58,1,0,1,0.1699,3,19.57,0
0.1765,17,3,848,12,1294.08,1,0,1,0.2945,0,18.15,1
0.3,10,3,519,15,2160.44,3,0,1,0.1661,0,32.59,0
0.1818,11,2,847,25,1123.4,1,0,1,0.2315,0,19.23,0
0.0,12,0,588,12,1225.36,1,0,1,0.0762,0,0.0,0
0.0667,15,1,698,22,2942.32,2,0,1,0.1589,0,27.29,0
0.0556,18,1,779,30,1765.82,2,0,1,0.1374,0,22.31,0
0.0,4,0,660,54,1801.19,1,0,1,0.1326,0,0.0,0
0.1429,7,1,498,8,3024.22,2,0,1,0.2146,0,10.37,0
0.1429,7,1,902,25,2627.73,1,0,1,0.1298,0,16.29,0
0.0,18,0,610,18,2259.71,2,0,1,0.3476,0,0.0,0
0.0476,21,1,800,22,932.84,1,0,1,0.1163,0,17.09,0
0.0714,14,1,624,17,2559.13,1,0,1,0.1166,0,27.36,0
0.0,6,0,504,10,2049.56,3,0,1,0.1034,0,0.0,0
0.0,11,0,501,21,2640.93,2,0,1,0.2277,0,0.0,0
0.0,15,0,615,26,1609.05,1,0,1,0.0858,0,0.0,0
0.1667,12,2,978,34,3172.08,1,0,1,0.0891,0,13.59,0
0.0,11,0,999,18,1617.52,2,0,1,0.1912,0,0.0,0
0.1333,15,2,911,12,1193.84,1,0,1,0.108,1,14.67,0
0.3,10,3,350,18,1304.61,2,0,1,0.2107,0,29.69,0
0.4,20,8,996,22,1808.13,1,0,1,0.0208,0,23.64,0
0.2692,26,7,292,21,1892.73,3,1,3,0.1847,0,20.13,0
0.0,21,0,499,11,1892.01,3,0,1,0.2311,0,0.0,0
0.25,8,2,324,47,1960.81,2,0,1,0.169,0,16.6,0
0.0,6,0,579,30,1567.24,2,0,1,0.1938,0,0.0,0
0.3333,9,3,271,53,1535.8,1,0,1,0.3839,0,20.64,0
0.2857,21,6,895,14,1822.83,1,0,1,0.0166,1,15.41,0
0.1026,39,4,827,17,1857.41,2,0,1,0.1237,1,17.39,0
0.2857,7,2,543,22,1669.01,1,0,1,0.3098,0,17.56,0
0.1,10,1,844,19,1316.52,1,0,1,0.1562,0,14.58,0
0.0,7,0,937,43,1095.21,1,0,1,0.264,0,0.0,1
0.1667,6,1,491,13,1336.17,2,0,1,0.2369,0,15.13,0
0.125,24,3,474,19,2114.17,2,1,2,0.2435,0,26.91,0
0.0,9,0,625,24,1499.23,2,0,1,0.1275,0,0.0,1
0.0,6,0,513,15,1080.61,1,0,1,0.0479,0,0.0,0
0.2353,17,4,310,26,1967.26,1,0,1,0.1643,2,31.84,0
0.0,10,0,768,78,1740.04,1,0,1,0.042,0,0.0,0
0.2,15,3,402,19,1652.36,2,0,1,0.1762,1,21.31,0
0.3333,21,7,686,23,1944.47,1,0,1,0.0222,3,22.04,0
0.0,4,0,803,14,2409.0,3,0,1,0.1887,0,0.0,0
0.0909,11,1,754,12,1101.11,1,0,1,0.065,1,37.84,0
0.1667,12,2,790,69,1955.74,3,0,1,0.2964,0,18.71,0
0.0417,24,1,298,21,2330.54,2,0,1,0.1204,0,12.65,0
0.3333,12,4,933,33,2579.11,1,0,1,0.0999,0,21.42,0
0.6364,22,14,229,37,836.93,1,0,1,0.1886,0,19.06,0
0.1111,9,1,317,13,1139.53,1,0,1,0.3118,1,21.53,0
0.0909,11,1,485,19,1514.49,2,0,1,0.0666,0,17.81,0
0.0,8,0,209,15,1749.33,1,0,1,0.2008,0,0.0,1
0.2759,29,8,330,15,2823.85,2,0,1,0.3975,0,20.84,0
0.3333,18,6,715,7,1199.61,1,0,1,0.1502,0,19.82,0
0.0833,12,1,797,21,1312.62,1,0,1,0.2107,0,25.91,0
0.0,7,0,461,16,1282.45,1,0,1,0.1849,0,0.0,0
0.1538,13,2,592,19,1826.19,3,0,1,0.2829,0,28.18,0
0.0,17,0,582,23,1809.79,1,0,1,0.0485,0,0.0,0
0.2857,21,6,510,39,1590.97,1,0,1,0.1065,0,14.75,0
0.0385,26,1,682,26,1361.89,1,0,1,0.0384,0,8.47,0
0.0,19,0,766,18,1398.15,1,0,1,0.0505,0,0.0,0
0.0769,13,1,661,10,1376.06,1,0,1,0.0775,0,18.11,0
0.0526,19,1,684,29,3289.38,2,0,1,0.1147,0,16.45,0
0.1429,7,1,992,42,2915.89,2,1,2,0.1239,0,19.01,0
0.0,10,0,602,58,2111.64,2,0,1,0.2361,0,0.0,0
0.0,4,0,234,15,1364.26,1,0,1,0.3293,0,0.0,0
0.0714,14,1,509,10,1159.27,1,0,1,0.082,0,14.25,0
0.2,5,1,868,16,1650.82,2,1,2,0.1065,0,31.93,0
0.0,11,0,283,22,1414.61,1,0,1,0.0449,0,0.0,0
0.4286,7,3,913,9,1724.58,1,0,1,0.382,0,16.74,0
0.4667,15,7,386,12,1703.56,3,0,1,0.3011,0,18.14,0
0.5556,9,5,265,15,2370.65,2,0,1,0.3887,1,21.1,1
0.4286,28,12,297,33,1986.48,1,0,1,0.2784,1,20.82,0
0.0,5,0,456,34,2655.02,3,0,1,0.029,0,0.0,1
0.1818,11,2,890,21,3004.91,2,0,1,0.2429,0,24.79,0
0.0,16,0,783,43,1662.38,2,0,1,0.1108,0,0.0,0
0.1667,24,4,951,18,1211.82,1,0,1,0.1396,1,18.66,0
0.7273,11,8,408,14,1988.48,2,0,1,0.2119,1,19.12,1
0.0,12,0,346,17,1145.85,1,0,1,0.1838,0,0.0,0
0.0,12,0,659,18,2308.46,1,0,1,0.0974,0,0.0,0
0.2941,17,5,689,35,1008.92,1,0,1,0.1942,2,20.9,0
0.2105,19,4,290,12,1708.86,2,0,1,0.1018,0,17.1,0
0.0,8,0,448,15,1654.94,1,0,1,0.097,0,0.0,0
0.2222,9,2,912,10,3786.14,2,1,2,0.2216,0,17.56,0
0.2857,7,2,642,34,1825.5,1,0,1,0.3841,0,21.5,0
0.1,10,1,663,23,1086.02,1,0,1,0.0241,0,27.85,0
0.2222,9,2,411,20,1777.59,1,0,1,0.2616,0,21.31,0
0.1765,17,3,749,18,1885.33,2,0,1,0.0557,0,7.82,0
0.3125,16,5,807,19,3308.49,3,0,1,0.1973,1,32.21,0
0.1,10,1,593,28,2490.4,3,0,1,0.0936,1,36.04,0
0.3684,19,7,657,15,1617.99,1,0,1,0.0769,0,18.62,0
0.2222,9,2,527,15,1384.73,1,0,1,0.1394,0,13.06,0
0.25,12,3,505,15,1747.31,1,0,1,0.2131,0,8.47,0
0.0667,15,1,314,15,2075.59,1,0,1,0.1059,0,23.73,0
0.35,20,7,555,31,1412.17,1,0,1,0.1382,0,46.92,0
0.1364,22,3,596,20,1642.63,1,0,1,0.0624,0,21.05,0
0.0,17,0,271,14,3052.75,2,0,1,0.2676,0,0.0,0
0.1429,7,1,671,13,927.03,1,0,1,0.0455,0,20.48,0
0.1111,9,1,719,19,1237.13,1,0,1,0.1615,1,15.02,0
0.125,16,2,775,17,2648.28,1,0,1,0.3007,1,19.49,0
0.2857,7,2,952,19,1987.28,1,0,1,0.2077,1,15.65,0
0.0,19,0,827,10,2056.11,2,0,1,0.1349,0,0.0,0
0.0,14,0,366,52,903.62,1,0,1,0.1588,0,0.0,0
0.0,7,0,470,15,1323.51,1,0,1,0.184,0,0.0,0
0.5,6,3,891,12,2114.73,2,0,1,0.221,0,33.88,0
0.3158,19,6,278,18,1712.37,3,0,1,0.0702,0,10.63,0
0.0769,13,1,778,17,2367.12,1,0,1,0.1175,0,16.25,1
0.2143,28,6,472,15,1678.61,2,0,1,0.0652,1,25.31,0
0.1111,9,1,810,16,1936.73,3,1,2,0.3279,0,23.55,0
0.1667,6,1,823,64,3575.4,2,0,1,0.2361,0,24.08,0
0.0,5,0,954,22,1387.62,2,0,1,0.1032,0,0.0,0
0.1154,26,3,966,22,1274.62,2,0,1,0.2702,0,19.94,0
0.2308,13,3,983,20,2079.44,1,0,1,0.0518,0,13.61,0
0.15,20,3,580,17,1713.74,1,0,1,0.1554,0,15.68,0
0.0909,11,1,947,12,2347.1,2,0,1,0.0741,0,37.84,0
0.4,15,6,982,33,1817.74,2,1,2,0.1205,0,34.88,0
0.0,11,0,964,8,2388.08,2,0,1,0.054,0,0.0,0
0.25,16,4,880,20,1260.52,3,0,1,0.2258,1,9.33,0
0.0769,13,1,601,22,1512.91,1,0,1,0.1426,0,19.95,0
0.1818,11,2,628,12,1121.47,1,0,1,0.0485,2,24.77,0
0.25,4,1,419,10,644.22,1,0,1,0.1727,0,12.31,0
0.0,10,0,534,28,1803.17,1,0,1,0.1986,0,0.0,0
0.0,5,0,595,16,2408.33,2,0,1,0.1275,0,0.0,0
0.4444,9,4,809,14,1754.07,1,0,1,0.0724,0,13.76,0
0.0,8,0,678,14,748.82,1,0,1,0.1321,0,0.0,0
0.2188,32,7,920,15,4786.46,3,0,1,0.0089,0,22.99,0
0.0,7,0,600,8,1929.36,1,0,1,0.1621,0,0.0,0
0.3636,22,8,619,29,1205.19,1,0,1,0.2576,1,8.14,1
0.1429,7,1,829,24,2888.16,3,0,1,0.1691,0,7.89,0
0.1429,14,2,272,16,1688.26,1,0,1,0.1565,0,15.35,0
0.1429,35,5,653,11,5676.92,2,0,1,0.1937,1,20.24,0
0.1667,6,1,955,30,3508.2,1,0,1,0.2164,0,14.78,0
0.0,13,0,502,31,1436.0,1,0,1,0.1391,0,0.0,1
0.0,17,0,253,28,887.68,1,0,1,0.048,0,0.0,0
0.2941,17,5,499,28,2484.57,2,0,1,0.147,0,13.77,1
0.0769,13,1,337,27,3227.95,2,1,2,0.0645,0,13.28,0
0.2222,18,4,739,48,973.23,1,0,1,0.0496,0,28.71,0
0.0,18,0,367,44,1093.64,1,0,1,0.0671,0,0.0,0
0.2941,17,5,962,33,1154.67,1,0,1,0.309,0,17.68,0
0.1875,32,6,651,12,1406.19,1,0,1,0.1142,2,10.95,0
0.6087,23,14,666,22,2134.42,1,0,1,0.1134,2,14.27,0
0.5,8,4,917,17,1858.95,3,0,1,0.1028,0,22.38,0
0.2609,23,6,841,15,1390.94,2,0,1,0.1008,0,19.32,0
0.2778,18,5,208,14,2483.52,2,0,1,0.1944,0,41.92,0
0.0625,32,2,427,16,1401.58,1,0,1,0.2395,2,24.7,1
0.3846,13,5,695,35,1581.71,1,0,1,0.2075,0,29.05,0
0.05,20,1,919,20,2164.11,2,1,2,0.3596,0,21.66,1
0.0,11,0,749,30,1370.1,2,1,2,0.3186,0,0.0,0
0.2381,21,5,623,23,1535.64,1,0,1,0.5359,2,19.44,0
0.6364,11,7,607,22,1832.59,1,0,1,0.08,0,10.19,0
0.0455,22,1,695,23,1921.2,1,0,1,0.0787,0,14.82,0
0.1,20,2,975,17,1697.6,1,0,1,0.0211,0,14.1,0
0.1905,21,4,596,36,1433.13,2,0,1,0.0786,0,18.62,0
0.4762,21,10,458,17,1162.69,1,0,1,0.1558,3,21.75,0
0.15,20,3,668,21,1290.0,1,0,1,0.294,0,26.31,1
0.0,16,0,820,31,1279.63,1,0,1,0.4146,0,0.0,0
0.0,7,0,775,35,1291.45,1,0,1,0.1842,0,0.0,0
0.0714,56,4,365,21,1932.81,1,0,1,0.3421,3,35.52,0
0.125,16,2,425,19,3689.3,2,0,1,0.2323,2,16.57,0
0.0667,15,1,557,18,2097.95,2,1,2,0.2365,1,13.99,0
0.1,30,3,910,32,4637.51,3,0,1,0.1128,0,19.03,0
0.2333,30,7,951,19,1889.33,1,0,1,0.2263,0,16.39,0
0.0,18,0,828,19,1270.9,1,0,1,0.1642,0,0.0,0
0.25,12,3,260,8,1340.99,2,0,1,0.095,2,17.73,0
0.2174,23,5,485,22,752.53,1,0,1,0.125,0,6.57,1
0.3077,13,4,689,32,1711.91,1,0,1,0.2604,1,23.76,0
0.25,8,2,496,29,1526.33,1,0,1,0.5374,0,25.85,0
0.2,15,3,200,37,1343.71,1,0,1,0.1296,0,20.12,0
0.3,20,6,229,15,1789.67,3,0,1,0.3871,0,14.92,0
0.0588,34,2,605,21,1354.65,1,0,1,0.0964,0,10.0,0
0.5,18,9,307,35,1232.57,1,0,1,0.3348,2,9.79,0
0.0606,33,2,180,34,1240.33,1,0,1,0.1341,1,17.47,0
0.0,6,0,274,42,1080.3,1,0,1,0.0829,0,0.0,0
0.1538,13,2,542,22,2597.38,1,0,1,0.0707,2,43.94,0
0.0,21,0,256,38,2419.3,1,0,1,0.1886,0,0.0,0
0.0,10,0,375,52,1279.84,1,0,1,0.222,0,0.0,1
0.125,8,1,208,19,1507.39,1,0,1,0.0818,0,17.05,0
0.0,10,0,321,19,1946.5,1,0,1,0.0868,0,0.0,0
0.0,5,0,600,26,2028.06,2,0,1,0.1005,0,0.0,0
0.3333,12,4,528,26,2427.04,2,1,2,0.0302,2,15.15,0
0.1455,55,8,357,53,1621.76,1,0,1,0.0936,1,11.3,0
0.625,16,10,303,41,1533.13,1,0,1,0.304,1,11.76,0
0.0,6,0,335,26,2271.71,2,1,2,0.018,0,0.0,0
0.5,12,6,446,31,2536.56,1,0,1,0.1175,1,38.29,0
0.1875,16,3,983,36,957.08,1,0,1,0.123,0,19.11,0
0.0667,15,1,756,11,1047.7,1,0,1,0.2042,0,19.87,0
0.3333,9,3,415,16,1804.14,2,0,1,0.0799,1,15.86,0
0.2857,14,4,458,36,2287.58,1,0,1,0.1434,0,15.34,0
0.0,3,0,867,22,1200.67,1,0,1,0.3397,0,0.0,1
0.0769,13,1,844,16,3142.62,3,1,2,0.1188,0,14.92,0
0.5556,9,5,228,20,1688.25,1,0,1,0.2262,1,20.23,0
0.0435,23,1,931,11,1971.72,2,1,2,0.3182,0,11.18,0
0.0,11,0,543,28,1333.04,1,0,1,0.0709,0,0.0,0
0.1304,23,3,767,21,2389.15,3,0,1,0.3006,0,13.8,0
0.0909,11,1,640,14,1831.46,2,0,1,0.1805,0,19.53,0
0.0,26,0,561,22,1012.52,1,0,1,0.2304,0,0.0,1
0.0,6,0,731,21,1921.18,3,0,1,0.1732,0,0.0,0
0.0625,16,1,504,41,1382.79,1,0,1,0.4113,1,11.34,0
0.2,10,2,804,11,1418.09,1,0,1,0.1408,2,21.15,0
0.0,7,0,297,26,1534.72,1,0,1,0.0319,0,0.0,1
0.2857,14,4,462,18,2124.21,2,0,1,0.0457,1,22.9,1
0.75,12,9,315,21,2614.26,1,0,1,0.1495,0,10.84,1
0.2222,9,2,727,18,1170.29,1,0,1,0.1256,1,15.87,0
0.1,10,1,805,14,3496.77,2,1,2,0.2885,0,16.64,0
0.2941,17,5,491,20,2952.55,3,0,1,0.1311,1,15.06,1
0.0962,52,5,341,23,2643.08,2,1,2,0.1072,1,20.01,0
0.3333,15,5,987,13,2903.87,2,0,1,0.1739,0,11.36,0
0.4,5,2,475,13,1523.58,1,0,1,0.1875,0,15.6,0
0.04,25,1,727,27,1115.31,1,0,1,0.0166,0,25.82,0
0.1818,11,2,806,28,1683.9,1,0,1,0.2214,0,23.34,0
0.2,10,2,285,20,3391.39,2,0,1,0.1306,0,23.96,0
0.625,8,5,555,23,2536.19,1,0,1,0.0576,0,22.36,0
0.2105,19,4,946,21,1574.38,1,0,1,0.3047,2,8.16,0
0.2,10,2,934,14,1592.38,1,0,1,0.0674,2,31.19,0
0.0,10,0,478,19,1766.13,2,0,1,0.179,0,0.0,0
0.2273,22,5,684,23,1205.38,1,0,1,0.1155,2,41.04,0
0.1667,42,7,395,18,1443.49,1,0,1,0.2109,2,21.28,0
0.2,10,2,464,19,2036.32,1,0,1,0.0736,0,10.34,0
0.0909,11,1,795,26,1138.41,1,0,1,0.1494,0,8.06,0
0.3,20,6,627,11,2816.91,3,0,1,0.1822,2,31.31,0
0.2632,38,10,343,47,1574.48,1,0,1,0.0703,3,40.64,0
0.3333,9,3,223,16,1199.97,1,0,1,0.2136,0,33.49,0
0.0,28,0,869,41,1441.68,1,0,1,0.208,0,0.0,0
0.2222,9,2,756,29,1427.64,2,0,1,0.1449,1,33.19,1
0.0,16,0,845,17,1147.99,1,0,1,0.2983,0,0.0,0
0.0909,11,1,734,12,3677.83,3,1,3,0.1885,0,18.4,0
0.2353,17,4,476,23,1725.92,1,0,1,0.1428,0,28.51,0
0.0,16,0,910,39,4113.26,3,0,1,0.5518,0,0.0,0
0.0,16,0,658,40,1410.37,1,0,1,0.2516,0,0.0,0
0.25,12,3,959,29,2546.2,2,0,1,0.296,1,19.11,0
0.1429,7,1,193,15,1288.11,1,0,1,0.4883,1,12.57,0
0.0833,12,1,180,17,1906.16,2,0,1,0.2172,0,16.58,0
0.3333,18,6,510,30,2631.42,2,0,1,0.2681,1,18.25,0
0.0645,31,2,893,45,1275.48,2,0,1,0.2662,0,15.73,0
0.4062,32,13,896,13,994.42,1,0,1,0.2405,2,34.3,0
0.1053,19,2,880,16,1159.61,2,0,1,0.1628,0,34.84,0
0.2143,14,3,826,10,1217.02,2,0,1,0.135,0,24.2,1
0.0357,28,1,654,24,976.8,1,0,1,0.244,0,18.52,0
0.3333,6,2,283,18,4390.39,3,1,3,0.0586,0,22.28,0
0.2727,11,3,289,27,2113.65,2,0,1,0.0519,0,18.34,0
0.1,10,1,771,10,1415.54,1,0,1,0.2,0,14.43,0
0.1429,7,1,780,34,1927.35,2,0,1,0.0905,0,31.07,0
0.0,9,0,625,39,1603.37,1,0,1,0.1291,0,0.0,1
0.0833,24,2,485,41,1533.19,1,0,1,0.095,0,11.53,0
0.1765,17,3,887,28,2080.69,1,0,1,0.1869,0,34.58,0
0.2857,7,2,826,25,2271.23,1,0,1,0.1087,0,23.09,0
0.1667,6,1,811,51,1479.26,2,0,1,0.3354,0,17.92,0
0.3846,13,5,349,46,2238.05,2,0,1,0.1027,0,23.39,0
0.4,5,2,671,21,817.9,1,0,1,0.3647,0,15.51,0
0.3,10,3,515,47,935.55,1,0,1,0.165,1,21.6,0
0.8333,6,5,787,21,1815.14,1,0,1,0.0454,0,21.27,0
0.0,11,0,305,16,1632.76,2,0,1,0.149,0,0.0,0
0.0,9,0,906,34,2054.34,1,0,1,0.0852,0,0.0,0
0.0,6,0,792,25,1457.21,1,0,1,0.1882,0,0.0,1
0.2,5,1,618,19,2564.79,2,0,1,0.1294,1,24.95,0
0.3636,11,4,443,25,1493.93,1,0,1,0.0586,0,20.15,0
0.0,11,0,409,28,3738.07,1,0,1,0.053,0,0.0,0
0.2222,9,2,926,10,1410.89,1,0,1,0.1165,0,30.67,0
0.0,9,0,756,23,1990.73,1,0,1,0.1096,0,0.0,0
0.4,20,8,504,15,1491.02,2,0,1,0.3693,1,22.69,0
0.0769,13,1,242,32,2643.71,2,0,1,0.1856,1,6.57,1
0.1765,17,3,914,21,1210.24,1,0,1,0.2,0,20.82,0
0.3636,11,4,844,13,1622.26,1,0,1,0.194,1,12.77,0
0.0714,14,1,397,9,1409.59,2,0,1,0.1185,0,18.14,1
0.0,9,0,739,24,3152.05,1,0,1,0.1441,0,0.0,1
0.1667,24,4,474,25,1230.3,2,0,1,0.158,0,12.16,0
0.0588,17,1,781,77,1586.63,1,0,1,0.1599,0,10.73,0
0.0,17,0,396,28,2142.38,2,0,1,0.3289,0,0.0,0
0.0,5,0,198,23,1043.15,1,0,1,0.1895,0,0.0,1
0.5714,7,4,181,28,1241.87,1,0,1,0.0551,2,14.2,0
0.2,5,1,629,35,2502.82,2,0,1,0.2517,0,10.72,0
0.4615,13,6,861,29,1443.63,1,0,1,0.0768,0,18.67,0
0.0,20,0,305,20,1586.68,1,0,1,0.1052,0,0.0,0
0.0541,37,2,948,29,2640.04,3,0,1,0.2286,0,34.26,0
0.2,10,2,234,6,974.53,1,0,1,0.1739,0,24.35,0
0.0714,14,1,766,19,2339.64,2,0,1,0.3382,0,12.78,0
0.1111,9,1,464,15,1327.53,1,0,1,0.2353,0,20.66,0
0.3636,11,4,222,30,1087.12,1,0,1,0.2031,1,10.09,0
0.0,19,0,400,15,1428.93,2,0,1,0.2724,0,0.0,1
0.0,8,0,819,17,1256.14,1,0,1,0.3585,0,0.0,0
0.0,29,0,570,17,2408.9,1,0,1,0.1946,0,0.0,0
0.0,10,0,940,11,2929.9,2,0,1,0.1567,0,0.0,0
0.1111,9,1,983,29,2655.39,1,0,1,0.1048,0,12.34,0
0.0,17,0,938,24,1175.49,2,1,2,0.1136,0,0.0,1
0.0,16,0,511,28,1108.56,1,0,1,0.2084,0,0.0,0
0.1429,7,1,450,16,1069.15,1,0,1,0.2307,0,20.56,0
0.0,14,0,543,46,1412.83,1,0,1,0.2589,0,0.0,0
0.0,4,0,993,28,1584.38,1,0,1,0.1847,0,0.0,0
0.0882,34,3,868,20,1060.5,1,0,1,0.0422,1,18.1,0
0.2222,9,2,647,19,1017.37,1,0,1,0.1379,2,28.19,0
0.25,8,2,907,16,3724.49,3,0,1,0.2387,0,18.68,0
0.16,25,4,436,31,1764.13,2,0,1,0.2404,0,10.1,0
0.0,17,0,699,6,5155.43,2,0,1,0.3545,0,0.0,0
0.0,5,0,578,57,1243.94,2,1,2,0.1881,0,0.0,1
0.0,7,0,800,19,1145.9,1,0,1,0.3116,0,0.0,0
0.125,8,1,1000,40,1633.27,1,0,1,0.0973,0,22.01,1
0.0833,12,1,672,40,1716.71,1,0,1,0.118,0,14.86,1
0.3684,19,7,950,13,892.44,1,0,1,0.2058,1,28.01,0
0.25,28,7,469,29,1314.28,1,0,1,0.0762,1,8.26,0
0.0526,19,1,387,25,1127.29,1,0,1,0.2474,0,26.5,0
0.0588,17,1,924,61,1366.66,1,0,1,0.1251,0,17.16,0
0.0909,11,1,520,10,1543.42,1,0,1,0.1817,0,16.33,0
0.0909,11,1,889,28,2679.74,2,0,1,0.013,0,19.85,1
0.1818,11,2,644,15,2550.44,2,0,1,0.14,0,27.96,0
0.1,20,2,866,9,2842.79,1,0,1,0.0568,0,25.09,0
0.2,25,5,443,14,2412.85,1,0,1,0.1019,0,15.36,0
0.2857,7,2,508,43,1372.81,1,0,1,0.1325,0,15.67,0
0.2,10,2,765,37,1183.41,1,0,1,0.0407,0,17.81,0
0.1,10,1,690,15,2741.57,1,0,1,0.2526,0,14.97,0
0.2727,11,3,192,19,2504.53,3,1,3,0.1069,0,8.95,0
0.0,13,0,835,14,1552.32,1,0,1,0.0959,0,0.0,0
0.4286,7,3,744,23,2297.82,1,0,1,0.0761,0,33.14,0
0.0,40,0,442,26,1384.33,3,1,2,0.1274,0,0.0,1
0.2857,7,2,446,32,2351.68,1,0,1,0.1524,1,17.85,0
0.1304,23,3,865,17,1279.39,1,0,1,0.1708,1,26.3,0
0.1333,15,2,194,13,1405.92,1,0,1,0.131,0,21.93,0
0.3333,15,5,216,16,1641.13,2,0,1,0.5533,0,29.36,1
0.25,8,2,946,14,1755.05,1,0,1,0.4469,0,17.01,0
0.25,20,5,834,39,1995.38,1,0,1,0.062,1,22.97,0
0.0,13,0,842,35,1276.77,1,0,1,0.3761,0,0.0,0
0.1538,13,2,208,18,1738.55,1,0,1,0.0441,0,24.25,0
0.5,14,7,213,19,2804.33,2,0,1,0.1028,1,19.66,1
0.2727,22,6,893,18,2544.82,2,1,2,0.131,1,24.91,0
0.2,15,3,564,31,1778.35,2,0,1,0.0272,0,8.01,0
0.0,8,0,890,33,2320.71,2,0,1,0.2815,0,0.0,0
0.125,8,1,782,17,1645.7,2,0,1,0.1314,0,19.87,0
0.2727,11,3,937,35,1821.56,2,0,1,0.2389,0,30.14,0
0.0,9,0,689,41,1251.91,1,0,1,0.1579,0,0.0,0
0.2143,14,3,601,26,1629.51,2,0,1,0.0717,0,19.11,0
0.0541,37,2,305,26,2361.39,1,0,1,0.0223,0,13.35,0
0.2308,13,3,576,24,1242.46,1,0,1,0.1003,0,18.49,0
0.1538,13,2,635,16,2963.95,2,0,1,0.1038,0,13.58,0
0.1,10,1,784,28,2044.29,2,0,1,0.1804,1,11.26,0
0.1429,21,3,225,12,1646.14,2,0,1,0.113,0,17.64,0
0.1852,27,5,945,25,2378.42,2,1,2,0.0632,2,29.65,0
0.1818,11,2,933,14,1199.13,1,0,1,0.0247,0,11.66,0
0.5,16,8,864,29,2032.36,3,0,1,0.0268,1,18.12,0
0.4706,17,8,545,20,3808.68,4,0,1,0.3899,5,8.77,0
0.5714,14,8,179,16,2104.63,1,0,1,0.4845,4,12.64,0
0.4444,9,4,368,13,1194.34,1,0,1,0.2015,3,13.18,0
0.1429,7,1,300,22,1948.23,2,0,1,0.2974,1,10.07,0
0.4375,16,7,289,16,2105.87,3,1,2,0.1904,3,8.66,1
0.4375,16,7,512,25,2843.25,3,0,1,0.2663,1,18.88,0
0.8,5,4,441,5,1744.36,1,0,1,0.3373,4,23.32,0
0.25,8,2,593,19,994.76,1,0,1,0.2234,1,7.21,0
0.3529,17,6,413,13,1306.43,3,0,1,0.2277,2,19.32,0
0.1667,12,2,512,21,2006.08,1,0,1,0.4274,0,11.89,0
0.5,8,4,291,26,2271.27,3,1,3,0.2143,2,18.58,0
0.3,20,6,128,12,2108.24,3,0,1,0.5562,3,23.0,0
0.2,10,2,220,13,2246.2,2,1,2,0.3939,0,12.66,0
0.1111,18,2,106,31,2585.59,4,0,1,0.2439,1,9.14,0
0.4444,18,8,445,17,2232.51,2,1,2,0.3689,2,17.96,0
0.15,20,3,246,25,4297.54,4,1,3,0.1759,2,6.77,1
0.45,20,9,372,21,1362.35,2,0,1,0.1647,3,16.72,0
0.625,8,5,150,34,2779.39,3,0,1,0.3027,3,21.3,0
0.3,20,6,168,7,2180.05,2,0,1,0.1578,2,8.02,0
0.6875,16,11,573,10,1343.34,3,1,3,0.2558,5,13.08,0
0.85,20,17,464,22,1655.54,1,0,1,0.1735,11,17.74,0
0.3333,12,4,275,35,2756.12,3,0,1,0.2542,1,16.57,0
0.625,8,5,113,30,1810.13,2,0,1,0.1142,1,11.07,0
0.1111,9,1,542,26,2665.26,5,0,1,0.2743,0,21.92,0
0.2857,7,2,414,23,1950.7,3,0,1,0.3214,2,24.48,0
0.2,5,1,520,20,1903.37,3,0,1,0.178,0,13.56,0
0.5,10,5,512,34,2670.46,5,0,1,0.2257,0,14.03,0
0.4118,17,7,554,10,1884.34,4,1,3,0.0622,3,16.13,0
0.0769,13,1,187,62,4573.5,4,1,2,0.3651,0,5.12,0
0.2222,9,2,151,40,1648.13,3,0,1,0.2489,1,19.45,0
0.1667,6,1,139,32,1872.08,5,0,1,0.2023,1,6.99,0
0.0,16,0,431,28,2145.33,2,0,1,0.2456,0,0.0,1
0.1667,6,1,159,37,4464.75,3,0,1,0.3149,0,13.32,0
0.0,12,0,278,25,2037.9,2,0,1,0.4152,0,0.0,0
0.3333,18,6,132,46,2210.49,2,1,2,0.4328,2,5.04,1
0.4286,14,6,101,15,2581.48,4,1,2,0.3677,1,15.12,0
0.625,16,10,185,14,2150.96,2,0,1,0.5109,3,10.01,0
0.2222,18,4,192,31,2550.73,1,0,1,0.3707,2,17.23,1
0.1667,18,3,595,29,1471.92,3,0,1,0.2326,2,24.35,0
0.5,10,5,240,8,2456.16,2,0,1,0.2215,1,14.47,1
0.3636,11,4,456,9,1695.77,2,1,2,0.351,1,6.75,0
0.2,15,3,283,10,2028.9,1,0,1,0.4717,1,8.32,0
0.3125,16,5,376,10,1989.27,2,0,1,0.2153,3,6.99,0
0.125,8,1,498,18,2589.38,2,0,1,0.2269,0,10.26,0
0.4,10,4,374,15,989.54,2,0,1,0.3334,1,11.01,1
0.25,20,5,533,26,2067.35,2,1,2,0.2036,2,13.26,1
0.4,20,8,475,26,1882.01,4,1,3,0.3942,1,12.52,1
0.4545,11,5,283,20,1935.95,2,1,2,0.1565,2,23.72,0
0.2353,17,4,337,8,1732.97,2,1,2,0.3907,1,24.09,1
0.5385,13,7,105,28,1452.98,2,1,2,0.39,2,18.66,1
0.2632,19,5,284,13,1491.12,2,0,1,0.1775,2,6.92,0
0.375,8,3,548,20,2651.66,3,0,1,0.1666,1,24.78,1
0.6364,11,7,442,26,936.78,1,0,1,0.2349,2,22.14,0
0.3077,13,4,280,25,2407.03,2,0,1,0.2141,2,9.67,0
0.1053,19,2,600,16,2450.67,2,1,2,0.5896,0,22.49,0
0.0,11,0,365,10,3710.45,5,0,1,0.4572,0,0.0,0
0.2632,19,5,237,14,1559.31,2,0,1,0.3377,4,15.51,0
0.3333,6,2,111,17,3767.44,5,0,1,0.2431,1,11.77,0
0.0,13,0,466,5,3735.26,2,0,1,0.3676,0,0.0,0
0.2667,15,4,497,53,1764.89,1,0,1,0.4744,3,6.12,0
0.3529,17,6,253,16,1678.01,2,0,1,0.1641,1,14.94,1
0.1667,6,1,307,35,2715.32,1,0,1,0.424,0,20.79,0
0.375,8,3,162,7,2657.12,1,0,1,0.201,2,10.27,0
0.75,12,9,267,4,2672.58,3,0,1,0.103,1,9.38,0
0.25,16,4,307,8,2334.34,1,0,1,0.2544,3,15.15,0
0.3,20,6,155,6,3762.96,2,0,1,0.1619,3,7.95,1
0.3571,14,5,190,45,3114.75,1,0,1,0.2734,1,17.1,1
0.3333,18,6,186,17,2010.01,3,0,1,0.1667,1,6.34,0
0.5455,11,6,533,23,1212.38,2,1,2,0.1075,1,19.01,1
0.375,8,3,303,20,1930.08,2,0,1,0.1769,0,24.98,0
0.2222,9,2,562,17,1428.39,2,0,1,0.4686,0,23.79,0
0.3077,13,4,161,22,2550.83,3,1,2,0.4828,1,5.33,1
0.4375,16,7,461,8,2161.73,5,0,1,0.6341,2,18.12,1
0.1111,18,2,554,22,2263.39,1,0,1,0.3363,1,12.78,0
0.5,8,4,569,18,3042.32,2,0,1,0.6515,1,18.92,0
0.0556,18,1,540,17,1920.15,2,0,1,0.2022,1,11.8,0
0.0556,18,1,180,6,2011.08,1,0,1,0.3934,0,11.55,0
0.75,12,9,206,12,4683.64,5,0,1,0.2035,4,11.65,0
0.8,20,16,395,4,1867.57,1,0,1,0.2542,5,13.66,0
0.0,14,0,444,29,1549.11,1,0,1,0.0986,0,0.0,1
0.1333,15,2,163,12,1289.51,1,0,1,0.2074,2,6.76,0
0.6154,13,8,201,21,4602.73,3,1,2,0.544,4,22.71,1
0.5789,19,11,347,10,2071.49,3,1,3,0.3729,4,22.89,1
0.6,5,3,249,8,2525.04,4,0,1,0.2785,1,22.38,0
0.1667,6,1,368,13,1578.06,1,0,1,0.4112,0,16.16,0
0.5,12,6,198,25,1395.14,5,1,2,0.0882,4,16.97,1
0.25,16,4,94,21,1532.57,4,0,1,0.2281,1,9.2,0
0.0,10,0,127,8,2057.49,3,0,1,0.2999,0,0.0,1
0.125,8,1,134,10,5079.98,5,1,2,0.3221,0,14.82,0
0.5,14,7,300,6,2510.43,4,0,1,0.0848,2,5.85,1
0.0667,15,1,507,11,2372.1,1,0,1,0.4777,0,14.93,0
0.2632,19,5,103,5,4202.0,4,1,2,0.5053,2,9.03,0
0.6667,9,6,568,31,2770.35,2,0,1,0.7293,3,9.05,1
0.4444,18,8,207,7,993.68,2,0,1,0.2824,3,20.73,1
0.3125,16,5,291,9,2198.46,2,0,1,0.3476,2,10.2,0
0.5294,17,9,256,20,2764.66,1,0,1,0.2906,4,19.46,0
0.2667,15,4,160,10,6967.05,5,0,1,0.3049,2,22.42,0
0.0769,13,1,345,18,4014.53,5,0,1,0.3313,0,24.53,1
0.25,8,2,188,35,1827.04,3,1,3,0.391,1,15.87,1
0.625,8,5,340,11,4559.28,3,1,3,0.4627,1,24.74,1
0.2857,14,4,600,8,2477.41,3,1,3,0.2953,3,6.02,0
0.0625,16,1,259,12,1273.25,3,0,1,0.4661,1,24.94,0
0.875,16,14,501,7,4422.39,3,0,1,0.4119,4,7.92,0
0.1579,19,3,213,15,4050.49,4,1,4,0.43,2,7.95,1
0.3,20,6,176,8,4946.43,4,0,1,0.2909,2,17.31,0
0.3333,6,2,210,5,3451.51,4,0,1,0.2525,1,10.62,0
0.2857,7,2,172,13,3204.67,4,1,4,0.3711,0,21.5,1
0.125,16,2,433,29,1334.12,4,0,1,0.2427,1,14.26,0
0.1667,18,3,136,26,1988.6,2,1,2,0.2265,2,12.9,0
0.4615,13,6,217,12,1929.46,2,1,2,0.3241,3,22.28,1
0.3636,11,4,141,12,2644.21,3,1,3,0.4119,0,18.51,0
0.2353,17,4,226,10,4134.19,3,0,1,0.4827,1,13.95,0
0.6,5,3,216,9,2781.46,2,0,1,0.4722,0,8.67,0
0.6111,18,11,111,54,1778.75,2,0,1,0.3745,2,13.59,0
0.3333,9,3,379,10,2286.16,1,0,1,0.5156,0,6.61,0
0.2,15,3,400,19,3858.13,4,0,1,0.1064,0,21.18,0
0.2105,19,4,299,28,3254.23,2,1,2,0.327,3,10.18,1
0.3077,13,4,506,12,2849.19,3,1,3,0.3937,1,9.72,1
0.3158,19,6,455,17,2518.4,5,0,1,0.5646,3,14.57,0
0.3333,18,6,558,36,1504.24,1,0,1,0.2617,1,11.12,0
0.25,20,5,320,10,1014.96,2,0,1,0.5474,1,17.41,0
0.6,15,9,215,8,1883.58,3,1,2,0.4947,4,6.74,1
0.375,16,6,232,10,7278.9,4,0,1,0.2562,4,15.59,0
0.4615,13,6,502,51,2485.58,2,1,2,0.4346,5,18.85,1
0.2,20,4,226,16,1926.48,1,0,1,0.7383,1,12.0,0
0.0,2,0,32,12,3754.52,4,0,1,0.2117,0,0.0,0
0.0,1,0,19,17,2261.29,5,0,1,0.0219,0,0.0,1
1.0,3,3,24,20,675.63,2,1,2,0.1687,1,19.92,0
0.0,0,0,37,37,1928.47,3,1,3,0.0936,0,0.0,0
0.3333,3,1,26,26,2523.15,3,1,3,0.3949,1,19.28,0
0.0,3,0,39,10,2664.07,4,0,1,0.3114,0,0.0,0
1.0,1,1,41,22,1719.54,1,0,1,0.2295,0,13.26,0
0.3333,3,1,40,23,1762.24,2,0,1,0.3584,0,21.98,0
0.0,0,0,37,37,2076.1,5,0,1,0.3976,0,0.0,0
0.0,0,0,56,56,2118.03,3,0,1,0.3007,0,0.0,0
0.0,2,0,10,10,2539.65,5,0,1,0.3429,0,0.0,0
0.6667,3,2,35,10,5963.97,2,1,2,0.1819,0,12.51,1
1.0,2,2,19,19,1515.85,2,1,2,0.2906,0,6.92,1
0.5,2,1,26,26,2804.49,4,0,1,0.2006,0,11.11,1
0.0,1,0,49,10,4707.88,3,0,1,0.5518,0,0.0,0
0.5,2,1,57,21,1662.57,1,0,1,0.3851,0,5.96,1
0.0,3,0,28,11,3438.3,2,0,1,0.4262,0,0.0,0
1.0,1,1,4,4,3552.79,5,1,2,0.1638,0,15.76,1
1.0,1,1,38,14,1861.22,4,1,3,0.5386,0,22.51,1
0.6667,3,2,23,23,2123.81,1,0,1,0.3642,1,10.22,0
0.0,0,0,44,44,2362.36,3,0,1,0.3851,0,0.0,1
0.0,0,0,51,51,1514.2,5,0,1,0.2752,0,0.0,0
0.5,2,1,27,13,2256.96,3,0,1,0.4292,0,7.1,1
0.0,0,0,1,1,2223.36,2,0,1,0.2519,0,0.0,0
0.0,2,0,46,8,972.98,2,0,1,0.3391,0,0.0,0
0.0,1,0,22,22,1692.84,1,0,1,0.2689,0,0.0,0
0.0,2,0,22,22,2099.86,4,0,1,0.3128,0,0.0,0
0.0,0,0,37,37,2074.85,2,1,2,0.2077,0,0.0,0
0.0,0,0,21,21,5141.13,5,1,2,0.1291,0,0.0,0
0.5,2,1,35,13,1263.43,2,0,1,0.2632,0,23.34,0
0.0,2,0,57,27,1768.3,2,0,1,0.289,0,0.0,0
0.0,2,0,5,5,3189.95,4,0,1,0.7054,0,0.0,1
0.0,2,0,1,1,1241.92,1,0,1,0.3274,0,0.0,0
0.0,3,0,47,40,2773.57,3,0,1,0.5093,0,0.0,0
0.0,3,0,32,32,2473.15,3,0,1,0.4457,0,0.0,0
1.0,2,2,15,15,2073.22,3,1,2,0.1432,0,9.11,1
0.6667,3,2,16,16,1677.26,3,1,2,0.1286,0,22.74,0
0.0,1,0,57,11,1926.75,1,0,1,0.2064,0,0.0,0
1.0,2,2,30,19,2139.91,1,0,1,0.329,1,13.85,1
0.0,0,0,55,55,3577.92,4,1,4,0.2364,0,0.0,1
1.0,2,2,6,6,2247.36,2,0,1,0.2314,2,8.66,1
0.0,1,0,5,5,2197.42,2,0,1,0.227,0,0.0,0
0.5,2,1,22,11,3293.14,5,1,2,0.2156,0,17.97,0
0.0,0,0,36,36,2811.21,4,0,1,0.2789,0,0.0,0
0.3333,3,1,37,22,1468.03,1,0,1,0.306,1,13.5,0
0.0,0,0,58,58,2012.26,4,0,1,0.3722,0,0.0,1
0.3333,3,1,50,9,2982.53,2,0,1,0.4852,0,23.37,0
0.0,2,0,32,25,4386.98,3,1,3,0.3569,0,0.0,0
1.0,1,1,21,21,1626.02,1,0,1,0.3136,0,24.46,1
0.0,3,0,50,8,1218.31,2,1,2,0.3745,0,0.0,0
1.0,1,1,28,11,5823.1,4,1,4,0.0882,1,12.93,1
1.0,3,3,22,19,3978.44,5,1,3,0.282,1,17.98,1
0.5,2,1,7,7,3911.4,3,1,2,0.4095,1,9.51,1
0.0,0,0,43,43,1785.45,2,0,1,0.1708,0,0.0,0
0.0,0,0,26,26,5683.94,5,1,3,0.0788,0,0.0,0
0.0,0,0,57,57,2006.65,2,0,1,0.2906,0,0.0,0
0.0,3,0,29,20,3607.32,4,0,1,0.4622,0,0.0,1
0.0,1,0,19,19,1642.39,1,0,1,0.2416,0,0.0,0
0.0,1,0,56,56,1271.99,1,0,1,0.2381,0,0.0,0
0.0,1,0,6,6,1179.81,1,0,1,0.1498,0,0.0,0
0.0,0,0,50,50,2720.32,3,0,1,0.2845,0,0.0,0
0.3333,3,1,2,2,945.38,2,1,2,0.2514,0,9.67,1
0.0,0,0,26,26,1534.36,2,0,1,0.2932,0,0.0,1
0.0,3,0,29,21,1875.51,1,0,1,0.3576,0,0.0,0
0.0,1,0,54,9,2052.63,1,0,1,0.1268,0,0.0,1
0.0,0,0,35,35,4396.15,3,0,1,0.3093,0,0.0,0
0.0,0,0,47,47,1209.39,3,0,1,0.3438,0,0.0,1
1.0,1,1,51,51,1233.65,2,1,2,0.4697,1,12.01,1
0.3333,3,1,58,33,1895.59,2,0,1,0.5169,0,10.13,0
0.0,0,0,20,20,1285.75,2,0,1,0.1541,0,0.0,0
0.0,1,0,38,38,1303.92,1,0,1,0.1644,0,0.0,0
0.0,3,0,54,22,1946.69,2,0,1,0.251,0,0.0,0
0.6667,3,2,38,28,2201.48,4,0,1,0.1858,0,18.92,0
0.0,0,0,30,30,1140.1,3,0,1,0.2148,0,0.0,0
0.5,2,1,41,6,2244.56,1,0,1,0.1723,0,12.66,0
1.0,3,3,17,15,2804.07,5,0,1,0.49,1,24.85,0
0.3333,3,1,21,11,3165.47,3,1,2,0.4839,1,22.0,0
0.0,0,0,34,34,1539.9,1,0,1,0.2274,0,0.0,0
0.3333,3,1,3,3,1471.76,2,0,1,0.164,0,11.82,1
0.0,0,0,52,52,3137.05,3,1,2,0.2934,0,0.0,0
0.0,1,0,35,35,4020.38,4,1,2,0.2911,0,0.0,0
0.0,2,0,1,1,1787.13,1,0,1,0.4611,0,0.0,0
0.0,1,0,2,2,2113.72,3,1,3,0.3116,0,0.0,0
1.0,2,2,4,4,2207.31,5,0,1,0.4058,0,21.66,1
0.0,1,0,45,12,2507.55,4,0,1,0.1384,0,0.0,1
0.0,2,0,51,16,2119.37,2,0,1,0.1814,0,0.0,0
0.0,1,0,12,12,3282.12,3,1,3,0.3428,0,0.0,0
0.0,2,0,13,8,934.98,1,0,1,0.656,0,0.0,0
0.0,1,0,6,6,3238.07,2,0,1,0.3445,0,0.0,0
0.0,0,0,25,25,1960.13,2,0,1,0.2768,0,0.0,0
0.0,0,0,29,29,1587.01,1,0,1,0.5708,0,0.0,0
0.0,2,0,58,14,2405.64,4,0,1,0.3943,0,0.0,0
0.0,3,0,25,17,2619.37,3,1,2,0.4221,0,0.0,0
0.3333,3,1,12,12,1241.47,4,1,4,0.3975,0,16.12,1
0.3333,3,1,57,45,2292.12,1,0,1,0.1848,0,14.72,1
0.0,1,0,18,18,1076.8,2,1,2,0.5752,0,0.0,0
0.6667,3,2,60,40,2379.0,3,1,2,0.3519,1,13.59,1
0.6667,3,2,39,12,2486.26,1,0,1,0.2355,1,21.24,0
0.0,2,0,23,23,7209.38,4,0,1,0.2863,0,0.0,1
0.0,1,0,23,22,2251.95,3,0,1,0.4417,0,0.0,0
0.0,1,0,38,27,3637.23,5,0,1,0.4748,0,0.0,0
1.0,2,2,53,26,3836.47,4,0,1,0.1227,1,12.13,1
0.0,3,0,2,2,1746.36,1,0,1,0.0722,0,0.0,1
0.0,2,0,11,11,3445.13,4,1,2,0.3124,0,0.0,0
0.0,2,0,11,11,3042.68,2,0,1,0.1893,0,0.0,0
0.0,0,0,52,52,1600.49,2,1,2,0.3795,0,0.0,0
0.0,0,0,51,51,1796.95,2,0,1,0.2885,0,0.0,0
0.0,3,0,29,15,1843.0,3,0,1,0.4206,0,0.0,0
0.0,0,0,47,47,1606.55,3,0,1,0.5083,0,0.0,0
0.0,2,0,49,14,4355.3,1,0,1,0.4042,0,0.0,0
0.0,2,0,50,20,2703.35,2,0,1,0.4254,0,0.0,0
0.6667,3,2,6,6,1357.57,3,0,1,0.4462,0,18.15,0
0.0,1,0,23,17,3484.92,3,1,2,0.4505,0,0.0,0
0.6667,3,2,60,14,3436.54,3,1,3,0.5473,0,15.96,1
0.0,1,0,30,22,1250.38,1,0,1,0.3817,0,0.0,0
0.0,3,0,7,7,954.93,2,0,1,0.4909,0,0.0,0
0.3333,3,1,25,25,868.75,2,0,1,0.3863,0,7.31,1
0.0,1,0,33,17,1683.98,1,0,1,0.3728,0,0.0,0
1.0,1,1,22,12,2210.22,1,0,1,0.5307,0,19.7,0
0.5,2,1,60,17,1229.74,2,0,1,0.1516,1,14.18,0
1.0,1,1,38,21,3814.37,5,0,1,0.2326,0,16.24,0
0.0,1,0,51,15,983.74,2,0,1,0.2632,0,0.0,0
0.0,1,0,34,16,2293.97,3,0,1,0.2432,0,0.0,0
1.0,1,1,22,22,2077.23,1,0,1,0.2262,0,14.92,0
0.5,2,1,17,15,3652.96,5,0,1,0.6293,1,21.45,0
0.871,31,27,263,10,3989.81,4,1,4,0.4316,8,4.02,1
0.8182,11,9,492,8,4390.71,5,0,1,0.5753,4,6.04,0
0.7931,29,23,656,13,4341.58,6,0,1,0.5813,8,3.35,0
0.6538,26,17,530,8,4770.84,2,0,1,0.4745,8,5.27,1
0.8696,23,20,400,22,5114.25,3,1,3,0.5862,7,5.01,1
0.8182,22,18,272,16,3900.09,2,1,2,0.6345,7,2.99,1
1.0,38,38,154,8,3819.96,2,1,2,0.4435,8,3.44,1
0.4348,23,10,128,6,5432.41,3,0,1,0.3383,6,4.06,1
0.6897,29,20,768,10,2480.03,3,0,1,0.6075,8,2.83,0
0.6154,39,24,166,11,3834.81,5,0,1,0.472,8,4.85,1
0.6471,17,11,633,14,3957.24,5,1,4,0.2627,6,2.3,0
0.8,30,24,409,16,6497.64,4,1,4,0.4303,6,4.28,1
0.8529,34,29,719,12,3779.63,6,1,3,0.7893,8,3.29,0
0.8974,39,35,107,9,6071.18,4,0,1,0.6743,8,3.67,1
0.64,25,16,800,15,4025.94,4,1,4,0.3715,8,3.54,1
0.4706,17,8,421,13,6926.26,4,1,3,0.6124,3,2.59,1
0.6957,23,16,550,3,4520.12,4,0,1,0.4349,8,2.28,1
0.2581,31,8,705,7,2420.59,2,0,1,0.445,4,4.47,1
0.4444,18,8,723,18,3551.68,3,1,3,0.7411,6,8.34,1
0.7576,33,25,506,11,1940.87,2,0,1,0.5348,8,2.27,1
0.7188,32,23,439,8,3902.39,4,1,3,0.7384,8,5.71,0
0.5,22,11,673,8,6852.43,6,1,3,0.788,5,2.59,1
0.9062,32,29,743,8,2482.92,3,1,2,0.1896,8,2.48,1
0.7436,39,29,267,5,5071.46,4,0,1,0.3376,8,2.66,0
1.0,31,31,680,12,5187.62,3,0,1,0.5582,8,5.77,0
0.8333,30,25,750,8,4255.28,4,0,1,0.5165,8,2.99,0
0.7143,14,10,187,16,4348.57,4,1,4,0.6006,5,4.93,1
0.5625,32,18,530,9,5381.48,6,0,1,0.5739,8,2.72,1
0.6897,29,20,613,5,3446.39,4,1,4,0.5726,8,2.73,1
0.9091,11,10,686,16,4331.0,4,0,1,0.4834,3,4.12,0
0.7647,34,26,363,9,5078.07,4,1,4,0.4404,8,4.1,1
0.9286,14,13,153,7,10194.69,6,1,2,0.4483,7,4.21,1
0.875,40,35,427,6,2301.27,3,0,1,0.2603,8,2.72,1
0.6,15,9,791,8,2600.34,3,0,1,0.5887,2,5.0,0
0.8846,26,23,157,8,6453.77,6,0,1,0.6441,8,3.36,1
0.5926,27,16,693,12,4402.79,4,1,2,0.5563,6,1.79,1
0.7419,31,23,258,13,3965.61,6,1,3,0.6051,8,6.14,1
0.3,10,3,748,14,2622.3,5,1,2,0.5397,3,3.21,0
1.0,39,39,402,12,5363.68,4,1,4,0.3777,8,2.47,1
0.7692,13,10,531,12,4322.81,4,0,1,0.3574,6,4.39,0
0.3889,36,14,193,12,3997.49,3,1,2,0.2116,5,3.35,1
0.375,40,15,216,30,6040.31,2,1,2,0.3951,5,3.07,1
0.6552,29,19,500,4,2779.78,2,1,2,0.5457,8,5.09,1
0.8095,21,17,164,18,2583.95,3,1,3,0.6214,8,3.82,1
0.925,40,37,734,5,4584.44,6,1,2,0.5869,8,4.06,1
0.76,25,19,128,16,3198.78,4,1,3,0.7383,8,3.36,0
0.28,25,7,612,11,9208.07,6,1,4,0.4826,4,2.33,1
0.6667,15,10,150,15,3051.83,6,1,4,0.4457,4,5.83,1
0.7143,14,10,669,14,3411.73,4,1,4,0.4806,1,3.64,1
0.65,40,26,535,10,1552.95,2,1,2,0.4305,8,2.12,1
0.4118,17,7,684,4,6482.25,6,1,2,0.424,4,2.22,1
0.4615,13,6,603,24,3621.08,3,1,3,0.6151,5,1.92,1
0.4722,36,17,627,9,4765.9,3,1,3,0.7269,7,3.78,0
0.7059,34,24,312,14,3906.26,4,0,1,0.6354,8,6.96,1
0.5385,26,14,295,15,4984.62,3,1,3,0.4692,4,4.68,1
0.3462,26,9,380,10,7419.91,6,0,1,0.5841,4,3.61,1
0.6,10,6,380,11,2170.04,2,0,1,0.4276,3,5.82,0
0.8095,21,17,273,7,3085.28,2,0,1,0.2895,8,2.6,1
0.7368,19,14,327,8,3935.16,5,0,1,0.5365,3,4.79,1
0.875,16,14,262,20,2684.19,3,1,2,0.4807,7,3.13,1
0.7308,26,19,158,16,5667.73,5,1,2,0.3948,7,4.56,1
0.7419,31,23,246,9,4487.01,2,0,1,0.3632,8,4.42,0
0.6842,38,26,529,20,4136.31,3,1,2,0.624,7,4.04,0
0.8571,21,18,387,7,3422.4,2,1,2,0.6495,8,5.18,1
0.5,34,17,397,21,3579.75,2,1,2,0.5792,8,2.8,1
0.6667,30,20,769,9,3310.49,6,0,1,0.4537,8,2.18,0
0.7143,14,10,618,5,2703.77,3,0,1,0.6335,3,3.26,1
0.7143,28,20,125,6,2279.1,5,1,3,0.7201,8,1.91,1
0.6429,14,9,475,13,3423.63,4,0,1,0.3999,4,3.79,1
0.5789,19,11,505,20,5096.14,2,0,1,0.4779,6,6.71,0
0.8,20,16,531,13,7617.0,3,1,3,0.739,7,3.17,1
0.2174,23,5,389,7,2157.5,2,1,2,0.53,3,3.59,1
0.625,40,25,392,6,3335.57,4,1,4,0.6222,8,3.53,1
0.7027,37,26,367,17,6094.18,3,1,2,0.5817,8,3.65,1
0.5152,33,17,295,6,2404.84,3,1,2,0.7283,6,6.75,1
0.8333,12,10,541,10,3366.67,4,0,1,0.613,5,6.29,1
0.7222,18,13,254,9,4618.64,3,1,3,0.6098,4,2.73,1
0.5294,17,9,480,8,6197.13,6,1,3,0.4415,8,2.75,1
0.76,25,19,674,34,3514.0,6,1,2,0.7301,8,3.58,0
0.7059,17,12,333,6,3737.78,4,1,3,0.508,1,6.44,1
0.8571,14,12,388,9,7261.46,4,1,3,0.474,4,3.63,1
0.75,40,30,374,20,3856.39,3,1,3,0.5394,8,3.76,1
0.8095,21,17,276,7,2080.32,5,0,1,0.3348,8,4.27,1
0.1818,11,2,683,22,2833.06,4,1,2,0.7031,1,7.26,1
0.4375,32,14,370,9,6351.91,4,1,2,0.6443,8,4.64,1
0.619,21,13,612,12,4752.58,4,0,1,0.6045,6,2.2,0
0.7097,31,22,328,10,7205.51,6,1,2,0.5152,8,3.28,1
0.9167,36,33,488,6,4485.41,2,1,2,0.4382,8,3.57,1
0.4762,21,10,639,13,3072.46,6,1,2,0.3764,4,3.83,0
0.625,16,10,748,8,6914.81,5,1,2,0.4624,6,3.81,1
0.5625,32,18,391,6,4108.32,4,1,3,0.2259,5,3.64,1
0.9091,11,10,523,8,4895.52,6,0,1,0.7466,2,2.82,1
0.6316,19,12,217,6,4661.57,4,1,4,0.5441,6,2.73,1
0.5238,21,11,642,7,2875.46,3,0,1,0.4303,2,3.15,0
0.8125,16,13,374,7,3779.05,6,1,3,0.7033,8,5.22,1
0.931,29,27,646,8,2558.1,4,1,3,0.4897,8,2.38,1
0.6,40,24,122,10,5734.31,3,1,3,0.5224,8,1.18,0
0.8333,36,30,736,15,3949.71,6,0,1,0.4993,8,4.0,0
0.675,40,27,600,6,7173.85,3,0,1,0.3962,8,3.52,1
0.8,10,8,430,5,4560.37,6,1,3,0.5667,8,1.77,1
0.56,25,14,593,11,5365.42,3,1,2,0.7395,8,3.26,1
0.3571,14,5,191,9,3761.73,2,0,1,0.2963,1,2.97,0
0.4545,11,5,718,6,4593.16,4,0,1,0.6779,3,2.35,0
0.7222,18,13,595,16,5413.77,4,1,2,0.6619,5,3.79,1
0.875,16,14,426,9,5195.33,4,1,3,0.5662,7,2.22,0
0.4848,33,16,290,13,2933.52,3,1,3,0.2858,8,1.92,0
0.4783,23,11,500,13,2225.17,4,1,2,0.5037,7,2.2,1
0.5833,36,21,620,15,2616.97,4,1,3,0.5278,8,3.8,1
0.8182,22,18,656,6,7275.57,6,1,4,0.5426,8,2.77,1
0.7647,17,13,277,11,4178.37,3,1,3,0.5088,4,2.94,1
0.3333,12,4,549,8,5028.58,6,0,1,0.5054,2,4.56,0
0.6667,30,20,697,5,3126.89,3,1,3,0.6025,7,5.31,1
0.4667,15,7,414,11,2968.85,4,1,3,0.3307,6,2.17,0
0.6842,19,13,660,9,5770.64,3,1,2,0.4258,8,2.64,1
0.6364,11,7,717,16,3565.65,4,0,1,0.7946,1,2.43,1
0.7949,39,31,135,11,2717.37,3,0,1,0.4701,8,4.98,1
0.6765,34,23,769,15,5194.23,5,1,3,0.4709,8,1.68,1
0.7857,14,11,411,11,3643.09,2,1,2,0.8312,6,3.14,1
0.9118,34,31,322,10,7166.87,4,1,2,0.5424,8,4.02,1
0.7333,15,11,728,8,3495.89,5,0,1,0.6604,5,3.82,1
0.9118,34,31,799,10,3135.81,5,1,2,0.312,8,3.59,0
0.871,31,27,793,18,3350.12,2,0,1,0.3418,8,4.64,1
0.6923,26,18,756,10,3320.57,2,0,1,0.6611,7,2.62,0
0.7647,17,13,201,8,3571.44,6,0,1,0.6483,3,2.06,0
0.5429,35,19,692,7,3125.61,4,1,3,0.4683,8,4.84,0
0.6552,29,19,789,11,4933.82,4,0,1,0.4787,8,4.16,1
0.6176,34,21,530,7,4091.9,6,0,1,0.6214,8,2.36,1
0.6875,32,22,193,8,3448.16,4,1,3,0.4357,8,2.12,0
0.6667,18,12,335,10,3046.62,2,1,2,0.5417,6,2.08,1
0.5625,32,18,543,8,10477.33,3,0,1,0.5245,6,7.03,0
0.7188,32,23,200,11,2740.63,4,1,4,0.3383,8,1.87,1
0.5385,13,7,356,5,6216.39,6,0,1,0.3443,3,5.31,0
0.3077,13,4,373,7,4129.84,5,0,1,0.4128,2,2.72,1
0.9091,11,10,551,21,5867.47,6,1,2,0.3471,5,5.23,1
0.6154,13,8,555,17,2306.69,3,0,1,0.3824,6,3.1,1
0.2778,36,10,473,7,8287.58,6,1,3,0.5781,2,7.35,0
0.8182,11,9,799,16,3359.94,5,0,1,0.3757,4,2.94,1
0.4706,34,16,609,18,4069.33,6,1,4,0.3455,8,2.96,1
0.5385,26,14,528,7,2977.04,6,1,3,0.6921,8,7.33,1
0.8,10,8,535,7,3646.79,4,0,1,0.3927,4,2.15,0
0.5385,39,21,291,13,3663.41,5,0,1,0.4698,8,4.44,1
0.5714,14,8,608,6,3616.29,4,1,3,0.6309,6,4.94,1
0.6,25,15,188,10,3489.66,3,1,3,0.3506,8,1.93,1
0.7879,33,26,351,11,3749.63,4,1,2,0.305,8,3.27,1
0.5758,33,19,331,16,5311.25,6,1,3,0.2414,8,3.66,1
0.6429,28,18,162,9,1784.93,4,1,4,0.4338,7,3.15,1
0.5172,29,15,271,13,5315.56,6,0,1,0.8649,3,3.02,1
0.8519,27,23,683,6,4523.74,4,0,1,0.8275,7,2.76,0
0.4194,31,13,318,17,5180.84,6,1,3,0.6482,6,3.93,1
0.7857,14,11,396,11,3209.16,4,1,4,0.5068,8,2.94,1
0.7692,26,20,649,10,2566.26,6,1,2,0.6426,8,4.7,1
0.8387,31,26,653,9,2883.63,3,1,3,0.4418,8,3.83,1
0.2,10,2,442,5,2704.46,6,1,2,0.5303,1,2.19,0
0.8065,31,25,378,8,2050.7,2,0,1,0.8732,8,4.51,1
0.7,30,21,644,9,2490.66,3,1,2,0.6016,8,4.74,1
0.5789,38,22,205,8,3285.78,3,1,3,0.592,8,2.65,1
0.5714,14,8,679,11,3509.56,3,1,3,0.8101,8,2.65,1
0.5,14,7,359,7,3662.26,4,1,4,0.4943,6,3.22,1
0.5217,23,12,317,9,4354.6,5,0,1,0.5855,7,6.05,1
0.5417,24,13,354,12,4013.66,5,0,1,0.6608,4,3.26,1
0.6429,14,9,278,15,4890.09,4,1,3,0.3002,4,4.34,1
0.6471,17,11,162,5,5234.91,3,1,3,0.4588,4,5.13,1
0.6667,21,14,715,6,4708.07,4,0,1,0.2282,8,5.38,0
0.4074,27,11,640,5,2296.33,2,0,1,0.3934,6,3.11,0
0.6,10,6,773,11,3588.58,2,0,1,0.6433,3,2.8,0
0.45,40,18,605,7,3561.35,5,1,2,0.5574,8,1.97,1
0.1176,17,2,250,10,3627.44,4,1,4,0.8047,2,4.1,1
0.75,16,12,452,8,3623.27,5,0,1,0.6823,7,3.68,0
0.8,30,24,765,17,4975.31,6,1,3,0.6954,8,2.75,1
0.7037,27,19,759,16,2949.74,6,1,4,0.416,7,2.48,1
0.76,25,19,706,9,6747.45,5,1,2,0.2125,8,5.83,0
0.9677,31,30,515,21,2764.11,3,1,2,0.3741,8,3.7,1
0.7083,24,17,722,11,4110.95,4,1,2,0.6323,8,3.91,1
0.8,10,8,638,6,2273.05,2,0,1,0.2244,7,4.63,0
0.6552,29,19,540,11,3139.97,4,0,1,0.6457,8,3.49,0
0.2941,17,5,520,5,2761.55,3,1,3,0.2822,2,3.37,1
0.3478,23,8,614,6,4891.56,5,0,1,0.4222,1,4.44,1
0.75,36,27,516,9,2891.17,6,1,3,0.6079,8,3.6,1
0.9231,26,24,129,11,4602.92,4,1,4,0.6363,8,3.18,1
0.8333,12,10,719,15,2745.25,2,1,2,0.3177,4,4.3,0
0.8333,18,15,508,8,2677.74,4,1,2,0.7109,5,3.21,1
0.619,21,13,155,9,4735.92,2,0,1,0.4227,7,3.77,1
0.2308,26,6,301,10,7955.74,5,1,4,0.5095,4,3.92,0
0.875,16,14,565,8,7788.85,3,1,3,0.5315,5,3.98,1
0.85,20,17,375,12,3319.51,4,1,4,0.5326,8,4.32,1
0.75,12,9,662,32,2681.18,4,1,2,0.8082,8,3.87,1
0.5926,27,16,310,21,3852.13,5,1,3,0.5587,8,3.32,1
0.5152,33,17,150,13,4391.02,6,0,1,0.6164,5,4.47,1
0.9375,16,15,655,11,3143.64,3,0,1,0.4129,6,5.03,1
0.6,10,6,329,8,6550.63,4,1,2,0.449,1,3.86,1
0.8333,18,15,641,9,2463.11,4,0,1,0.4874,8,4.69,0
0.8333,18,15,575,14,2435.2,2,0,1,0.6299,6,2.0,1
0.5135,37,19,634,6,3346.15,6,1,4,0.4736,8,7.75,0
0.3684,19,7,430,21,3724.26,2,0,1,0.6651,6,3.62,0
0.8636,22,19,646,7,5287.43,4,1,4,0.6952,7,6.89,1
0.5625,16,9,120,15,2783.46,2,0,1,0.671,7,2.25,1
0.4,10,4,400,5,2316.33,3,1,2,0.5527,1,2.95,1
0.9,10,9,571,12,3191.99,6,1,3,0.6807,4,4.09,1
0.6207,29,18,302,14,2348.43,2,1,2,0.7048,7,2.77,0
0.5938,32,19,636,5,5110.89,5,0,1,0.6708,8,3.17,1
0.4667,15,7,203,8,6149.41,5,0,1,0.4929,3,4.16,1
0.7931,29,23,119,7,3710.93,4,1,4,0.7881,8,3.9,1
0.4,35,14,498,7,5592.23,5,1,3,0.5444,6,5.36,0
0.6757,37,25,501,8,4581.22,5,0,1,0.6267,8,4.15,1
0.8125,16,13,745,9,3702.11,3,1,3,0.3472,6,4.14,1
0.8378,37,31,482,6,2584.69,3,1,3,0.2745,8,4.2,1
0.2143,14,3,539,8,3396.66,3,1,2,0.4069,2,6.67,0
0.6364,11,7,470,19,3784.39,4,1,4,0.773,3,2.05,1
0.7619,21,16,678,15,2797.7,4,1,2,0.4396,8,3.83,1
0.7027,37,26,471,6,2322.62,4,0,1,0.3445,6,4.32,0
0.8182,22,18,320,14,3416.91,3,0,1,0.3595,3,3.28,0
0.4595,37,17,307,14,2999.91,6,0,1,0.5993,6,1.5,0
0.8667,30,26,187,13,7867.59,6,0,1,0.4089,5,2.42,1
0.2308,13,3,294,3,4968.07,3,0,1,0.4703,1,5.73,0
0.6,30,18,272,9,6524.79,6,0,1,0.5823,8,1.63,1
0.5806,31,18,748,11,4625.29,5,1,3,0.4585,8,3.06,1
0.8,25,20,324,8,4401.24,5,1,3,0.4358,7,7.29,1
0.5,18,9,511,6,4058.96,3,1,3,0.3872,4,2.31,0
0.7778,36,28,800,8,3748.9,6,0,1,0.4144,8,3.91,0
0.6,30,18,494,7,6789.94,5,0,1,0.5672,8,3.6,1
0.5946,37,22,282,30,2072.13,4,1,4,0.3787,8,5.63,1
0.7037,27,19,124,6,2671.39,2,0,1,0.2839,8,2.31,1
0.7273,33,24,298,7,4721.01,6,0,1,0.1528,8,4.76,1
0.5625,16,9,124,7,9539.83,6,1,2,0.7498,5,4.37,1
0.4706,34,16,794,15,8343.42,6,0,1,0.2252,7,3.68,0
0.5,38,19,424,24,3882.66,5,1,2,0.4617,7,2.33,0
0.5,34,17,749,5,5530.04,4,0,1,0.5441,7,5.42,0
0.7083,24,17,279,19,4337.61,5,1,3,0.3842,7,2.88,1
0.6207,29,18,656,9,2234.22,2,0,1,0.3847,8,4.09,0
0.6333,30,19,576,5,3978.13,3,1,2,0.5282,8,2.69,1
0.675,40,27,141,17,5903.81,6,1,4,0.2568,8,4.0,1
0.5938,32,19,497,8,4112.55,4,1,2,0.3753,6,4.17,1
0.697,33,23,318,9,3966.83,4,1,2,0.405,6,4.04,1
0.5,14,7,683,11,4064.24,5,0,1,0.7426,1,2.63,0
0.55,40,22,670,7,2243.1,3,0,1,0.3958,8,1.94,0
0.7222,36,26,454,9,3682.56,4,1,2,0.5654,8,6.18,1
0.7436,39,29,736,12,3437.01,4,1,4,0.4853,8,2.72,1
0.8,20,16,673,10,2943.28,3,1,3,0.481,8,3.63,1
0.6875,16,11,581,12,4661.62,4,0,1,0.2779,6,3.12,0
0.6471,34,22,170,10,3721.8,6,1,4,0.3416,8,2.14,1
0.4667,30,14,608,5,12645.19,5,0,1,0.3116,6,2.71,0
0.5833,12,7,190,9,5574.6,5,1,2,0.5327,5,7.27,1
0.9167,12,11,492,12,4381.28,5,1,3,0.543,5,3.61,1
0.6842,19,13,186,12,6650.77,5,0,1,0.7156,7,3.96,1
0.8667,15,13,322,7,4677.55,6,1,2,0.4057,6,8.62,1
0.725,40,29,161,9,3574.95,3,1,2,0.7315,8,5.98,1
0.8947,38,34,354,15,6155.24,4,1,4,0.3516,8,3.64,1
0.4324,37,16,452,14,4472.25,5,1,2,0.5936,8,4.04,0
0.5556,27,15,270,5,5248.8,5,1,2,0.358,6,4.67,1
0.6,15,9,550,9,6877.88,6,1,4,0.4314,5,3.37,1
0.3,20,6,616,11,3366.35,4,1,3,0.3817,4,3.08,1
0.6111,18,11,500,19,3937.61,6,0,1,0.501,6,3.06,0
0.4848,33,16,571,5,3955.74,5,0,1,0.5195,7,1.68,1
0.7647,34,26,125,7,2990.76,3,1,3,0.5396,8,3.38,1
0.72,25,18,167,6,2926.98,3,0,1,0.7837,8,5.51,1
0.5484,31,17,130,15,1903.86,3,1,3,0.3832,5,2.74,0
0.9286,14,13,709,25,2822.88,5,1,3,0.4038,8,3.74,1
0.8108,37,30,396,27,4141.06,6,1,2,0.5395,8,4.04,1
0.5161,31,16,610,10,2335.66,5,0,1,0.377,4,3.27,1
0.9286,14,13,124,17,5040.41,4,0,1,0.4945,6,4.79,1
0.381,21,8,402,7,8110.57,5,1,2,0.2712,4,3.73,0
0.6296,27,17,383,28,2955.99,6,1,3,0.3843,7,3.58,0
0.8696,23,20,767,6,2873.85,4,0,1,0.7571,8,2.98,0
0.7619,21,16,138,5,5731.53,2,1,2,0.2301,8,2.31,1
0.8148,27,22,308,6,2600.28,3,1,3,0.671,8,3.1,1
0.8,35,28,659,9,2843.67,2,0,1,0.7715,8,4.54,0
0.6429,14,9,706,15,4085.18,6,1,2,0.3987,5,3.65,0
0.8214,28,23,508,15,5574.24,6,0,1,0.444,8,3.11,0
0.8438,32,27,230,21,2152.25,4,0,1,0.6435,8,3.42,0
0.5,14,7,169,6,7825.57,4,0,1,0.6561,6,2.06,0
0.76,25,19,732,3,2830.39,4,0,1,0.4765,7,5.29,1
0.7368,19,14,652,17,2329.49,3,0,1,0.3854,5,2.83,0
0.8421,19,16,589,9,6320.12,4,1,4,0.7764,6,3.49,1
0.7931,29,23,576,11,4214.4,5,0,1,0.7189,8,1.59,0
0.4783,23,11,147,6,3301.46,4,1,4,0.4114,5,6.33,0
0.8421,19,16,551,15,5420.29,6,0,1,0.2648,8,2.4,0
0.6087,23,14,348,5,3491.4,4,1,3,0.4923,5,2.82,1
0.6,15,9,242,4,2992.67,2,0,1,0.7146,2,2.59,0
1.0,20,20,509,11,2909.85,4,0,1,0.7548,6,3.03,1
0.8529,34,29,615,10,4903.7,3,1,3,0.6153,8,5.86,1
0.6667,27,18,293,18,2371.45,2,0,1,0.4435,3,2.93,0
0.225,40,9,441,13,3764.28,6,0,1,0.7065,7,4.46,0
0.7436,39,29,561,34,3466.52,4,1,3,0.4577,8,2.36,0
0.8065,31,25,220,8,5960.96,4,1,2,0.5288,8,5.49,0
0.7222,18,13,574,16,4360.46,4,0,1,0.3354,6,5.58,0
0.7222,36,26,354,11,3103.21,3,0,1,0.7032,8,2.14,0
0.7143,14,10,703,14,3056.11,3,1,3,0.5288,6,4.04,1
0.6774,31,21,100,6,3057.02,3,1,2,0.5669,7,3.64,1
0.2143,14,3,391,15,3461.55,4,0,1,0.2216,3,2.49,1
0.84,25,21,104,19,4283.38,6,1,4,0.7082,8,2.01,1
0.8966,29,26,711,10,2472.42,4,1,3,0.6675,8,4.39,1
0.7027,37,26,483,32,7160.81,6,0,1,0.3574,6,3.11,0
0.8276,29,24,258,16,4362.16,4,0,1,0.2637,8,4.23,1
0.3571,14,5,602,14,5420.91,5,0,1,0.4405,3,3.87,1
0.5862,29,17,338,18,1923.94,2,1,2,0.2518,6,5.49,1
0.6389,36,23,695,30,2662.83,4,1,4,0.6752,8,3.83,1
0.5946,37,22,161,6,6277.88,6,1,4,0.4018,8,4.95,0
0.8462,26,22,652,13,5089.49,6,1,2,0.3711,7,2.67,1
0.9048,21,19,266,4,2504.93,2,1,2,0.2753,8,4.72,1
0.4444,27,12,373,12,4601.84,3,0,1,0.3623,4,2.07,0
0.0,6,0,344,17,1576.67,1,0,1,0.1099,0,0.0,0
0.2222,27,6,632,38,1966.18,3,0,1,0.0123,0,14.4,0
0.0667,15,1,953,31,2173.88,2,0,1,0.0637,1,11.65,0
0.1538,13,2,321,21,1957.73,1,0,1,0.3038,0,15.95,0
0.0909,11,1,226,19,2536.96,2,0,1,0.0592,1,22.79,0
0.0909,11,1,456,19,1414.37,1,0,1,0.1741,0,13.03,0
0.1613,31,5,833,33,2072.51,1,0,1,0.226,0,15.66,0
0.0,11,0,283,41,2443.27,2,0,1,0.0409,0,0.0,0
0.0714,28,2,562,24,2826.38,2,0,1,0.1627,1,11.62,0
0.0,12,0,657,25,2273.32,2,0,1,0.4109,0,0.0,1
0.0,8,0,231,43,1698.39,1,0,1,0.2419,0,0.0,0
0.25,8,2,343,15,1665.12,1,0,1,0.2984,1,9.93,0
0.0,10,0,727,11,750.38,1,0,1,0.1151,0,0.0,0
0.125,8,1,826,19,1309.15,1,0,1,0.1898,0,17.88,0
0.1538,13,2,239,22,1932.12,2,0,1,0.103,0,18.46,0
0.0,14,0,694,13,1882.56,1,0,1,0.1889,0,0.0,1
0.1,20,2,866,24,1849.92,2,1,2,0.0603,0,24.18,0
0.05,20,1,400,11,1616.28,1,0,1,0.3104,0,12.86,0
0.1,10,1,740,29,1648.57,2,0,1,0.0668,1,16.89,0
0.6,5,3,794,23,3446.39,2,1,2,0.256,0,17.46,1
0.2778,18,5,457,28,1021.27,1,0,1,0.0601,2,14.61,0
0.0667,15,1,454,32,2424.31,2,0,1,0.2357,0,17.23,0
0.0,23,0,905,17,1108.37,1,0,1,0.0302,0,0.0,0
0.0741,27,2,343,30,2326.73,1,0,1,0.3018,1,20.89,0
0.0,19,0,276,11,2254.54,2,0,1,0.1393,0,0.0,0
0.3182,22,7,325,23,2106.42,1,0,1,0.1752,2,11.56,0
0.1538,13,2,288,24,3106.76,3,0,1,0.1505,0,15.93,0
0.1053,19,2,914,46,1163.2,1,0,1,0.1684,1,11.92,0
0.0625,16,1,949,13,2868.31,3,1,2,0.0269,1,13.46,0
0.3571,14,5,371,10,2298.15,2,0,1,0.2132,0,13.2,0
0.2667,15,4,993,17,1246.09,1,0,1,0.2054,0,27.46,1
0.0,18,0,510,18,1358.92,2,0,1,0.068,0,0.0,0
0.8571,7,6,305,14,2132.15,2,0,1,0.3127,1,25.49,0
0.0,14,0,603,26,1515.68,3,1,3,0.1107,0,0.0,0
0.0571,35,2,692,23,879.58,1,0,1,0.1113,0,12.73,0
0.4,10,4,236,44,2235.23,2,0,1,0.1074,0,17.63,0
0.0,14,0,507,28,1909.65,2,0,1,0.2271,0,0.0,0
0.2,5,1,404,32,2025.66,1,0,1,0.076,0,22.46,0
0.0,15,0,909,31,890.23,1,0,1,0.1107,0,0.0,0
0.1333,15,2,398,46,1184.46,1,0,1,0.0575,1,9.88,0
0.3333,9,3,816,11,2775.47,1,0,1,0.1317,1,6.33,0
0.0,21,0,789,15,2018.9,2,1,2,0.2227,0,0.0,0
0.1,10,1,510,30,1641.93,2,0,1,0.2482,1,23.27,0
0.4286,7,3,503,26,1399.77,1,0,1,0.1447,0,26.35,0
0.0556,18,1,834,20,1375.63,2,0,1,0.1574,0,8.88,0
0.1818,22,4,799,30,2171.28,2,0,1,0.0622,0,21.29,0
0.3,10,3,501,17,1277.75,1,0,1,0.1046,1,19.79,0
0.0,7,0,983,28,3166.31,1,0,1,0.5198,0,0.0,1
0.0,16,0,434,28,1226.29,2,0,1,0.1592,0,0.0,0
0.25,8,2,552,14,1645.32,2,1,2,0.2681,0,9.6,1
0.1765,17,3,624,15,1367.35,3,0,1,0.192,1,27.58,0
0.1538,13,2,947,9,1615.03,2,1,2,0.1201,0,20.96,0
0.0,13,0,937,10,1648.66,2,0,1,0.1663,0,0.0,0
0.0,13,0,360,15,1248.16,1,0,1,0.2375,0,0.0,0
0.037,27,1,506,28,1299.92,2,0,1,0.1835,0,11.22,0
0.3182,22,7,811,20,2190.27,2,0,1,0.0623,1,26.72,0
0.1667,24,4,836,23,893.89,1,0,1,0.1521,2,18.01,0
0.1111,9,1,958,19,1514.19,2,0,1,0.013,0,14.47,0
0.0,10,0,746,13,1760.41,2,0,1,0.424,0,0.0,0
0.4118,17,7,706,17,2443.54,3,0,1,0.0596,0,14.21,0
0.0,14,0,247,19,2694.97,3,0,1,0.2731,0,0.0,0
0.375,8,3,672,18,1112.15,2,1,2,0.1181,0,45.8,0
0.0,11,0,338,15,1044.06,1,0,1,0.292,0,0.0,0
0.0,11,0,992,20,1304.04,2,0,1,0.0406,0,0.0,0
0.0714,14,1,894,20,2739.01,1,0,1,0.3003,0,13.35,1
0.0,5,0,336,44,994.6,1,0,1,0.1148,0,0.0,0
0.087,23,2,259,36,2074.32,3,0,1,0.0986,1,14.19,0
0.0,8,0,232,21,2014.64,1,0,1,0.0868,0,0.0,0
0.1333,30,4,569,26,1988.0,2,0,1,0.0257,1,27.45,0
0.3158,19,6,560,31,3619.68,3,0,1,0.0285,1,24.28,0
0.1429,7,1,399,23,2781.47,3,1,2,0.1503,0,21.34,0
0.0455,22,1,570,15,1087.68,1,0,1,0.0792,0,16.16,0
0.0,7,0,370,36,1967.8,1,0,1,0.2566,0,0.0,0
0.0,15,0,505,24,2406.02,3,0,1,0.1573,0,0.0,0
0.2222,9,2,592,30,1107.99,1,0,1,0.2456,0,12.85,0
0.0,7,0,583,18,1795.86,1,0,1,0.0925,0,0.0,0
0.0,8,0,783,19,1599.9,2,1,2,0.1706,0,0.0,1
0.1429,14,2,447,27,1506.63,1,0,1,0.0153,0,15.46,0
0.0,9,0,714,32,2249.42,3,0,1,0.1036,0,0.0,0
0.4,5,2,889,27,1581.34,1,0,1,0.0422,0,35.42,0
0.3158,19,6,250,42,1547.65,1,0,1,0.2395,1,15.84,0
0.2222,9,2,711,8,2792.27,2,0,1,0.2405,2,20.62,0
0.25,24,6,561,14,2381.46,3,0,1,0.1201,0,37.4,0
0.3929,28,11,735,26,2347.47,3,0,1,0.2324,1,21.41,1
0.0909,11,1,181,21,1947.84,1,0,1,0.2424,1,12.03,0
0.25,4,1,931,19,931.44,1,0,1,0.1243,0,11.79,0
0.25,16,4,207,12,1707.45,2,0,1,0.0555,0,17.63,0
0.0667,30,2,759,20,935.65,1,0,1,0.0677,0,30.11,0
0.4286,14,6,485,17,1128.78,1,0,1,0.0705,0,12.97,1
0.0,6,0,457,22,1226.08,1,0,1,0.3328,0,0.0,0
0.1111,9,1,258,38,2301.93,1,0,1,0.0597,0,26.35,0
0.0541,37,2,235,32,1622.12,1,0,1,0.0534,1,15.01,0
0.2,10,2,709,24,1388.57,1,0,1,0.3584,0,17.21,0
0.2857,7,2,317,28,2848.09,2,0,1,0.0472,0,12.99,0
0.0833,12,1,966,25,878.61,1,0,1,0.2387,1,22.86,0
0.1667,18,3,927,20,2451.14,1,0,1,0.1641,0,16.63,0
0.0,7,0,589,8,1530.12,1,0,1,0.0257,0,0.0,0
0.0625,16,1,529,22,2612.39,3,0,1,0.3049,1,45.03,0
0.0526,19,1,243,19,1482.48,1,0,1,0.2383,0,18.12,0
0.2,10,2,206,18,1622.09,3,0,1,0.0935,0,18.22,0
0.1667,12,2,572,12,987.1,1,0,1,0.142,1,15.72,0
0.3,10,3,907,14,1329.28,1,0,1,0.0989,1,24.74,0
0.4286,14,6,389,51,1319.9,1,0,1,0.1024,3,8.23,0
0.25,20,5,881,25,1496.03,2,0,1,0.1657,0,23.09,0
0.0,6,0,623,10,1475.28,2,0,1,0.0826,0,0.0,0
0.3333,6,2,801,22,1300.49,1,0,1,0.0822,0,15.12,0
0.125,16,2,946,54,1897.37,1,0,1,0.0702,0,15.9,0
0.0556,18,1,308,17,1709.73,2,0,1,0.2292,0,35.58,0
0.0,4,0,207,34,1347.77,1,0,1,0.0891,0,0.0,0
0.0476,21,1,957,31,2146.31,2,1,2,0.0329,0,17.1,0
0.5,24,12,319,9,1743.12,1,0,1,0.1451,1,23.81,0
0.0909,22,2,960,19,1538.96,1,0,1,0.1873,0,8.78,0
0.3889,18,7,851,20,2228.46,1,0,1,0.2641,0,12.21,0
0.0769,13,1,258,42,2963.97,3,0,1,0.2503,0,9.31,0
0.0909,11,1,741,13,835.43,1,0,1,0.3216,0,14.2,0
0.0357,28,1,407,27,886.06,2,0,1,0.1617,0,20.22,1
0.0,8,0,657,17,2255.06,2,0,1,0.0375,0,0.0,0
0.0,5,0,609,18,3017.29,1,0,1,0.1006,0,0.0,0
0.1667,12,2,703,28,1635.45,1,0,1,0.0837,0,15.46,0
0.25,8,2,640,9,1804.43,2,0,1,0.0691,0,16.14,1
0.4,10,4,399,25,1548.12,1,0,1,0.0158,1,13.32,0
0.1429,14,2,736,31,1983.44,1,0,1,0.0413,0,19.03,0
0.25,12,3,248,32,1652.34,1,0,1,0.2121,1,18.7,0
0.1818,11,2,912,22,1520.74,1,0,1,0.2549,0,12.71,0
0.1923,26,5,366,52,1456.17,1,0,1,0.1822,0,29.75,0
0.2,10,2,303,28,3372.31,1,0,1,0.1565,1,19.39,1
0.375,8,3,888,12,2877.91,3,0,1,0.2058,0,13.17,1
0.125,8,1,395,21,1734.57,2,0,1,0.3222,0,24.72,0
0.05,20,1,236,23,4093.01,2,0,1,0.0795,0,31.03,0
0.1429,28,4,654,34,2202.79,2,0,1,0.211,1,21.49,0
0.0,10,0,473,36,1518.7,2,0,1,0.2045,0,0.0,0
0.1176,17,2,512,11,1689.13,1,0,1,0.2329,0,12.01,1
0.0556,18,1,286,19,1548.95,2,0,1,0.1551,0,10.69,0
0.1071,28,3,754,62,1516.58,1,0,1,0.4661,0,13.11,0
0.0,9,0,639,19,2074.57,1,0,1,0.2743,0,0.0,0
0.0,6,0,763,14,3697.38,3,0,1,0.0857,0,0.0,0
0.25,20,5,454,9,1075.34,1,0,1,0.1547,1,21.06,0
0.3846,13,5,347,14,2756.53,3,0,1,0.3021,0,18.73,0
0.0,14,0,317,17,3616.77,2,0,1,0.1765,0,0.0,0
0.3333,9,3,943,29,1129.36,2,0,1,0.097,1,15.45,0
0.1111,9,1,639,47,1674.77,3,0,1,0.0517,0,40.03,0
0.25,12,3,240,39,1776.1,2,1,2,0.2555,2,28.89,0
0.1034,29,3,493,17,890.96,1,0,1,0.1153,1,16.93,0
0.2857,7,2,817,42,1464.48,1,0,1,0.171,0,40.64,0
0.2222,18,4,458,26,1721.15,1,0,1,0.1674,0,12.83,0
0.0,6,0,413,27,1270.54,1,0,1,0.0403,0,0.0,0
0.0556,18,1,964,51,1528.34,1,0,1,0.2351,0,18.96,0
0.0,29,0,995,46,2755.01,3,0,1,0.19,0,0.0,0
0.1111,9,1,929,41,1234.33,1,0,1,0.189,0,24.16,0
0.2121,33,7,667,20,1417.82,2,0,1,0.3142,1,9.4,0
0.0714,14,1,642,14,1124.44,1,0,1,0.0477,0,12.88,0
0.2222,9,2,822,31,1157.89,1,0,1,0.2158,0,6.41,0
0.0,6,0,534,44,1787.84,1,0,1,0.2615,0,0.0,0
0.1667,6,1,663,37,1422.89,1,0,1,0.3397,0,23.07,0
0.0303,33,1,217,16,1292.16,1,0,1,0.085,0,9.54,0
0.2,5,1,560,18,1711.64,2,0,1,0.1696,0,21.26,0
0.1429,14,2,199,18,2316.92,2,0,1,0.3122,0,21.73,0
0.0833,12,1,574,17,3897.97,3,0,1,0.2741,0,14.44,0
0.125,8,1,437,22,1170.48,1,0,1,0.1176,1,12.51,0
0.2143,14,3,592,17,1496.49,1,0,1,0.2675,0,13.0,0
0.0167,60,1,307,18,1905.85,2,0,1,0.1241,0,11.95,0
0.0,10,0,418,15,3244.51,3,1,2,0.4343,0,0.0,0
0.0667,15,1,479,21,1129.83,1,0,1,0.0516,0,11.49,0
0.1176,17,2,294,42,1576.1,1,0,1,0.1766,0,25.83,0
0.3333,15,5,908,19,1560.63,2,0,1,0.2232,1,22.29,0
0.0667,15,1,239,19,1583.68,2,0,1,0.0947,0,28.59,0
0.0588,17,1,341,11,1306.15,1,0,1,0.2104,0,15.2,0
0.069,29,2,701,21,2451.31,1,0,1,0.2527,0,13.83,1
0.0,9,0,820,13,1457.23,1,0,1,0.1974,0,0.0,0
0.1667,12,2,731,20,1354.0,1,0,1,0.0716,0,16.48,0
0.2308,13,3,885,38,1729.09,3,0,1,0.2041,0,16.98,1
0.1875,16,3,535,45,2205.49,2,0,1,0.1332,0,15.28,0
0.1667,30,5,205,14,900.11,2,0,1,0.1698,1,8.14,0
0.6,20,12,822,22,1276.73,1,0,1,0.4293,1,17.56,1
0.2,5,1,916,25,2876.33,2,0,1,0.1302,0,17.02,0
0.3846,13,5,787,25,1587.9,2,0,1,0.1126,0,18.6,0
0.1111,9,1,903,15,1753.54,1,0,1,0.16,0,20.42,0
0.0909,11,1,211,24,1785.76,1,0,1,0.0325,0,8.49,0
0.1875,16,3,963,17,1912.73,1,0,1,0.1117,0,31.81,0
0.1818,11,2,578,52,1094.89,2,1,2,0.1851,0,31.22,0
0.0,25,0,261,21,1664.09,2,0,1,0.2229,0,0.0,0
0.0,19,0,888,10,2567.3,2,1,2,0.2802,0,0.0,0
0.1905,21,4,751,23,2080.86,1,0,1,0.2781,0,21.06,0
0.5,8,4,651,13,2642.7,3,0,1,0.3069,0,12.29,0
0.25,20,5,322,48,1488.2,2,1,2,0.0336,0,16.14,0
0.0,3,0,661,24,1474.45,1,0,1,0.0641,0,0.0,1
0.0526,19,1,995,36,1651.48,2,0,1,0.2437,0,17.84,0
0.0714,28,2,985,23,1923.45,3,0,1,0.1105,0,19.54,0
0.069,29,2,660,46,2322.32,1,0,1,0.2634,0,24.76,0
0.1667,6,1,812,42,1932.74,1,0,1,0.213,0,28.83,0
0.2222,9,2,959,30,1179.43,2,0,1,0.0348,0,17.77,0
0.2759,29,8,440,31,1796.61,2,0,1,0.0879,0,14.53,1
0.0,20,0,226,18,1334.41,2,0,1,0.3477,0,0.0,1
0.2105,38,8,479,24,1570.59,2,0,1,0.1935,2,20.53,0
0.2,15,3,227,25,862.78,1,0,1,0.0852,0,12.78,0
0.2857,14,4,587,15,1867.6,2,0,1,0.1669,0,27.22,1
0.0,9,0,385,18,2282.62,1,0,1,0.1795,0,0.0,1
0.0,9,0,774,9,1524.61,2,1,2,0.0806,0,0.0,0
0.3077,13,4,685,27,2035.77,2,0,1,0.2195,0,22.16,0
0.2,60,12,325,36,816.77,1,0,1,0.0563,3,30.39,0
0.3333,12,4,523,26,1858.43,1,0,1,0.1282,1,17.1,1
0.0,33,0,849,16,1494.06,2,1,2,0.1464,0,0.0,0
0.0811,37,3,194,14,1521.33,1,0,1,0.454,1,17.39,0
0.0,7,0,860,16,1449.77,2,0,1,0.1241,0,0.0,0
0.4,5,2,774,14,1793.97,3,0,1,0.1572,0,27.9,0
0.0769,13,1,230,30,1087.32,1,0,1,0.0899,0,13.8,0
0.5,4,2,915,55,895.98,1,0,1,0.1557,0,17.33,0
0.0,13,0,476,28,2151.93,1,0,1,0.143,0,0.0,0
0.0769,13,1,627,31,2239.8,3,0,1,0.4132,0,47.58,0
0.1538,13,2,398,15,2900.76,2,0,1,0.1028,0,13.07,0
0.2353,17,4,394,6,3668.9,3,1,3,0.0989,0,25.55,0
0.0556,18,1,456,34,1310.92,1,0,1,0.026,0,24.53,0
0.2857,14,4,209,13,3549.28,3,0,1,0.1353,1,20.2,0
0.3846,13,5,602,17,1320.65,1,0,1,0.084,1,20.46,0
0.0,7,0,417,17,2643.16,2,0,1,0.0332,0,0.0,0
0.3529,17,6,555,16,3341.2,2,0,1,0.1993,1,18.04,0
0.05,20,1,425,24,1528.67,2,0,1,0.0997,0,48.86,0
0.2857,7,2,345,20,1312.44,2,0,1,0.1451,1,18.58,0
0.0556,18,1,489,18,1376.28,2,0,1,0.1439,0,20.2,0
0.1667,24,4,930,64,1114.27,1,0,1,0.2279,1,16.55,0
0.04,25,1,322,15,1529.86,2,1,2,0.3662,0,38.63,0
0.1667,12,2,797,25,2474.09,1,0,1,0.1009,1,10.63,0
0.0645,31,2,841,18,1319.41,1,0,1,0.163,0,16.71,0
0.0,28,0,472,19,1545.03,1,0,1,0.1168,0,0.0,0
0.2222,9,2,483,9,1233.93,1,0,1,0.1403,0,20.33,0
0.5,12,6,889,19,1238.1,1,0,1,0.3944,1,12.47,0
0.1429,7,1,349,22,1832.4,2,0,1,0.3733,0,14.44,0
0.3571,14,5,806,29,1696.58,1,0,1,0.1098,1,15.6,0
0.0833,24,2,890,20,1215.54,1,0,1,0.0611,0,22.25,0
0.0,5,0,502,11,2662.58,3,0,1,0.1083,0,0.0,1
0.3333,9,3,966,4,1356.93,1,0,1,0.0382,0,9.88,0
0.0,8,0,579,61,1378.78,2,0,1,0.3805,0,0.0,0
0.1429,21,3,864,17,2293.74,2,0,1,0.2446,1,13.74,0
0.25,16,4,678,15,2411.79,2,1,2,0.1717,0,32.65,0
0.0,13,0,376,20,1790.12,1,0,1,0.0289,0,0.0,0
0.1818,11,2,809,18,756.63,1,0,1,0.2264,0,17.15,0
0.1538,13,2,749,14,2805.71,2,0,1,0.3989,1,15.69,0
0.25,8,2,538,10,1647.31,1,0,1,0.0573,1,25.38,0
0.1,20,2,783,28,1525.43,2,0,1,0.1385,0,18.66,0
0.0185,54,1,980,44,1262.67,1,0,1,0.037,0,16.14,0
0.3333,9,3,302,47,1764.38,2,1,2,0.055,1,34.85,0
0.0,13,0,479,60,1807.62,2,0,1,0.0991,0,0.0,0
0.1429,7,1,690,30,3098.73,2,0,1,0.0831,0,11.39,0
0.3077,13,4,413,12,1782.14,1,0,1,0.0398,1,15.61,0
0.0,9,0,830,23,1657.43,3,1,3,0.153,0,0.0,1
0.0,6,0,633,32,2030.95,3,0,1,0.1131,0,0.0,0
0.0,18,0,794,30,1818.51,1,0,1,0.082,0,0.0,0
0.1333,15,2,910,17,1945.67,2,0,1,0.1923,0,11.52,0
0.2857,7,2,434,21,2666.06,3,0,1,0.1507,0,25.49,0
0.3333,12,4,675,15,2698.38,1,0,1,0.0876,0,29.94,0
0.0,5,0,786,24,2521.95,1,0,1,0.2362,0,0.0,1
0.0,7,0,429,16,1380.92,2,0,1,0.2386,0,0.0,0
0.125,16,2,831,30,1949.85,1,0,1,0.1977,0,24.34,0
0.25,4,1,537,20,1573.64,1,0,1,0.0863,0,31.51,1
0.1724,29,5,382,13,2254.67,1,0,1,0.1042,1,15.93,0
0.12,25,3,409,22,1395.24,1,0,1,0.1293,0,22.47,1
0.375,8,3,351,16,2260.01,2,0,1,0.0839,0,22.42,0
0.2,5,1,329,20,2260.66,2,0,1,0.1592,0,15.95,0
0.15,40,6,720,24,1348.85,1,0,1,0.1051,0,25.13,0
0.1111,9,1,694,15,1198.82,1,0,1,0.2079,0,13.92,0
0.1923,26,5,828,18,1856.3,1,0,1,0.0631,1,27.02,0
0.0588,17,1,925,19,1381.62,1,0,1,0.1006,0,32.33,0
0.0833,12,1,594,24,2402.54,2,0,1,0.2512,0,22.23,1
0.3125,16,5,292,35,1668.11,1,0,1,0.1204,0,18.18,0
0.3571,14,5,428,24,1826.72,2,1,2,0.2568,1,21.57,0
0.3478,23,8,319,17,1524.37,1,0,1,0.1745,2,12.85,0
0.0,4,0,191,28,1040.91,1,0,1,0.0431,0,0.0,0
0.0833,12,1,249,27,1658.5,1,0,1,0.1172,0,18.01,0
0.1667,6,1,766,10,1390.77,1,0,1,0.0139,0,33.45,0
0.1,10,1,943,24,3167.93,2,0,1,0.1602,0,15.49,0
0.1111,9,1,845,24,2953.7,1,0,1,0.0925,1,27.24,0
0.0476,21,1,431,17,1334.69,1,0,1,0.2532,0,18.36,0
0.0952,21,2,580,26,1198.21,2,0,1,0.1227,0,30.59,0
0.0,8,0,210,31,1129.9,1,0,1,0.0312,0,0.0,0
0.0,21,0,395,32,1594.1,2,0,1,0.2868,0,0.0,0
0.0667,15,1,700,23,1705.27,2,0,1,0.2478,0,21.32,0
0.3571,14,5,680,21,2267.65,1,0,1,0.1297,0,39.39,0
0.25,12,3,885,13,2240.46,3,0,1,0.1823,0,30.9,0
0.25,8,2,742,27,1729.38,1,0,1,0.3148,1,18.58,0
0.4545,11,5,621,50,2282.39,1,0,1,0.0417,1,12.6,0
0.1429,7,1,570,38,2203.42,2,0,1,0.2516,0,21.17,0
0.0,9,0,677,34,1921.7,1,0,1,0.1749,0,0.0,0
0.0769,26,2,994,13,3157.51,1,0,1,0.4282,0,25.09,0
0.0,33,0,504,35,1397.54,1,0,1,0.1037,0,0.0,0
0.1111,9,1,889,14,1146.67,1,0,1,0.2031,0,15.0,0
0.0,7,0,756,15,1680.76,1,0,1,0.0128,0,0.0,0
0.0385,52,2,354,27,1789.94,3,0,1,0.0868,0,19.82,0
0.35,20,7,566,12,954.53,1,0,1,0.1691,2,11.83,1
0.1053,19,2,790,20,2386.94,2,0,1,0.131,0,33.81,0
0.1765,17,3,805,22,1380.27,3,0,1,0.371,0,15.38,0
0.1429,14,2,249,11,2021.27,3,1,2,0.1091,0,15.35,1
0.0,18,0,793,17,1952.54,1,0,1,0.2292,0,0.0,0
0.0645,31,2,849,14,1661.88,2,0,1,0.1958,0,17.28,0
0.2,20,4,548,13,1620.57,1,0,1,0.0519,0,25.45,1
0.1842,38,7,576,39,1371.27,1,0,1,0.0124,0,22.22,0
0.0714,14,1,923,23,2227.16,1,0,1,0.1973,0,32.02,0
0.0,12,0,637,28,1758.61,1,0,1,0.2664,0,0.0,0
0.1111,18,2,663,28,1366.1,1,0,1,0.0964,0,17.24,0
0.125,8,1,748,31,3276.73,2,0,1,0.3322,1,12.61,0
0.2,10,2,582,38,1348.8,1,0,1,0.3654,0,10.12,0
0.0667,15,1,665,22,2221.8,1,0,1,0.1908,0,27.56,0
0.4286,7,3,764,26,1155.33,1,0,1,0.14,0,15.48,0
0.0,9,0,765,29,2588.99,2,0,1,0.029,0,0.0,1
0.2308,13,3,435,16,1254.09,1,0,1,0.0966,1,17.03,0
0.1538,13,2,394,49,1770.86,2,0,1,0.3057,0,8.52,0
0.5227,44,23,794,13,2625.36,2,1,2,0.0501,3,12.69,0
0.0,28,0,722,10,871.92,1,0,1,0.1006,0,0.0,0
0.0588,17,1,306,24,2338.78,1,0,1,0.1294,0,11.09,1
0.0357,28,1,268,23,1391.35,1,0,1,0.1243,1,13.38,0
0.1304,23,3,939,40,2573.34,2,0,1,0.0702,1,30.66,0
0.0,6,0,264,47,2652.25,1,0,1,0.0812,0,0.0,0
0.1429,35,5,213,47,1363.98,1,0,1,0.3622,0,25.13,0
0.0,15,0,196,22,2169.33,1,0,1,0.1139,0,0.0,0
0.2,15,3,383,14,4584.34,1,0,1,0.3004,0,11.49,0
0.0,14,0,588,27,1689.57,1,0,1,0.2309,0,0.0,0
0.0714,14,1,471,49,2502.5,2,1,2,0.1962,0,26.33,0
0.2143,14,3,236,31,1657.8,1,0,1,0.119,0,18.43,0
0.0667,15,1,933,28,1051.05,1,0,1,0.145,0,12.19,0
0.3143,35,11,200,29,1363.12,2,1,2,0.2502,2,15.57,0
0.4737,19,9,499,11,1880.43,2,0,1,0.0448,1,30.36,0
0.4167,12,5,301,19,2274.77,2,1,2,0.1277,0,15.1,0
0.0,9,0,415,35,2078.62,1,0,1,0.2651,0,0.0,0
0.6364,11,7,928,22,2503.07,1,0,1,0.2022,1,9.05,1
0.0,6,0,772,11,1505.24,1,0,1,0.2761,0,0.0,0
0.0526,19,1,475,26,2649.93,2,0,1,0.1021,0,14.71,0
0.2857,7,2,816,14,2218.62,2,1,2,0.2943,1,12.21,0
0.3333,15,5,866,16,1589.58,2,0,1,0.282,0,19.57,0
0.1,20,2,964,29,1548.12,1,0,1,0.1267,0,14.51,0
0.0,11,0,617,18,2359.69,2,0,1,0.104,0,0.0,0
0.2,10,2,436,43,1846.3,1,0,1,0.1414,0,17.99,0
0.129,31,4,199,22,1754.59,1,0,1,0.1304,0,15.79,0
0.0,20,0,698,15,1966.33,3,0,1,0.0613,0,0.0,0
0.0526,19,1,494,24,1259.64,1,0,1,0.3309,0,24.68,0
0.1818,22,4,405,32,1614.7,2,0,1,0.052,0,10.6,0
0.6667,6,4,201,40,1176.76,1,0,1,0.3553,0,17.83,0
0.0,10,0,780,16,1950.18,2,1,2,0.0471,0,0.0,0
0.069,29,2,712,16,1643.05,1,0,1,0.2442,0,15.16,0
0.1875,16,3,334,14,1022.81,1,0,1,0.4386,1,17.1,1
0.0,7,0,244,13,1784.4,1,0,1,0.2644,0,0.0,0
0.1667,6,1,779,27,2264.56,2,0,1,0.0237,0,22.31,0
0.0435,23,1,589,31,1072.98,1,0,1,0.1609,0,25.9,0
0.3478,23,8,388,24,1610.87,1,0,1,0.2254,4,20.19,0
0.2632,19,5,696,20,1470.53,1,0,1,0.0892,0,7.34,0
0.2778,36,10,969,29,2224.52,2,0,1,0.313,0,42.42,0
0.0,6,0,963,29,1379.43,1,0,1,0.2768,0,0.0,0
0.0714,14,1,716,15,2411.23,2,0,1,0.2904,0,13.05,0
0.0,7,0,788,21,2708.34,2,1,2,0.0102,0,0.0,0
0.4,10,4,560,28,1381.98,1,0,1,0.2156,0,13.34,1
0.0417,24,1,460,7,1182.72,1,0,1,0.1322,0,10.39,0
0.0435,23,1,771,8,2167.08,2,0,1,0.0507,0,19.33,0
0.4667,15,7,712,16,2174.62,2,0,1,0.1187,2,21.33,1
0.1429,21,3,622,36,2081.19,1,0,1,0.0582,0,11.47,0
0.1,20,2,238,58,1640.01,2,0,1,0.2108,0,23.01,0
0.0,7,0,265,23,2256.91,1,0,1,0.2132,0,0.0,0
0.0,6,0,504,20,1839.43,2,0,1,0.1095,0,0.0,0
0.1111,9,1,453,38,1530.91,1,0,1,0.0638,0,23.24,0
0.1818,11,2,399,27,2092.76,2,0,1,0.33,0,27.3,0
0.6,5,3,303,33,2026.76,1,0,1,0.4032,0,17.0,0
0.1333,15,2,533,12,1843.6,2,0,1,0.0579,0,38.71,0
0.0,5,0,731,17,1276.34,1,0,1,0.1716,0,0.0,0
0.1333,15,2,835,13,1869.75,2,0,1,0.0862,0,12.32,0
0.05,20,1,978,26,2625.37,2,1,2,0.135,0,18.26,0
0.3846,13,5,927,27,1929.28,3,0,1,0.2648,1,24.05,1
0.4,5,2,610,18,1245.47,1,0,1,0.1134,0,9.64,1
0.0,20,0,545,37,1548.87,1,0,1,0.2135,0,0.0,0
0.5,14,7,867,10,2213.48,2,1,2,0.1866,0,31.65,0
0.0625,16,1,737,37,1664.93,2,0,1,0.3107,0,18.25,0
0.5556,9,5,750,18,980.35,1,0,1,0.168,1,17.2,0
0.0465,43,2,740,12,2598.41,2,0,1,0.1755,1,19.27,0
0.4,10,4,585,48,2603.83,1,0,1,0.1902,0,31.91,0
0.2083,24,5,786,29,2440.11,1,0,1,0.0729,0,14.91,0
0.1053,19,2,875,35,1334.64,1,0,1,0.1797,2,25.78,0
0.0,14,0,701,28,1363.89,1,0,1,0.3831,0,0.0,0
0.0,10,0,408,14,2196.5,1,0,1,0.205,0,0.0,0
0.186,43,8,774,10,1475.57,1,0,1,0.1381,3,7.58,0
0.0,5,0,221,38,1574.81,2,0,1,0.1868,0,0.0,0
0.2308,13,3,582,12,1383.64,3,0,1,0.1221,0,11.45,0
0.2857,7,2,862,16,1257.21,1,0,1,0.1746,0,35.63,0
0.0,11,0,214,27,1226.51,1,0,1,0.1518,0,0.0,0
0.5,8,4,665,49,1086.38,1,0,1,0.4506,0,19.34,1
0.2,5,1,362,10,1790.84,1,0,1,0.0335,0,15.45,0
0.25,8,2,698,31,1308.39,3,0,1,0.0973,0,18.37,0
0.0769,13,1,501,35,937.58,1,0,1,0.1586,0,37.68,0
0.4286,7,3,746,29,2546.25,1,0,1,0.1182,0,22.42,0
0.1667,60,10,278,37,2872.14,1,0,1,0.0806,2,19.83,0
0.3684,19,7,494,15,2785.46,1,0,1,0.2193,0,20.96,0
0.1667,24,4,535,8,2072.16,1,0,1,0.401,0,10.73,0
0.2609,23,6,214,28,1890.04,2,0,1,0.394,1,25.71,0
0.25,8,2,343,14,1816.45,1,0,1,0.1694,0,22.11,0
0.4286,7,3,973,10,1953.29,2,0,1,0.0774,1,9.03,1
0.3,10,3,461,17,1732.09,1,0,1,0.5958,1,9.55,0
0.0,3,0,757,20,1356.64,1,0,1,0.3413,0,0.0,0
0.0,30,0,557,18,2043.11,2,0,1,0.0425,0,0.0,0
0.0,11,0,403,20,2349.48,2,0,1,0.1298,0,0.0,0
0.1154,26,3,872,26,1892.92,2,0,1,0.2397,0,18.03,0
0.1429,7,1,597,26,3098.6,2,0,1,0.4464,0,13.82,0
0.125,16,2,480,19,2048.21,1,0,1,0.3662,0,27.29,0
0.4,10,4,594,23,2215.38,3,1,3,0.17,1,42.16,0
0.5,18,9,282,14,2504.07,1,0,1,0.1586,1,18.22,0
0.1875,16,3,272,50,1180.06,1,0,1,0.3648,0,19.73,0
0.0,7,0,928,22,2406.12,2,0,1,0.1855,0,0.0,0
0.2778,36,10,267,37,1686.7,1,0,1,0.2384,0,11.85,0
0.2857,7,2,670,22,2251.02,2,0,1,0.0858,0,14.92,0
0.3333,18,6,652,9,1311.68,1,0,1,0.1635,0,9.01,0
0.25,8,2,450,34,1009.36,1,0,1,0.0263,0,28.77,0
0.0909,22,2,247,25,844.59,2,0,1,0.0654,1,33.9,0
0.0,12,0,776,8,1105.94,1,0,1,0.0225,0,0.0,0
0.2143,14,3,452,39,1219.41,2,1,2,0.2973,1,18.44,0
0.2647,34,9,885,30,2116.4,2,0,1,0.207,1,41.01,0
0.0625,16,1,193,68,1120.72,1,0,1,0.0817,0,13.54,0
0.0,14,0,774,25,2332.75,2,0,1,0.2093,0,0.0,0
0.375,8,3,611,10,1565.99,1,0,1,0.1171,0,19.47,1
0.1463,41,6,528,32,1799.74,1,0,1,0.2411,0,12.23,0
0.0938,32,3,511,28,901.51,2,0,1,0.1747,1,13.23,0
0.4615,13,6,227,28,1942.14,1,0,1,0.0978,0,12.32,1
0.125,8,1,660,18,1232.6,1,0,1,0.0984,0,12.57,0
0.2083,24,5,571,24,1742.28,1,0,1,0.5692,1,15.16,0
0.2353,17,4,395,28,942.21,1,0,1,0.1436,0,15.59,0
0.0,18,0,670,19,1181.66,2,0,1,0.0959,0,0.0,0
0.25,24,6,415,8,1068.39,1,0,1,0.0861,1,16.67,0
0.125,16,2,786,28,1628.04,1,0,1,0.1198,0,12.52,0
0.1316,38,5,819,33,1697.28,1,0,1,0.1012,1,27.72,0
0.129,31,4,386,15,1781.45,1,0,1,0.0187,1,27.2,0
0.0,14,0,360,16,1274.24,1,0,1,0.0401,0,0.0,0
0.2857,7,2,941,9,1832.59,2,0,1,0.132,0,18.47,0
0.2308,13,3,596,23,2283.8,2,0,1,0.1589,1,13.52,0
0.0,19,0,295,24,1195.16,1,0,1,0.1176,0,0.0,0
0.0714,14,1,855,20,2017.11,1,0,1,0.1852,0,19.29,0
0.125,8,1,769,20,1068.54,2,0,1,0.1227,0,25.67,0
0.1111,18,2,340,18,1563.98,2,0,1,0.2675,1,11.7,0
0.0,7,0,828,41,973.05,1,0,1,0.0932,0,0.0,0
0.25,12,3,301,7,1502.35,3,1,3,0.2488,0,32.01,0
0.625,16,10,687,20,1376.7,1,0,1,0.1354,0,21.86,0
0.5,20,10,185,26,1126.91,1,0,1,0.1023,1,18.8,0
0.0909,22,2,259,20,3778.74,2,0,1,0.1264,0,19.41,1
0.1765,17,3,530,42,1880.56,2,0,1,0.3668,0,12.66,0
0.2143,28,6,721,18,2518.15,1,0,1,0.1169,0,17.78,0
0.25,8,2,447,19,1589.83,2,0,1,0.2249,1,11.26,0
0.6364,11,7,820,42,2347.46,2,0,1,0.0613,1,26.63,1
0.08,25,2,677,29,3656.27,1,0,1,0.2681,0,21.14,0
0.3333,9,3,402,17,1072.03,1,0,1,0.4662,0,12.97,0
0.375,24,9,996,21,1420.93,2,0,1,0.106,0,28.63,1
0.0,6,0,347,35,2093.63,2,0,1,0.1198,0,0.0,0
0.1333,30,4,700,15,1188.56,1,0,1,0.0684,2,20.56,0
0.2632,19,5,474,17,1071.6,1,0,1,0.289,2,31.92,0
0.0,3,0,335,16,1880.21,2,1,2,0.3678,0,0.0,0
0.1333,15,2,602,30,1225.25,2,0,1,0.1725,0,19.95,0
0.1818,11,2,337,26,1235.41,1,0,1,0.0704,0,23.9,0
0.0,12,0,512,18,4159.49,3,0,1,0.1272,0,0.0,0
0.0,14,0,587,18,1817.81,3,0,1,0.0679,0,0.0,1
0.6,20,12,486,15,3782.66,4,0,1,0.0642,5,15.15,0
1.0,5,5,373,19,2390.43,1,0,1,0.3293,4,24.28,0
0.4615,13,6,147,11,1369.73,2,0,1,0.0908,3,23.69,0
0.2727,11,3,488,36,1586.2,3,1,3,0.2506,1,14.99,0
0.0667,15,1,430,18,1599.17,1,0,1,0.2532,0,9.25,0
0.65,20,13,188,25,2587.14,2,0,1,0.2373,3,6.83,0
0.4,5,2,508,19,516.46,1,0,1,0.5083,1,13.32,0
0.5294,17,9,273,25,2960.0,4,0,1,0.2659,3,16.31,0
0.3,10,3,122,18,1055.75,3,1,3,0.3116,1,21.68,0
0.2667,15,4,466,25,1591.33,2,0,1,0.6539,1,6.65,1
0.4,5,2,537,15,3213.74,5,0,1,0.2889,1,6.05,1
0.5294,17,9,425,7,1486.88,1,0,1,0.5237,4,10.6,0
0.2308,13,3,368,30,1811.78,2,0,1,0.3429,2,17.74,0
0.05,20,1,424,11,2662.98,4,0,1,0.4571,0,17.27,0
0.4211,19,8,481,59,3206.2,3,0,1,0.1601,2,6.01,0
0.5,10,5,381,13,3011.77,3,0,1,0.3912,2,9.05,0
0.0,15,0,513,5,2483.67,2,1,2,0.0727,0,0.0,0
0.4286,7,3,329,18,2395.33,4,0,1,0.2592,0,8.89,0
0.3,10,3,501,22,1136.63,1,0,1,0.3569,0,11.99,0
0.4,10,4,254,14,3139.24,3,0,1,0.3937,2,14.1,1
0.1667,6,1,286,23,1700.9,2,0,1,0.133,0,6.01,0
0.2,5,1,496,9,1973.19,2,0,1,0.2804,1,16.47,0
0.4,15,6,312,16,5964.9,3,1,3,0.2293,1,17.17,0
0.4,15,6,354,8,1363.57,2,0,1,0.3245,3,24.55,0
0.2857,7,2,488,5,3536.77,2,0,1,0.3319,0,15.56,0
0.3077,13,4,370,16,2850.17,3,0,1,0.2998,2,6.51,0
0.2,15,3,361,10,4151.33,2,0,1,0.334,1,19.5,0
0.5,20,10,231,17,3342.42,2,0,1,0.244,3,8.43,0
0.3333,18,6,456,10,1575.28,2,1,2,0.2008,2,21.62,0
0.75,8,6,509,14,1121.86,2,1,2,0.4702,2,9.8,0
0.5455,11,6,226,18,1321.73,3,0,1,0.5349,2,15.54,0
0.2,5,1,559,11,3800.29,3,1,2,0.2073,1,8.96,0
0.4615,13,6,186,12,1761.84,1,0,1,0.1175,2,6.24,0
0.3333,6,2,535,14,2780.31,5,0,1,0.2884,1,8.98,1
0.5714,7,4,504,20,3475.84,3,0,1,0.3832,2,20.68,1
0.0,6,0,211,41,2258.78,2,0,1,0.3401,0,0.0,0
0.1429,7,1,275,24,877.61,1,0,1,0.2896,1,17.75,0
0.2,15,3,378,8,1602.55,2,1,2,0.0782,0,16.17,0
0.0,5,0,371,35,1889.74,2,0,1,0.2828,0,0.0,0
0.25,8,2,490,12,4895.66,4,1,3,0.1863,0,12.32,0
0.6,15,9,196,8,2649.98,2,0,1,0.2099,3,21.11,0
0.1667,6,1,141,13,6750.07,5,0,1,0.2853,0,19.1,0
0.4286,14,6,449,20,1363.8,1,0,1,0.5842,4,17.35,1
0.8889,18,16,130,28,2101.46,2,1,2,0.4367,4,16.29,1
0.6364,11,7,304,42,4564.13,5,0,1,0.1746,4,6.06,1
0.8,20,16,191,11,2852.96,2,0,1,0.3025,6,15.03,0
0.4615,13,6,95,15,5014.37,4,0,1,0.6598,2,13.89,1
0.6429,14,9,365,20,7524.35,3,1,2,0.3932,3,19.72,1
0.125,8,1,285,10,3259.83,3,1,3,0.3924,1,23.31,1
0.5455,11,6,327,6,1669.23,2,1,2,0.4332,2,20.15,1
0.1875,16,3,422,24,3394.74,5,0,1,0.4427,0,5.76,0
0.4167,12,5,281,7,3589.41,3,0,1,0.4013,2,11.51,0
0.5789,19,11,126,44,3303.44,3,1,3,0.3498,6,9.71,0
0.4615,13,6,228,20,984.2,3,1,2,0.1547,4,15.3,0
0.1176,17,2,597,14,1825.58,1,0,1,0.2814,2,23.4,0
0.0,8,0,450,12,4450.13,4,0,1,0.6611,0,0.0,0
0.2222,9,2,232,10,2541.04,5,0,1,0.3444,0,23.7,1
0.5,6,3,479,18,2756.63,2,0,1,0.3764,1,18.48,0
0.3333,12,4,270,15,5792.66,3,0,1,0.386,3,20.79,0
0.2353,17,4,478,40,1242.27,1,0,1,0.4748,1,5.92,1
0.25,12,3,190,24,1413.22,3,0,1,0.1143,0,21.16,0
0.5833,12,7,120,31,826.95,2,1,2,0.4064,2,10.11,0
0.2941,17,5,500,7,4329.49,4,0,1,0.0796,3,9.78,0
0.0909,11,1,236,17,2515.18,3,1,3,0.4901,1,8.26,0
0.7895,19,15,208,52,2352.06,1,0,1,0.6315,4,21.73,0
0.0,5,0,449,20,2301.74,3,0,1,0.1861,0,0.0,1
0.0,7,0,174,20,3084.58,2,1,2,0.2009,0,0.0,0
0.1429,7,1,321,13,2755.12,3,0,1,0.3157,0,22.14,0
0.2857,7,2,379,16,3150.22,2,0,1,0.3144,0,7.78,0
0.0,8,0,92,9,785.45,2,0,1,0.1907,0,0.0,0
0.2105,19,4,189,15,2556.09,5,0,1,0.6317,0,5.61,0
0.375,8,3,419,24,2391.4,3,1,3,0.4269,1,16.99,0
0.4,10,4,272,19,1454.13,5,0,1,0.5104,0,11.96,1
0.0,5,0,434,25,6384.26,4,0,1,0.1671,0,0.0,1
0.0,16,0,138,12,3250.55,2,0,1,0.2071,0,0.0,0
0.4667,15,7,356,5,1770.37,1,0,1,0.2661,3,8.44,1
0.6,10,6,107,11,2211.03,3,1,3,0.3881,0,5.38,0
0.0,11,0,123,49,1351.14,1,0,1,0.1459,0,0.0,0
0.0556,18,1,308,21,1418.56,1,0,1,0.4466,0,5.44,0
0.6364,11,7,380,12,1223.0,1,0,1,0.2797,5,15.13,0
0.2941,17,5,499,19,1484.71,3,0,1,0.4959,2,6.68,1
0.0,15,0,202,25,4397.91,3,1,3,0.0902,0,0.0,0
0.0,12,0,310,30,1058.59,1,0,1,0.4372,0,0.0,0
0.6667,15,10,401,13,1461.38,3,0,1,0.1458,5,21.51,0
0.6842,19,13,569,35,2469.42,2,0,1,0.1312,7,20.41,0
0.6429,14,9,594,14,1648.93,2,0,1,0.2235,6,21.2,0
0.3333,18,6,252,7,2077.4,1,0,1,0.4728,2,12.16,1
0.3333,9,3,196,23,1960.14,2,0,1,0.3578,1,11.46,0
0.5,8,4,341,8,1407.7,1,0,1,0.2674,2,5.49,0
0.5,16,8,537,12,1008.98,2,0,1,0.5178,2,23.28,1
0.8571,7,6,232,12,2213.88,2,0,1,0.4087,3,16.63,1
0.5455,11,6,356,13,1730.33,3,0,1,0.2541,3,16.23,1
0.1111,9,1,262,21,1801.78,1,0,1,0.3071,0,13.54,0
0.7,10,7,184,11,1251.05,1,0,1,0.2236,2,6.95,0
0.3,10,3,326,15,2724.39,3,1,3,0.2266,1,8.72,1
0.0588,17,1,124,20,2643.72,3,0,1,0.1752,0,7.52,0
0.2222,9,2,100,45,2600.91,2,0,1,0.2772,0,12.92,0
0.5556,9,5,165,9,1476.26,1,0,1,0.1494,4,6.98,1
0.5294,17,9,586,16,2562.79,4,1,4,0.2442,5,9.76,0
0.0,9,0,592,21,1971.23,1,0,1,0.576,0,0.0,0
0.2143,14,3,532,23,2855.7,3,1,3,0.4484,0,7.53,0
0.0667,15,1,462,23,1111.19,2,0,1,0.1703,1,24.12,0
0.8333,12,10,446,18,3974.53,3,1,3,0.1709,1,22.58,1
0.5833,12,7,363,23,3778.0,5,0,1,0.2371,1,19.48,0
0.7778,9,7,273,11,2263.94,5,0,1,0.3852,1,9.44,0
0.125,16,2,557,12,2155.48,2,0,1,0.3632,1,5.52,0
0.4167,12,5,99,4,1736.51,2,0,1,0.2205,3,15.44,1
0.5,10,5,268,14,3011.08,3,1,2,0.1086,3,16.98,1
0.1667,12,2,364,22,2405.75,3,1,3,0.3407,0,8.31,0
0.3333,12,4,468,10,1624.23,2,0,1,0.418,2,18.42,0
0.7273,11,8,246,21,1131.7,2,0,1,0.2393,1,6.65,1
0.6667,6,4,143,43,2340.39,4,0,1,0.3411,1,19.3,0
0.4615,13,6,309,41,1156.01,3,1,3,0.4557,2,11.7,0
0.35,20,7,586,40,1433.95,1,0,1,0.4331,3,7.27,1
0.125,8,1,413,15,1522.15,2,1,2,0.5198,1,22.4,1
0.4,15,6,474,25,3967.59,2,0,1,0.2772,1,10.54,0
0.1053,19,2,473,42,1838.41,5,0,1,0.2359,1,17.61,0
0.8,15,12,116,13,3067.85,4,0,1,0.165,5,15.81,0
0.1,20,2,350,28,2436.55,2,0,1,0.3289,1,23.01,0
0.4545,11,5,397,5,3194.18,5,0,1,0.4811,2,23.64,0
0.4667,15,7,307,43,1554.99,1,0,1,0.3076,2,23.85,0
0.25,12,3,512,33,1596.45,2,1,2,0.164,0,6.47,0
0.0,8,0,364,22,1263.74,1,0,1,0.3438,0,0.0,0
0.3333,6,2,219,13,4458.3,4,1,3,0.499,1,13.51,1
0.15,20,3,312,41,2851.63,2,0,1,0.3286,1,9.44,0
0.0,0,0,14,14,1705.49,2,1,2,0.3694,0,0.0,0
0.0,1,0,51,38,2151.4,3,0,1,0.2381,0,0.0,1
1.0,2,2,53,16,2208.61,2,0,1,0.3716,0,14.58,0
0.0,0,0,25,25,1840.57,2,0,1,0.232,0,0.0,0
0.3333,3,1,54,32,3585.04,4,0,1,0.3018,1,5.47,0
0.5,2,1,37,13,3042.28,4,0,1,0.4657,0,22.52,1
0.0,0,0,43,43,2832.55,4,1,2,0.421,0,0.0,0
0.0,0,0,19,19,1717.91,1,0,1,0.5017,0,0.0,0
0.0,0,0,43,43,792.9,1,0,1,0.5048,0,0.0,0
0.0,1,0,19,18,1598.38,1,0,1,0.306,0,0.0,0
1.0,1,1,14,14,3363.63,3,1,3,0.3521,1,24.53,1
0.0,0,0,21,21,2576.86,1,0,1,0.4513,0,0.0,1
1.0,3,3,52,15,3761.53,5,0,1,0.2314,0,16.72,1
0.3333,3,1,56,9,2273.87,3,0,1,0.7736,0,23.14,0
1.0,2,2,60,19,1286.0,2,0,1,0.4456,2,7.18,1
0.0,0,0,36,36,1793.35,1,0,1,0.3589,0,0.0,0
0.0,0,0,17,17,2309.88,2,0,1,0.1671,0,0.0,0
0.0,3,0,12,10,2581.14,3,1,3,0.2133,0,0.0,0
1.0,1,1,37,27,4518.27,5,0,1,0.2312,0,9.5,1
1.0,2,2,48,11,1055.09,1,0,1,0.4425,1,17.83,1
1.0,3,3,54,7,2205.92,1,0,1,0.2072,1,22.43,0
0.0,1,0,18,12,2153.07,3,1,2,0.3122,0,0.0,1
0.3333,3,1,33,15,2026.19,3,0,1,0.1975,0,11.28,0
0.0,0,0,54,54,2324.29,2,1,2,0.2164,0,0.0,1
0.0,0,0,10,10,1232.02,2,0,1,0.2251,0,0.0,0
0.0,0,0,14,14,1466.82,1,0,1,0.37,0,0.0,1
1.0,1,1,44,22,4545.59,2,0,1,0.181,0,9.66,1
0.6667,3,2,12,12,1253.06,2,0,1,0.2974,0,13.44,0
0.5,2,1,43,43,1882.55,2,1,2,0.2362,1,22.6,1
0.0,1,0,22,17,2339.16,2,0,1,0.3517,0,0.0,1
0.0,0,0,39,39,1805.51,2,1,2,0.2207,0,0.0,1
0.0,0,0,34,34,3788.3,4,1,2,0.1834,0,0.0,1
0.0,3,0,52,13,3409.05,2,0,1,0.3388,0,0.0,0
0.3333,3,1,55,17,1747.37,2,0,1,0.1074,0,5.59,0
0.0,2,0,21,21,2834.55,2,0,1,0.2043,0,0.0,1
0.0,0,0,57,57,2727.26,2,1,2,0.2832,0,0.0,0
0.3333,3,1,22,10,1652.37,2,0,1,0.4262,0,22.12,1
0.0,1,0,43,16,1394.16,2,0,1,0.2008,0,0.0,0
0.0,0,0,17,17,1597.48,1,0,1,0.3898,0,0.0,0
0.5,2,1,32,28,1174.73,1,0,1,0.2031,1,16.01,0
0.3333,3,1,30,30,2575.23,2,0,1,0.6216,1,14.71,0
0.0,0,0,36,36,4727.58,4,0,1,0.4388,0,0.0,0
0.5,2,1,46,40,3901.07,4,1,4,0.1005,0,12.84,0
0.0,0,0,54,54,1373.77,1,0,1,0.4944,0,0.0,0
1.0,2,2,56,8,2957.25,4,1,4,0.4299,0,17.89,1
0.3333,3,1,48,14,1766.59,4,1,4,0.4714,1,15.94,0
0.0,1,0,50,21,1315.69,3,0,1,0.2832,0,0.0,0
0.5,2,1,1,1,2083.35,4,1,2,0.3524,0,10.62,0
0.3333,3,1,23,18,2137.93,4,0,1,0.1269,0,24.45,0
1.0,2,2,38,12,1583.83,1,0,1,0.5295,1,17.26,1
0.0,0,0,9,9,1565.34,2,0,1,0.3829,0,0.0,0
0.0,0,0,41,41,1296.18,3,0,1,0.3786,0,0.0,0
0.0,3,0,19,19,3042.87,3,1,2,0.2885,0,0.0,0
0.0,2,0,41,38,2848.21,4,1,4,0.2371,0,0.0,1
0.0,0,0,35,35,1890.17,2,0,1,0.2963,0,0.0,0
0.0,1,0,3,3,1607.24,3,0,1,0.3976,0,0.0,0
0.3333,3,1,55,11,4395.71,5,0,1,0.2144,0,18.2,0
0.0,3,0,8,8,1487.62,3,1,3,0.5056,0,0.0,0
0.5,2,1,52,7,1692.11,1,0,1,0.255,1,7.71,0
0.6667,3,2,60,10,1739.5,3,0,1,0.4387,1,8.22,0
0.0,2,0,54,11,2551.31,3,0,1,0.344,0,0.0,0
0.6667,3,2,21,14,2488.4,2,1,2,0.3411,1,12.57,0
0.0,0,0,2,2,2894.7,2,1,2,0.208,0,0.0,0
0.3333,3,1,8,8,4419.93,2,1,2,0.3444,0,24.69,1
0.0,2,0,29,12,2343.79,2,0,1,0.1485,0,0.0,0
0.6667,3,2,38,20,2158.89,1,0,1,0.7102,1,23.27,0
0.0,3,0,40,17,1257.21,4,0,1,0.3264,0,0.0,1
0.0,2,0,3,3,3479.76,4,1,2,0.4911,0,0.0,0
1.0,2,2,33,33,3977.54,2,1,2,0.3887,1,7.72,1
0.0,2,0,33,18,1340.63,2,0,1,0.5744,0,0.0,0
0.0,1,0,33,11,1193.08,1,0,1,0.2992,0,0.0,0
0.0,1,0,36,13,1084.06,2,0,1,0.2421,0,0.0,0
0.0,2,0,1,1,1137.41,3,1,2,0.3537,0,0.0,0
0.0,2,0,59,31,2935.77,5,1,2,0.1259,0,0.0,1
0.5,2,1,29,14,1471.55,5,0,1,0.1754,0,18.71,0
0.0,1,0,51,24,3124.58,4,0,1,0.3146,0,0.0,1
0.0,1,0,46,34,2878.62,4,0,1,0.4081,0,0.0,0
0.5,2,1,10,10,1093.79,2,0,1,0.4445,0,12.48,1
0.0,0,0,22,22,2294.17,3,1,3,0.425,0,0.0,1
0.6667,3,2,25,25,1326.02,2,0,1,0.5529,1,20.55,0
0.0,2,0,22,13,2610.05,3,0,1,0.4434,0,0.0,0
0.0,2,0,21,16,1231.6,1,0,1,0.1836,0,0.0,0
0.0,0,0,12,12,1548.94,3,1,2,0.2523,0,0.0,0
0.6667,3,2,25,21,995.96,1,0,1,0.2363,0,5.69,1
1.0,1,1,58,26,4778.11,5,1,2,0.2043,0,13.07,1
0.0,0,0,42,42,1142.06,1,0,1,0.2505,0,0.0,1
0.0,1,0,46,6,3830.32,3,1,3,0.4149,0,0.0,1
0.5,2,1,50,21,2642.09,1,0,1,0.1222,1,24.22,0
0.0,0,0,7,7,5527.18,4,0,1,0.2133,0,0.0,0
0.0,0,0,55,55,2558.25,1,0,1,0.2812,0,0.0,0
0.3333,3,1,22,22,2145.0,2,0,1,0.183,0,10.09,0
0.0,0,0,58,58,1478.71,2,0,1,0.1412,0,0.0,0
0.5,2,1,20,15,2851.51,2,0,1,0.362,0,16.22,0
0.5,2,1,31,11,3152.87,5,0,1,0.3254,0,5.06,1
0.0,0,0,33,33,8021.78,5,0,1,0.4729,0,0.0,1
1.0,1,1,45,34,2915.96,3,0,1,0.3835,0,12.44,0
0.0,1,0,58,18,1351.81,2,1,2,0.2809,0,0.0,0
0.5,2,1,24,17,2764.17,2,0,1,0.2228,0,13.57,0
0.0,1,0,29,7,3016.33,5,1,3,0.6916,0,0.0,0
0.3333,3,1,7,7,3940.97,1,0,1,0.306,0,12.7,0
0.0,1,0,31,17,1841.68,3,0,1,0.3479,0,0.0,0
0.6667,3,2,27,26,1491.59,1,0,1,0.5467,1,9.59,1
0.3333,3,1,45,10,1621.37,1,0,1,0.2553,0,17.91,0
0.3333,3,1,37,13,7211.6,5,0,1,0.2256,0,18.88,1
0.3333,3,1,7,7,1433.53,1,0,1,0.5103,0,7.56,0
0.0,0,0,31,31,1435.73,1,0,1,0.5786,0,0.0,1
0.0,3,0,19,6,3258.82,1,0,1,0.1737,0,0.0,0
0.0,0,0,24,24,2612.21,5,0,1,0.459,0,0.0,0
0.0,3,0,5,5,2748.71,2,0,1,0.4908,0,0.0,1
0.5,2,1,52,12,3105.79,5,0,1,0.2646,0,22.11,1
0.5,2,1,39,22,2536.78,3,0,1,0.3698,0,20.72,0
0.0,2,0,53,14,4779.1,4,1,4,0.3396,0,0.0,1
0.5,2,1,54,12,2593.31,3,0,1,0.2637,0,23.15,1
0.0,0,0,7,7,7234.31,5,0,1,0.4103,0,0.0,0
0.0,2,0,9,9,5243.72,5,0,1,0.3677,0,0.0,0
0.0,3,0,23,18,1637.71,3,0,1,0.1567,0,0.0,0
0.0,1,0,44,27,1330.07,1,0,1,0.2862,0,0.0,1
0.0,0,0,41,41,2558.49,2,0,1,0.4234,0,0.0,0
0.0,0,0,36,36,7289.2,4,0,1,0.0263,0,0.0,0
0.0,2,0,4,4,1634.93,1,0,1,0.312,0,0.0,0
0.0,2,0,24,14,1516.62,1,0,1,0.2508,0,0.0,0
0.0,2,0,52,11,2642.71,3,0,1,0.4373,0,0.0,1
0.6667,3,2,43,38,5290.56,4,0,1,0.226,0,21.41,0
0.0,1,0,22,22,1951.94,1,0,1,0.3525,0,0.0,0
0.0,1,0,23,13,1754.55,1,0,1,0.072,0,0.0,0
0.9615,26,25,439,4,3482.89,4,0,1,0.5481,8,3.11,0
0.6667,24,16,534,25,1511.54,4,1,4,0.5472,6,2.8,1
0.625,32,20,735,8,4070.86,4,0,1,0.4211,8,3.96,0
0.8,15,12,278,12,8189.71,5,0,1,0.8018,8,4.76,0
0.8462,13,11,365,10,2069.11,4,1,4,0.3572,7,4.3,1
0.5,36,18,128,8,5610.55,2,1,2,0.4718,8,3.72,1
0.6667,15,10,304,5,3641.96,4,1,3,0.5438,6,2.34,1
0.5,12,6,164,6,2193.35,3,1,3,0.6778,2,3.93,1
0.4545,11,5,334,14,6552.98,5,0,1,0.301,3,3.05,0
0.96,25,24,507,8,1749.77,4,1,4,0.6504,7,4.18,1
0.6667,36,24,245,4,2239.41,3,1,3,0.4849,8,2.43,1
0.5758,33,19,315,10,5760.52,3,1,3,0.5629,8,7.02,1
0.3158,19,6,490,7,3835.94,4,1,4,0.543,3,3.7,1
0.5,14,7,581,7,3668.99,3,0,1,0.4549,1,3.67,0
0.4286,14,6,677,13,1701.46,3,1,3,0.5869,5,4.66,0
0.6154,13,8,201,11,4612.37,4,1,2,0.39,6,3.36,1
0.8571,35,30,217,7,5226.44,4,1,2,0.2905,8,2.97,1
0.7586,29,22,634,15,4586.81,4,1,3,0.529,8,3.64,1
0.5714,28,16,423,13,6250.13,5,0,1,0.2933,6,2.9,0
0.5385,26,14,204,6,3502.6,3,0,1,0.4879,2,3.47,0
0.5882,34,20,629,12,3210.6,4,1,4,0.5297,8,1.68,1
0.5455,11,6,748,6,7204.23,6,0,1,0.2723,6,3.41,0
0.3913,23,9,618,7,1950.22,4,1,2,0.658,5,8.01,0
0.8889,18,16,782,7,1918.1,2,1,2,0.7692,8,4.15,1
0.6216,37,23,729,7,7824.81,5,1,2,0.7317,8,5.25,1
0.6842,19,13,343,17,6999.04,3,0,1,0.5661,2,2.21,1
0.4615,13,6,217,13,3561.27,4,1,4,0.5806,3,3.55,1
0.72,25,18,589,7,4299.18,4,1,4,0.4129,6,2.85,1
0.7368,38,28,520,10,3891.39,5,1,2,0.3683,8,2.27,0
0.9,40,36,368,16,4726.78,6,1,3,0.1611,8,2.69,0
0.7778,27,21,277,8,5076.15,5,0,1,0.4398,8,3.96,1
0.9231,13,12,493,7,6021.33,3,1,3,0.2671,4,2.51,1
0.6471,17,11,414,6,4870.35,3,1,3,0.4143,3,4.99,0
0.75,16,12,530,4,4937.0,3,0,1,0.6871,5,3.4,1
0.3,10,3,637,9,4499.79,6,1,3,0.5535,2,5.77,1
0.8158,38,31,452,15,4511.36,4,1,4,0.552,8,3.78,1
0.6053,38,23,306,5,3945.31,4,0,1,0.7265,8,2.56,0
0.4571,35,16,130,11,3937.58,2,0,1,0.5061,4,5.71,1
0.4474,38,17,789,7,6660.54,6,0,1,0.7865,5,2.29,1
0.6,30,18,745,8,4327.09,5,0,1,0.4298,7,3.48,0
0.6364,11,7,610,8,2422.18,4,0,1,0.6052,5,3.44,1
0.871,31,27,740,6,5178.98,4,1,2,0.3951,8,3.98,1
0.5152,33,17,502,11,2888.12,3,0,1,0.5451,8,3.06,1
0.48,25,12,718,19,2085.13,2,0,1,0.401,5,4.65,1
0.45,40,18,707,10,4174.17,6,1,3,0.6328,8,3.61,1
0.6538,26,17,717,11,6826.11,6,1,3,0.383,8,4.0,1
0.6429,14,9,219,11,4612.91,4,1,4,0.6515,7,4.23,1
0.7188,32,23,154,18,5898.67,4,1,4,0.3996,8,3.81,1
0.65,20,13,385,5,4864.82,5,1,4,0.5798,5,2.78,1
0.9444,18,17,611,8,3460.61,5,1,2,0.1437,8,2.64,1
0.875,24,21,799,6,5220.49,6,1,2,0.3959,8,2.11,1
0.6667,27,18,111,17,3167.51,5,0,1,0.2968,8,3.87,1
0.6667,12,8,349,6,2564.2,3,1,3,0.5749,6,3.09,1
0.4074,27,11,457,10,4166.86,4,1,4,0.751,7,2.29,1
0.6053,38,23,164,21,4379.43,3,1,2,0.2814,8,2.07,1
0.4545,11,5,354,20,4825.17,4,1,3,0.6753,2,2.45,1
0.4815,27,13,513,16,4178.15,5,1,2,0.2229,8,3.08,1
0.8,35,28,518,10,4813.48,4,1,4,0.6985,8,2.49,1
0.95,20,19,277,14,3345.67,3,0,1,0.5753,7,6.9,1
0.9474,19,18,173,17,4277.84,4,1,4,0.4503,8,2.72,1
0.4062,32,13,153,6,2746.28,4,1,3,0.5865,8,4.16,1
0.7727,22,17,210,16,3500.8,6,1,4,0.3874,6,2.91,1
0.7727,22,17,642,10,2987.85,3,0,1,0.441,8,2.91,0
0.9048,21,19,387,10,6708.29,6,1,4,0.5349,8,3.3,1
0.7778,18,14,514,12,2847.15,4,1,4,0.7864,6,3.14,1
0.8125,16,13,116,14,3108.06,3,0,1,0.6402,7,2.26,1
0.6923,13,9,548,9,4354.35,4,0,1,0.5188,6,2.69,0
0.4375,16,7,294,5,4763.6,3,1,3,0.5326,4,6.12,0
0.7143,14,10,544,13,2698.82,3,1,3,0.5257,6,4.77,1
0.5938,32,19,500,9,3670.16,4,1,4,0.7456,5,2.91,1
0.6364,11,7,777,5,12402.17,5,0,1,0.4982,5,5.13,0
0.5385,13,7,790,10,7396.17,6,0,1,0.3389,1,4.7,0
0.3182,22,7,253,7,3041.98,2,1,2,0.5114,6,3.2,1
0.8182,22,18,235,12,3468.52,4,1,2,0.2666,6,5.76,1
0.7143,14,10,726,11,4000.65,6,1,4,0.4532,5,3.03,1
0.9167,12,11,542,18,4047.95,4,0,1,0.3737,8,4.66,0
0.9091,33,30,338,13,4745.39,6,1,3,0.6851,8,2.31,1
0.7647,17,13,682,10,3474.4,6,1,2,0.5573,5,2.42,1
0.875,32,28,418,12,3238.76,2,0,1,0.3805,8,4.73,1
0.6875,16,11,507,10,4050.48,2,1,2,0.722,5,1.75,1
0.5217,23,12,687,8,5734.99,5,1,4,0.3017,6,4.29,1
0.6765,34,23,706,7,5232.17,3,0,1,0.5315,7,5.76,0
0.6,15,9,525,10,2372.3,3,0,1,0.419,6,3.33,1
0.7273,11,8,264,5,2686.32,2,1,2,0.7688,6,1.92,1
0.75,12,9,641,9,3649.92,3,1,3,0.628,5,4.26,1
0.6154,26,16,226,16,2660.02,3,0,1,0.5391,8,6.57,0
0.2222,18,4,334,13,3869.21,4,0,1,0.4983,4,2.65,0
0.5385,39,21,777,10,4532.66,4,1,2,0.4577,8,4.38,1
0.7714,35,27,631,7,4656.15,3,1,3,0.5011,8,4.58,1
0.8182,22,18,114,6,3587.91,6,1,4,0.6886,8,3.43,1
0.7,10,7,548,11,2425.63,4,1,2,0.4658,4,6.08,1
0.7097,31,22,240,19,2914.92,3,1,2,0.5485,5,2.64,1
0.7273,11,8,150,11,4154.58,4,1,2,0.519,5,4.08,0
0.8333,12,10,681,4,9358.5,6,0,1,0.1409,6,3.66,1
0.6429,28,18,151,12,9150.24,6,0,1,0.6033,8,2.68,1
0.75,28,21,131,6,1890.13,4,1,4,0.5345,8,3.35,1
0.6061,33,20,621,19,2293.99,2,0,1,0.3885,8,4.49,1
0.8148,27,22,577,9,4296.56,6,1,2,0.5595,8,3.39,1
0.8125,32,26,670,9,5063.01,2,0,1,0.5345,8,4.9,1
0.4,10,4,273,16,4024.81,3,0,1,0.6394,4,6.46,1
0.2857,21,6,271,13,4071.69,3,0,1,0.5231,4,6.72,0
0.4667,30,14,776,14,2441.82,6,1,2,0.4674,6,6.01,1
0.8,10,8,261,15,5358.66,6,0,1,0.4799,3,4.41,1
0.95,20,19,504,7,3501.42,4,1,3,0.6358,8,3.43,1
0.32,25,8,133,9,2817.73,4,0,1,0.5683,4,2.22,1
0.5484,31,17,304,16,2571.38,6,1,2,0.264,8,2.9,1
0.8,15,12,134,13,3563.05,4,1,2,0.7652,8,3.33,1
0.75,28,21,339,5,5623.21,3,1,3,0.5451,8,6.3,1
0.6875,16,11,766,7,3377.25,3,1,3,0.3717,5,4.05,0
0.6429,28,18,277,9,1687.66,2,0,1,0.7571,8,2.81,1
0.5263,19,10,126,5,3142.6,2,0,1,0.2255,3,3.63,1
1.0,15,15,286,9,2576.8,4,0,1,0.4558,6,3.35,0
0.5143,35,18,580,9,3699.66,4,0,1,0.33,8,5.66,0
0.4545,33,15,462,19,6421.09,4,1,4,0.6823,8,3.02,1
0.8214,28,23,132,17,3757.34,2,0,1,0.7004,8,5.35,1
0.9091,11,10,409,14,5558.1,6,1,2,0.6307,4,4.1,1
0.6471,17,11,121,8,5323.68,6,0,1,0.7139,5,4.03,1
0.6316,38,24,740,21,4963.82,3,1,2,0.3682,7,5.79,0
0.3529,17,6,236,12,5267.12,4,0,1,0.7925,5,5.3,0
0.675,40,27,648,7,7355.87,6,1,4,0.5552,8,3.29,1
0.7273,11,8,126,14,10207.13,6,1,2,0.2149,2,3.53,1
0.25,12,3,459,8,3216.27,2,1,2,0.725,3,3.41,1
0.6923,13,9,352,10,7455.25,5,1,3,0.5945,3,4.08,1
0.7429,35,26,684,6,5352.7,3,1,3,0.4104,8,5.33,1
0.5909,22,13,576,12,2739.01,4,0,1,0.501,7,1.67,0
0.8125,16,13,511,9,3276.27,6,1,2,0.6996,5,4.7,1
0.8824,17,15,774,9,3971.06,5,0,1,0.7024,5,4.46,0
0.725,40,29,138,5,4414.33,4,0,1,0.1908,8,6.1,1
0.6667,18,12,498,12,3391.43,5,1,3,0.3207,7,3.53,1
0.85,20,17,641,14,6338.8,6,1,2,0.6013,8,3.37,1
0.4242,33,14,145,8,4173.41,6,1,3,0.3141,5,2.56,0
0.8421,19,16,133,16,4352.0,3,1,3,0.559,8,1.49,0
0.65,20,13,340,8,2373.43,2,1,2,0.3959,3,3.6,0
0.4286,21,9,338,11,5946.54,6,1,3,0.3168,7,5.4,1
0.7143,14,10,437,10,5922.85,5,0,1,0.202,2,2.78,0
0.44,25,11,129,16,5880.25,3,0,1,0.3083,7,5.67,0
0.7,10,7,775,13,3531.03,6,1,4,0.6171,5,3.07,1
0.8378,37,31,298,11,4394.78,3,1,2,0.394,8,3.0,1
0.3333,30,10,144,15,8491.24,4,0,1,0.8129,5,8.23,1
0.5714,28,16,420,24,7450.64,4,0,1,0.6255,6,4.46,1
0.7,20,14,272,8,3116.61,3,1,2,0.4281,8,4.67,1
0.4091,22,9,244,6,3370.61,4,1,4,0.3078,7,4.32,1
0.5294,17,9,282,6,9612.5,3,1,3,0.6437,6,5.97,1
0.8919,37,33,270,16,3287.49,4,0,1,0.7,8,4.12,1
0.84,25,21,549,15,3224.46,2,0,1,0.4772,6,3.21,1
0.8,10,8,353,8,2376.51,2,1,2,0.4752,3,5.84,1
0.7632,38,29,619,18,2538.17,5,1,3,0.7771,8,6.7,1
0.7727,22,17,111,11,11200.83,6,1,4,0.7034,8,5.77,1
0.6486,37,24,730,32,4936.26,2,1,2,0.5207,8,3.63,1
0.6429,28,18,539,6,2232.19,3,1,3,0.3147,8,4.34,0
0.8095,21,17,389,18,3854.72,5,1,2,0.299,5,3.97,0
0.7059,17,12,207,7,1373.38,2,0,1,0.5402,6,5.06,0
0.6,35,21,201,13,3189.99,3,1,2,0.6719,6,3.77,1
0.6774,31,21,240,18,2647.17,4,1,4,0.6491,6,4.3,1
0.8919,37,33,242,8,5650.0,3,1,3,0.473,8,4.57,1
0.1481,27,4,237,7,2844.81,2,1,2,0.3591,2,3.95,1
0.5405,37,20,514,9,5782.18,2,1,2,0.3731,8,2.26,1
0.931,29,27,530,13,4236.87,3,0,1,0.3196,8,3.71,0
0.8462,13,11,668,14,3548.72,5,1,2,0.4566,7,3.75,1
0.425,40,17,286,7,4688.32,5,0,1,0.6035,6,4.7,0
0.6667,12,8,246,4,1810.13,3,0,1,0.5692,5,5.98,0
0.6,10,6,181,16,4705.97,5,1,3,0.4822,4,8.29,1
0.6,10,6,568,14,3692.92,2,1,2,0.5189,5,8.13,1
0.95,20,19,176,17,3639.9,3,0,1,0.3693,8,3.62,0
0.9,40,36,340,10,3388.7,3,1,3,0.3011,8,3.75,1
0.875,16,14,250,7,6385.37,4,1,2,0.5637,5,3.5,1
0.7222,36,26,512,8,3012.1,3,1,3,0.1302,8,5.14,1
0.7692,13,10,205,6,3026.74,2,1,2,0.4223,5,6.25,0
0.7692,13,10,225,10,4027.61,5,1,4,0.3384,7,4.48,1
0.8095,21,17,224,14,5432.18,6,1,3,0.314,5,5.43,1
0.7941,34,27,184,6,4241.0,2,0,1,0.7946,8,2.88,1
0.7826,23,18,776,23,4442.08,6,0,1,0.3322,7,5.41,0
0.6667,27,18,594,13,5469.8,6,0,1,0.5699,7,4.96,1
0.8462,13,11,356,14,4923.85,4,0,1,0.3485,5,4.16,0
0.4483,29,13,437,9,6111.59,4,1,3,0.5185,3,4.22,1
0.7143,28,20,278,5,2950.84,4,0,1,0.461,8,4.83,1
0.8571,28,24,539,19,4355.92,3,1,3,0.5023,8,2.87,1
0.25,12,3,403,9,4804.64,6,1,3,0.5335,2,8.05,0
0.5,16,8,412,14,5703.51,4,1,4,0.5823,6,2.06,1
0.3333,21,7,636,9,2375.75,3,1,2,0.2801,3,10.85,0
0.5161,31,16,552,6,3144.47,2,0,1,0.5201,8,2.36,0
0.6,15,9,342,7,2232.38,3,1,3,0.4873,5,2.99,1
0.7857,14,11,611,9,2368.25,2,0,1,0.5754,4,2.58,0
0.6,35,21,200,11,2861.57,5,0,1,0.5199,8,5.57,1
0.44,25,11,790,21,5663.13,6,1,2,0.3618,5,2.33,1
0.913,23,21,524,21,4267.35,2,0,1,0.5643,8,3.82,1
0.4333,30,13,512,7,2209.04,2,1,2,0.385,5,4.39,1
0.7895,38,30,683,10,3199.72,5,0,1,0.4394,8,3.19,0
0.5143,35,18,789,11,3209.36,3,0,1,0.2085,7,3.7,0
0.5833,24,14,415,11,3106.2,3,0,1,0.5633,7,3.58,0
0.475,40,19,614,11,2809.77,6,1,2,0.4592,7,2.42,1
0.4074,27,11,618,5,5686.7,5,1,2,0.4484,2,2.5,1
0.6,10,6,255,12,4011.54,3,0,1,0.3907,4,5.55,0
0.7826,23,18,746,6,2592.06,4,1,4,0.4579,5,5.22,1
0.75,12,9,738,16,4026.64,4,0,1,0.2108,5,5.67,0
0.8667,15,13,159,9,5236.51,4,1,4,0.7923,8,5.03,1
0.7857,14,11,522,12,3725.1,4,1,4,0.5295,3,4.38,0
0.6667,27,18,752,12,1511.01,3,0,1,0.4458,4,4.18,1
0.8824,17,15,351,8,2216.29,5,1,2,0.2179,6,2.54,1
0.6,20,12,430,8,3985.81,6,1,3,0.2275,5,3.7,1
0.8182,33,27,702,7,2699.83,6,1,4,0.4487,8,3.69,1
0.8667,15,13,180,12,5921.96,6,0,1,0.5876,6,3.21,0
0.6897,29,20,711,5,2810.18,3,0,1,0.8059,8,1.81,1
0.7273,22,16,498,7,8011.28,5,0,1,0.2473,8,2.87,0
0.7812,32,25,162,4,4251.17,6,0,1,0.6315,8,2.73,1
0.6667,12,8,190,10,3900.56,2,0,1,0.589,2,3.3,0
0.6667,18,12,144,12,3647.3,3,1,3,0.2679,5,3.66,1
0.8,10,8,519,10,2325.24,4,0,1,0.4384,2,2.56,1
0.7692,26,20,681,11,4169.84,5,1,4,0.6728,8,4.08,1
0.6071,28,17,215,7,2981.48,6,0,1,0.5342,2,3.57,0
0.375,32,12,200,17,5447.05,2,1,2,0.4471,5,3.34,1
0.3684,19,7,265,8,4844.3,3,1,3,0.6699,3,2.77,0
1.0,17,17,714,13,4569.76,3,0,1,0.3414,8,3.82,1
0.5938,32,19,463,13,4542.87,5,1,3,0.5093,7,3.54,1
0.8182,11,9,173,6,3041.99,2,1,2,0.3551,3,4.66,1
0.7391,23,17,307,6,5661.15,6,1,3,0.3825,6,3.7,1
0.7692,13,10,794,10,2092.33,5,0,1,0.1915,6,2.67,0
0.75,40,30,501,8,5703.03,6,1,3,0.6823,8,4.32,1
0.6667,24,16,337,6,4633.88,6,1,4,0.635,4,3.87,1
0.9231,26,24,154,6,2944.35,3,1,3,0.5825,8,4.61,1
0.1667,18,3,510,12,12391.93,5,0,1,0.4682,1,2.73,0
0.5714,14,8,681,25,4021.25,5,1,2,0.7278,5,2.48,1
0.4,20,8,506,6,2414.75,2,1,2,0.6068,3,1.83,1
0.8667,15,13,232,11,3100.84,3,0,1,0.6884,5,3.69,1
0.3846,26,10,711,6,4624.15,5,1,2,0.4707,5,3.1,1
0.7353,34,25,760,9,3116.84,5,1,2,0.6819,8,4.54,0
0.7727,22,17,798,12,4120.17,3,1,2,0.2464,8,1.2,1
0.7895,19,15,458,12,1961.83,2,0,1,0.5179,7,4.21,1
0.8519,27,23,164,18,8063.47,6,1,2,0.4297,8,2.67,1
0.6471,17,11,355,10,7554.25,6,1,2,0.5584,6,2.57,1
0.7143,28,20,233,7,4723.9,6,0,1,0.2527,8,3.45,0
0.6333,30,19,373,10,3038.83,6,0,1,0.7006,8,3.72,0
0.2381,21,5,793,7,5845.61,6,0,1,0.763,5,5.07,0
0.871,31,27,440,26,3063.13,5,1,4,0.3936,8,1.99,1
0.4,15,6,431,19,2520.76,5,0,1,0.6722,5,4.09,0
0.9,10,9,204,16,4112.21,4,1,2,0.5603,5,5.38,1
0.8,10,8,782,9,3596.44,4,1,2,0.6244,8,4.3,1
0.36,25,9,552,12,3084.64,4,1,4,0.4208,4,3.14,1
0.3889,36,14,197,15,4857.26,6,1,3,0.5022,7,2.77,1
0.6,15,9,109,10,4659.88,2,0,1,0.4994,4,4.48,0
0.6486,37,24,383,9,5114.44,5,0,1,0.5169,8,5.24,1
1.0,22,22,696,9,1279.46,2,1,2,0.366,8,1.81,1
0.7692,13,10,645,7,2724.25,4,0,1,0.686,8,3.3,0
0.5556,18,10,335,15,2533.1,2,0,1,0.3838,7,3.21,1
0.75,24,18,224,16,5003.78,6,1,3,0.6081,4,3.89,1
0.9118,34,31,170,9,2848.3,3,0,1,0.3631,8,4.24,1
0.7,40,28,227,7,3200.44,4,1,3,0.7817,8,4.04,1
0.375,24,9,358,9,3831.17,4,1,4,0.2195,3,5.48,1
0.8387,31,26,527,8,3120.41,6,1,3,0.3837,8,2.08,1
0.7143,21,15,471,9,2542.96,4,1,4,0.3911,8,2.11,1
0.7778,18,14,178,9,3154.62,3,0,1,0.3637,4,2.81,1
0.7647,34,26,568,11,1529.63,3,0,1,0.5904,8,3.71,1
0.7419,31,23,414,13,7262.83,6,0,1,0.4448,8,4.12,1
0.3636,11,4,694,11,2495.14,4,0,1,0.5838,2,3.49,0
0.75,16,12,575,5,2634.21,3,1,2,0.8375,5,2.97,1
0.5909,22,13,363,10,6917.1,6,1,2,0.8,7,5.51,0
0.9524,21,20,590,10,2986.67,5,1,2,0.6352,8,5.73,1
0.6522,23,15,181,15,5231.51,5,0,1,0.2707,8,1.5,0
0.4348,23,10,392,12,2648.26,3,0,1,0.3327,5,7.13,1
0.3,10,3,135,12,1925.86,2,1,2,0.4164,2,3.19,1
0.3462,26,9,689,6,3861.07,3,1,3,0.45,4,3.19,1
0.6944,36,25,510,18,3707.07,2,0,1,0.6295,8,3.83,0
0.65,20,13,231,8,6583.04,5,1,2,0.3903,6,2.69,1
0.9,10,9,144,13,4801.95,3,1,3,0.3054,3,6.09,1
0.7241,29,21,173,12,2663.18,4,1,2,0.8026,8,4.02,0
0.8889,18,16,596,5,3520.45,6,1,2,0.5021,6,2.77,1
0.8056,36,29,785,11,2320.89,5,0,1,0.381,8,3.86,0
0.7273,11,8,472,12,3001.07,5,0,1,0.7374,6,5.14,0
0.6364,22,14,410,10,5361.42,4,1,3,0.5921,6,3.26,1
0.3846,13,5,514,12,3765.81,4,1,3,0.5451,3,2.41,1
1.0,11,11,288,9,10178.27,6,1,2,0.2724,7,3.26,1
0.6,30,18,723,29,3872.76,3,1,2,0.3957,8,2.36,1
0.6923,13,9,502,14,2415.48,3,1,3,0.2649,6,6.46,0
0.575,40,23,357,12,3296.76,5,1,4,0.7082,3,3.34,1
0.6667,15,10,529,6,5390.09,5,1,3,0.6051,3,6.51,1
0.8,10,8,417,9,4221.77,5,1,4,0.6181,4,3.12,1
0.8571,14,12,397,11,3570.84,4,1,4,0.5729,4,2.15,0
0.6667,24,16,511,17,6147.16,2,1,2,0.7015,8,5.77,1
0.5769,26,15,118,8,2778.08,6,1,2,0.3486,8,3.07,1
1.0,37,37,182,9,5071.09,5,0,1,0.357,8,5.03,0
0.4815,27,13,448,9,2284.56,5,1,3,0.4016,7,3.44,0
0.9375,32,30,160,10,2566.14,2,0,1,0.4643,8,4.9,1
0.7143,21,15,294,5,4250.09,6,1,2,0.73,7,2.53,1
0.5263,19,10,267,12,6229.96,6,1,3,0.3121,5,4.76,1
0.7407,27,20,424,13,5297.74,3,1,2,0.3765,7,3.3,0
0.7895,19,15,715,21,5181.5,5,1,2,0.5996,8,4.21,1
0.5484,31,17,682,4,2825.35,5,1,2,0.3765,6,2.65,0
0.6571,35,23,193,5,3787.96,5,1,3,0.5144,8,5.52,0
0.9429,35,33,547,7,2776.76,2,0,1,0.7128,8,3.38,1
0.75,20,15,305,10,7418.27,6,0,1,0.6095,8,3.56,1
0.6061,33,20,764,9,3776.7,4,1,4,0.4705,7,2.54,1
0.8182,22,18,357,18,2685.73,2,0,1,0.619,8,1.93,1
0.825,40,33,800,13,1994.88,4,1,4,0.5283,8,1.86,1
0.2,15,3,298,9,3707.96,5,1,2,0.4805,3,2.46,1
0.4444,18,8,593,9,4106.78,3,0,1,0.6357,5,2.66,0
0.5714,35,20,446,6,4887.85,6,1,2,0.427,8,2.43,0
0.9,20,18,109,8,2482.26,2,1,2,0.5927,8,7.61,1
0.5625,16,9,623,18,7563.61,6,1,4,0.4421,4,3.57,1
0.88,25,22,777,8,2154.76,2,0,1,0.4695,8,4.01,1
0.8519,27,23,652,24,4893.7,3,1,3,0.6044,8,3.4,1
0.2143,14,3,664,16,1818.58,1,0,1,0.0786,0,25.65,0
0.25,12,3,492,15,1480.8,1,0,1,0.1541,1,20.21,0
0.0,7,0,278,30,2461.26,3,0,1,0.0679,0,0.0,0
0.1818,11,2,932,50,2477.23,1,0,1,0.1477,0,9.48,0
0.2857,21,6,287,21,1334.19,1,0,1,0.0899,0,19.55,0
0.2727,11,3,213,15,2314.87,1,0,1,0.1505,1,52.45,0
0.1176,17,2,479,27,1615.87,2,0,1,0.2098,0,20.67,0
0.1364,22,3,317,20,1890.32,2,0,1,0.1053,0,18.28,0
0.4444,9,4,429,30,1423.05,3,0,1,0.0545,0,19.65,0
0.12,25,3,918,9,1747.98,1,0,1,0.3245,0,20.98,0
0.4286,7,3,333,25,1043.28,2,0,1,0.2699,0,10.43,0
0.0625,16,1,675,9,1247.56,1,0,1,0.4481,0,14.15,0
0.6,10,6,871,20,1299.17,2,0,1,0.1228,1,18.49,0
0.0769,26,2,979,14,2419.59,2,0,1,0.1779,0,13.22,0
0.0,3,0,697,16,1627.33,1,0,1,0.5507,0,0.0,0
0.3636,11,4,424,40,1498.17,2,1,2,0.0396,1,14.22,0
0.0,14,0,814,23,2242.96,3,0,1,0.264,0,0.0,0
0.0,7,0,335,14,1523.04,2,0,1,0.2141,0,0.0,0
0.1765,17,3,442,10,1710.79,2,0,1,0.2954,0,19.18,0
0.6154,13,8,212,26,1460.21,1,0,1,0.1409,1,22.41,0
0.2,15,3,309,23,2596.42,3,0,1,0.2029,1,17.33,0
0.2,10,2,901,13,909.54,1,0,1,0.1069,1,26.46,0
0.0909,11,1,626,29,2174.01,2,0,1,0.1243,0,10.35,0
0.2,10,2,910,23,2060.4,1,0,1,0.1269,0,9.24,0
0.2222,9,2,638,6,1886.23,1,0,1,0.0712,0,19.71,0
0.0,6,0,324,23,1927.65,1,0,1,0.0497,0,0.0,0
0.0,10,0,223,32,1754.65,2,0,1,0.1671,0,0.0,0
0.2727,11,3,992,31,2184.31,1,0,1,0.1972,0,16.66,0
0.2571,35,9,352,20,1741.54,3,0,1,0.1127,1,22.24,0
0.2,5,1,180,25,2471.56,3,0,1,0.2095,0,27.23,1
0.0,18,0,430,19,2005.4,3,0,1,0.1413,0,0.0,0
0.1429,14,2,509,33,1031.95,1,0,1,0.1866,0,10.39,0
0.0952,21,2,520,20,1147.17,1,0,1,0.0614,0,15.65,0
0.2857,14,4,246,20,3284.82,1,0,1,0.2456,1,42.37,0
0.375,8,3,371,39,2637.2,1,0,1,0.2282,0,14.92,0
0.3333,18,6,736,44,1288.75,1,0,1,0.3333,0,19.12,0
0.0,13,0,743,17,993.64,1,0,1,0.1639,0,0.0,0
0.0625,32,2,661,18,1161.59,2,0,1,0.1204,0,24.14,0
0.1,10,1,393,19,1427.11,1,0,1,0.2822,0,24.49,0
0.0,7,0,732,16,1901.03,1,0,1,0.4113,0,0.0,0
0.1429,7,1,250,17,1887.3,2,0,1,0.1027,0,23.44,0
0.2667,15,4,618,22,2441.53,2,0,1,0.1543,0,17.46,0
0.4,5,2,409,27,1294.36,1,0,1,0.1459,0,15.32,0
0.1538,13,2,974,19,2292.61,2,0,1,0.1412,0,24.68,0
0.4444,9,4,938,39,1850.64,1,0,1,0.1938,1,12.85,0
0.15,20,3,950,22,1546.38,1,0,1,0.4954,0,12.0,0
0.2222,18,4,333,55,1715.63,1,0,1,0.3099,1,31.73,0
0.0,3,0,515,30,2593.47,2,0,1,0.1106,0,0.0,0
0.1852,54,10,600,27,1777.65,2,0,1,0.3637,0,7.91,0
0.0,10,0,946,23,1649.39,2,0,1,0.1196,0,0.0,0
0.0,8,0,602,20,1527.22,1,0,1,0.1422,0,0.0,0
0.15,20,3,283,18,1345.5,1,0,1,0.1758,0,43.07,0
0.0833,12,1,414,54,1394.61,1,0,1,0.0139,0,11.35,0
0.0833,24,2,813,31,2412.79,1,0,1,0.1454,0,34.33,0
0.125,8,1,547,35,2325.11,2,0,1,0.1208,0,20.39,0
0.2,5,1,206,18,1113.0,1,0,1,0.1285,0,15.64,0
0.1429,7,1,799,19,2921.45,3,0,1,0.1411,0,24.07,0
0.0,4,0,722,16,3324.46,3,0,1,0.4204,0,0.0,0
0.6,5,3,747,27,1389.69,1,0,1,0.0633,0,17.02,0
0.3333,12,4,719,25,2201.69,2,0,1,0.0818,0,14.05,0
0.3571,14,5,512,39,1600.34,1,0,1,0.0817,0,10.83,0
0.25,8,2,689,15,944.03,1,0,1,0.1322,0,21.96,0
0.2,10,2,932,22,1813.67,1,0,1,0.0475,0,20.15,0
0.0769,52,4,231,45,1145.17,1,0,1,0.1487,1,18.31,0
0.0,20,0,189,11,2786.18,1,0,1,0.1264,0,0.0,1
0.0,5,0,314,24,1707.28,2,0,1,0.3074,0,0.0,0
0.0,11,0,693,27,2369.34,1,0,1,0.2275,0,0.0,0
0.0833,12,1,987,13,2225.03,3,0,1,0.0567,0,17.47,0
0.3235,34,11,519,24,971.06,1,0,1,0.1464,0,14.79,0
0.1429,28,4,335,19,2732.0,3,0,1,0.2604,1,16.25,0
0.0,20,0,340,12,1238.53,1,0,1,0.1922,0,0.0,0
0.0769,13,1,516,27,1047.67,1,0,1,0.1241,0,14.22,0
0.0,6,0,191,21,3449.93,3,1,3,0.0512,0,0.0,0
0.3333,9,3,203,33,1312.8,1,0,1,0.2524,0,15.57,0
0.0909,11,1,473,33,1463.54,1,0,1,0.0523,0,19.74,0
0.0,7,0,983,37,2914.12,2,1,2,0.2724,0,0.0,0
0.0,11,0,483,20,1024.73,1,0,1,0.2238,0,0.0,0
0.3333,12,4,814,59,1801.61,1,0,1,0.0643,0,13.34,0
0.0,12,0,835,18,1421.57,3,0,1,0.1265,0,0.0,0
0.0,12,0,768,24,2166.09,1,0,1,0.0756,0,0.0,0
0.55,20,11,937,13,1747.88,1,0,1,0.3863,0,13.79,0
0.3333,3,1,890,30,1504.62,2,0,1,0.1138,0,10.73,0
0.8333,6,5,358,14,1185.22,1,0,1,0.3908,1,14.05,0
0.3143,35,11,262,48,2035.0,2,1,2,0.2368,3,21.76,0
0.3333,6,2,189,21,1219.3,1,0,1,0.1043,0,13.96,0
0.1667,6,1,251,33,2200.45,1,0,1,0.2957,0,16.81,0
0.0,8,0,854,10,1725.13,2,1,2,0.3182,0,0.0,0
0.2,15,3,750,42,2630.35,2,0,1,0.2367,2,19.0,0
0.3,10,3,736,23,1263.04,1,0,1,0.2124,0,13.31,0
0.1739,23,4,979,27,1793.53,2,1,2,0.0238,0,16.51,0
0.125,8,1,648,20,1432.78,2,0,1,0.1031,0,27.26,0
0.0357,28,1,820,32,1974.63,2,0,1,0.1688,1,24.63,0
0.0,19,0,813,13,2283.55,1,0,1,0.1324,0,0.0,0
0.2,5,1,907,29,2145.69,2,0,1,0.0438,0,18.49,0
0.0,7,0,395,9,1678.54,1,0,1,0.016,0,0.0,0
0.1176,17,2,802,20,2035.23,2,1,2,0.103,0,19.13,1
0.1111,9,1,624,9,1947.3,2,0,1,0.0581,0,11.86,0
0.3571,14,5,460,30,1550.72,1,0,1,0.2118,1,23.56,0
0.6,5,3,870,18,2698.75,2,0,1,0.0352,0,14.24,1
0.08,25,2,442,12,3415.25,2,0,1,0.0986,0,15.18,0
0.0833,12,1,960,12,1848.82,3,0,1,0.259,0,25.42,0
0.4615,13,6,237,16,2989.32,3,0,1,0.0798,0,33.24,0
0.0,15,0,374,20,935.45,1,0,1,0.2232,0,0.0,0
0.0833,36,3,393,19,2708.58,1,0,1,0.0897,0,14.0,0
0.0,3,0,826,19,971.68,1,0,1,0.307,0,0.0,0
0.1333,15,2,548,26,1864.24,2,1,2,0.1315,0,15.53,0
0.1429,7,1,276,21,1186.4,1,0,1,0.3906,0,20.07,0
0.0,13,0,510,28,1479.16,1,0,1,0.2117,0,0.0,0
0.2667,30,8,865,13,3478.99,3,0,1,0.2369,1,20.25,0
0.2,10,2,952,14,1206.77,1,0,1,0.1342,0,13.41,0
0.0435,23,1,419,9,3394.72,2,0,1,0.2177,0,15.21,0
0.1818,11,2,398,18,1713.13,1,0,1,0.2419,1,12.89,0
0.2857,14,4,229,45,6659.94,2,0,1,0.2596,1,37.3,0
0.2,10,2,783,41,1183.99,2,0,1,0.2292,0,13.62,0
0.2632,19,5,508,25,2473.43,2,0,1,0.1127,1,16.65,0
0.0667,15,1,306,24,3006.61,2,0,1,0.1189,0,22.13,1
0.3571,14,5,888,18,1657.86,1,0,1,0.2341,1,10.59,0
0.3,10,3,618,32,1241.66,1,0,1,0.0728,0,22.48,0
0.0,6,0,553,23,1647.16,1,0,1,0.1383,0,0.0,0
0.0,8,0,687,16,2773.72,2,0,1,0.1489,0,0.0,1
0.1667,6,1,553,20,1414.7,1,0,1,0.2688,0,22.07,0
0.2222,9,2,898,22,3833.01,2,0,1,0.2689,0,10.97,0
0.0,5,0,522,33,2809.37,2,0,1,0.1028,0,0.0,0
0.0,12,0,339,16,1723.68,3,0,1,0.2237,0,0.0,0
0.3333,9,3,682,12,1512.31,1,0,1,0.1363,1,20.57,0
0.0,8,0,595,51,2312.86,1,0,1,0.4076,0,0.0,0
0.1538,13,2,680,10,1687.17,3,0,1,0.1394,0,24.49,0
0.125,16,2,415,17,1841.72,1,0,1,0.0472,0,11.27,0
0.0,8,0,789,45,1949.7,2,0,1,0.0697,0,0.0,0
0.0667,15,1,975,31,2076.67,2,0,1,0.0739,0,22.95,0
0.0,12,0,605,18,4090.09,3,0,1,0.0715,0,0.0,0
0.1538,13,2,185,23,1490.04,1,0,1,0.1525,0,24.35,0
0.3,10,3,463,56,1509.81,1,0,1,0.0472,0,24.91,0
0.2353,17,4,432,39,2827.69,2,1,2,0.2149,1,16.28,1
0.0625,16,1,359,20,1923.06,2,0,1,0.1433,0,17.81,0
0.0625,16,1,985,27,1341.45,2,0,1,0.327,1,19.9,0
0.2,10,2,307,24,1094.99,1,0,1,0.3684,0,9.66,0
0.1667,18,3,269,14,1320.43,1,0,1,0.2097,1,27.37,0
0.1111,9,1,788,46,1413.72,1,0,1,0.1014,0,14.95,0
0.0333,30,1,410,12,3409.75,2,0,1,0.2029,0,44.02,0
0.3333,6,2,364,29,1528.41,1,0,1,0.2307,0,20.68,1
0.0,25,0,739,8,1597.76,2,0,1,0.2207,0,0.0,0
0.0278,36,1,757,21,2036.42,2,0,1,0.1671,0,12.51,0
0.0,6,0,906,26,1376.69,1,0,1,0.0357,0,0.0,0
0.2632,19,5,789,21,1460.87,2,0,1,0.1518,1,20.15,0
0.0,29,0,882,34,1437.11,1,0,1,0.1455,0,0.0,1
0.4167,12,5,331,18,2682.74,1,0,1,0.141,0,19.63,0
0.0625,16,1,875,34,2261.46,2,0,1,0.238,0,21.79,0
0.0,3,0,591,19,1459.04,1,0,1,0.0843,0,0.0,0
0.0,10,0,323,21,2036.71,1,0,1,0.0192,0,0.0,0
0.25,12,3,991,16,2189.62,1,0,1,0.1824,0,19.79,0
0.1429,7,1,444,19,1384.68,1,0,1,0.0816,0,16.84,0
0.0625,16,1,521,15,1316.15,1,0,1,0.5113,0,16.68,0
0.5714,7,4,472,22,1497.17,1,0,1,0.3187,0,25.09,0
0.75,4,3,285,26,2055.97,2,0,1,0.2469,0,10.35,0
0.1111,9,1,270,19,1718.49,1,0,1,0.1714,0,12.28,0
0.0,3,0,484,34,1351.91,3,1,3,0.0379,0,0.0,0
0.5455,11,6,427,14,1253.55,1,0,1,0.3453,1,17.91,0
0.0667,30,2,243,19,2058.23,1,0,1,0.124,0,15.01,1
0.3571,14,5,384,35,1162.31,1,0,1,0.0791,0,16.64,0
0.0,9,0,982,56,1205.23,1,0,1,0.1683,0,0.0,0
0.3077,13,4,950,24,1178.92,1,0,1,0.2494,0,19.33,0
0.3333,12,4,877,10,1872.27,2,0,1,0.2507,0,16.94,0
0.0,12,0,405,14,1486.75,1,0,1,0.1181,0,0.0,0
0.3846,13,5,862,23,2071.78,2,0,1,0.2167,1,31.66,0
0.4545,11,5,972,25,2263.52,3,1,2,0.0882,1,22.47,0
0.0,5,0,910,25,1621.67,1,0,1,0.2424,0,0.0,0
0.0714,14,1,347,9,929.58,1,0,1,0.0944,1,12.17,0
0.0,5,0,642,29,1727.02,1,0,1,0.0491,0,0.0,0
0.1875,16,3,980,21,1420.55,2,0,1,0.1634,0,23.86,0
0.2273,22,5,952,29,3460.1,3,0,1,0.0944,1,11.88,0
0.0417,48,2,479,17,1364.53,1,0,1,0.1598,0,36.3,0
0.0714,28,2,255,21,1438.99,2,0,1,0.4099,0,22.98,0
0.4118,17,7,448,18,2620.78,2,1,2,0.1242,2,6.62,0
0.2,10,2,782,16,2725.67,2,0,1,0.2937,1,14.24,0
0.0,6,0,218,28,1661.26,2,0,1,0.1105,0,0.0,0
0.2667,30,8,533,29,2508.73,3,0,1,0.07,0,17.8,0
0.0714,14,1,394,25,1400.13,1,0,1,0.1194,0,8.25,0
0.1875,16,3,771,25,1124.56,1,0,1,0.1151,0,16.08,0
0.2308,13,3,568,24,1083.23,1,0,1,0.1321,1,20.59,0
0.2632,19,5,560,16,1677.47,1,0,1,0.2711,0,39.39,0
0.0,6,0,876,11,2235.5,1,0,1,0.1164,0,0.0,0
0.0,5,0,221,19,2272.65,1,0,1,0.1318,0,0.0,0
0.0,17,0,422,18,4605.0,2,0,1,0.3075,0,0.0,1
0.0,8,0,999,39,1586.7,1,0,1,0.2518,0,0.0,0
0.0588,17,1,890,32,2339.58,1,0,1,0.1214,0,8.51,0
0.4444,18,8,343,12,2008.85,1,0,1,0.1833,3,11.27,0
0.3,10,3,207,18,1642.13,1,0,1,0.3532,2,16.52,0
0.2222,9,2,679,28,2255.5,1,0,1,0.3331,0,14.82,0
0.3333,21,7,625,13,3625.09,3,0,1,0.1338,1,15.01,0
0.4,20,8,731,41,1550.78,1,0,1,0.1641,2,11.46,0
0.375,8,3,749,37,2192.45,2,1,2,0.1775,1,20.85,0
0.4,10,4,236,23,1946.95,2,0,1,0.1579,0,8.92,0
0.0,16,0,481,26,1118.15,1,0,1,0.1972,0,0.0,0
0.5,14,7,671,51,1479.46,1,0,1,0.1788,1,19.56,0
0.1538,13,2,347,35,1831.18,2,0,1,0.19,0,20.74,1
0.1,10,1,189,35,2298.96,3,0,1,0.3039,0,29.7,0
0.0,7,0,328,26,1869.21,2,0,1,0.0282,0,0.0,0
0.2941,17,5,311,20,1793.03,2,0,1,0.0796,0,29.57,0
0.2609,23,6,399,18,3231.95,2,0,1,0.169,0,24.49,0
0.3571,14,5,839,9,1947.54,1,0,1,0.053,0,22.59,0
0.3125,16,5,935,16,1256.36,2,0,1,0.2146,1,22.12,0
0.2667,15,4,960,14,1925.76,1,0,1,0.1858,0,16.12,0
0.0,13,0,613,28,1098.25,2,0,1,0.1552,0,0.0,0
0.2083,24,5,236,33,1157.48,1,0,1,0.2003,0,16.84,1
0.25,16,4,642,20,1440.22,2,1,2,0.1092,1,31.64,0
0.0952,21,2,529,16,1012.95,2,0,1,0.4168,0,36.94,0
0.1429,7,1,431,11,2460.89,3,1,3,0.0214,0,18.24,0
0.2857,7,2,870,24,1897.32,2,0,1,0.0399,0,18.76,0
0.0833,12,1,796,9,1412.65,2,0,1,0.2993,0,22.14,0
0.6667,3,2,721,44,1340.88,1,0,1,0.2967,0,38.45,0
0.0,5,0,570,18,1024.11,1,0,1,0.1168,0,0.0,1
0.3333,12,4,745,20,1303.55,1,0,1,0.0378,2,24.49,0
0.0588,17,1,663,15,1590.49,1,0,1,0.0204,0,11.6,1
0.2174,23,5,238,10,2530.29,2,0,1,0.0923,1,22.66,0
0.1538,13,2,365,31,1588.39,2,1,2,0.2624,0,37.66,0
0.125,16,2,805,20,1015.93,1,0,1,0.3784,1,7.99,0
0.0,8,0,828,21,2065.0,1,0,1,0.1657,0,0.0,0
0.2167,60,13,616,12,1827.35,3,0,1,0.4193,2,19.62,1
0.3333,6,2,564,49,1980.59,1,0,1,0.1099,0,14.18,0
0.0,45,0,205,16,1603.22,1,0,1,0.0269,0,0.0,0
0.0,11,0,434,17,1220.79,1,0,1,0.3025,0,0.0,0
0.0,5,0,455,25,2542.78,2,1,2,0.1134,0,0.0,0
0.0,10,0,767,20,2264.04,1,0,1,0.301,0,0.0,0
0.2162,37,8,916,5,2234.44,1,0,1,0.1494,1,14.14,0
0.1111,9,1,283,9,1269.15,1,0,1,0.1154,0,30.05,0
0.0,19,0,479,15,4512.47,3,1,3,0.0246,0,0.0,0
0.3333,6,2,955,20,1259.95,2,0,1,0.1869,0,30.97,0
0.0,12,0,418,14,2509.43,1,0,1,0.0806,0,0.0,0
0.2,15,3,285,19,1668.37,1,0,1,0.1442,0,27.43,0
0.0,9,0,368,21,1031.84,1,0,1,0.0303,0,0.0,0
0.0588,17,1,225,23,1140.14,2,1,2,0.1295,0,21.47,1
0.037,27,1,405,7,2714.72,2,0,1,0.1489,0,17.91,0
0.1,10,1,707,16,1284.18,3,1,2,0.0674,0,40.43,0
0.1667,6,1,465,30,1759.9,2,0,1,0.1424,0,14.65,0
0.0,13,0,684,11,2479.12,2,0,1,0.3334,0,0.0,0
0.0435,46,2,420,22,1652.43,1,0,1,0.1217,0,18.0,0
0.0,16,0,631,22,1719.44,2,0,1,0.1827,0,0.0,1
0.0,24,0,959,38,922.52,1,0,1,0.3305,0,0.0,1
0.1,10,1,720,10,1755.18,2,1,2,0.0232,0,11.18,0
0.5,6,3,514,30,1003.14,2,0,1,0.1997,0,12.3,0
0.0,7,0,420,23,1178.91,3,0,1,0.1204,0,0.0,0
0.0,5,0,314,16,2936.98,3,0,1,0.2816,0,0.0,0
0.4,15,6,296,16,1622.4,2,0,1,0.0973,0,15.13,1
0.1667,12,2,214,26,1713.86,1,0,1,0.1403,0,16.27,0
0.2667,15,4,959,40,2105.68,1,0,1,0.1667,1,17.76,0
0.0625,16,1,384,26,1822.09,2,0,1,0.0571,0,31.29,0
0.0769,26,2,800,21,986.74,1,0,1,0.2455,0,25.61,0
0.3103,29,9,515,34,2470.16,3,0,1,0.1146,1,13.81,0
0.0714,14,1,443,21,2300.29,3,0,1,0.0753,0,26.73,0
0.2414,29,7,773,31,1230.55,1,0,1,0.2041,1,17.7,0
0.0588,17,1,649,27,1104.37,1,0,1,0.1597,0,20.08,0
0.0,19,0,572,26,1111.64,1,0,1,0.215,0,0.0,1
0.1667,6,1,644,54,1510.94,1,0,1,0.2123,0,17.06,0
0.027,37,1,225,50,1513.59,1,0,1,0.1093,0,8.24,0
0.1765,17,3,385,37,1347.99,1,0,1,0.2679,0,23.76,0
0.2,25,5,509,17,2799.64,3,0,1,0.0996,0,23.81,0
0.1053,19,2,939,14,1778.14,1,0,1,0.194,0,21.01,0
0.0714,14,1,564,17,1710.79,2,0,1,0.3335,0,19.5,0
0.0385,26,1,882,13,959.91,1,0,1,0.3639,0,5.86,0
0.0,15,0,284,25,1678.01,1,0,1,0.1227,0,0.0,0
0.0811,37,3,934,17,1358.94,1,0,1,0.4044,0,18.25,0
0.0,29,0,978,22,2596.35,1,0,1,0.2051,0,0.0,0
0.0,7,0,972,9,1900.08,2,1,2,0.195,0,0.0,0
0.1429,7,1,325,14,1193.8,2,0,1,0.2261,0,13.33,0
0.4286,28,12,334,31,1270.09,1,0,1,0.2688,1,18.99,0
0.0,13,0,195,19,1932.43,2,1,2,0.0536,0,0.0,0
0.25,12,3,382,40,1466.94,1,0,1,0.2347,0,17.91,0
0.0,13,0,673,25,2041.47,2,0,1,0.0356,0,0.0,1
0.0714,14,1,589,23,1884.64,2,0,1,0.0661,0,12.2,0
0.2308,13,3,458,36,2306.68,2,1,2,0.082,0,23.07,0
0.0588,17,1,607,54,1382.01,1,0,1,0.4383,1,17.73,0
0.2143,14,3,402,31,1569.15,1,0,1,0.205,1,31.39,0
0.0,8,0,268,7,1606.18,2,0,1,0.4234,0,0.0,0
0.1,10,1,996,19,2835.14,2,0,1,0.1312,0,19.84,0
0.1429,21,3,253,23,1310.77,1,0,1,0.028,0,10.41,0
0.125,8,1,766,25,2201.21,2,0,1,0.0283,0,29.81,0
0.3182,22,7,838,23,2694.29,1,0,1,0.0824,1,12.89,1
0.1333,30,4,517,14,1008.36,1,0,1,0.1376,1,26.29,0
0.1429,14,2,709,14,1400.92,3,0,1,0.044,0,15.62,1
0.0714,14,1,882,12,1627.86,1,0,1,0.1806,0,45.7,0
0.0,8,0,523,21,2880.94,3,0,1,0.0285,0,0.0,0
0.0667,15,1,316,87,1949.52,2,1,2,0.0807,0,19.42,1
0.4815,27,13,842,21,2469.54,2,0,1,0.0386,1,12.93,1
0.0,11,0,359,15,1927.74,2,0,1,0.0192,0,0.0,0
0.1471,34,5,526,26,1797.09,1,0,1,0.1468,0,13.62,1
0.0,8,0,664,11,2710.44,2,0,1,0.1503,0,0.0,0
0.0,7,0,990,30,2078.13,1,0,1,0.0744,0,0.0,0
0.0,7,0,267,22,1650.79,2,0,1,0.1538,0,0.0,0
0.0769,13,1,343,30,1385.86,1,0,1,0.2302,0,14.39,0
0.0,13,0,208,28,2219.83,1,0,1,0.0917,0,0.0,0
0.7143,7,5,381,32,1387.1,1,0,1,0.1679,2,20.5,0
0.0,20,0,443,15,1701.0,3,0,1,0.2401,0,0.0,0
0.1765,17,3,295,27,1501.83,1,0,1,0.3892,0,18.14,0
0.0,9,0,868,15,1324.86,1,0,1,0.0699,0,0.0,0
0.2941,17,5,613,24,2377.37,1,0,1,0.0942,2,24.06,0
0.1875,16,3,903,21,1268.11,2,0,1,0.1685,0,14.33,0
0.0,10,0,667,13,2205.82,3,0,1,0.0463,0,0.0,0
0.125,16,2,984,14,1899.88,1,0,1,0.0469,1,15.14,0
0.0,5,0,973,54,2959.7,2,0,1,0.0221,0,0.0,0
0.0,7,0,358,40,4074.53,3,1,3,0.2938,0,0.0,1
0.0,17,0,530,34,2084.31,1,0,1,0.0223,0,0.0,0
0.3333,9,3,810,38,989.84,1,0,1,0.2818,1,12.93,1
0.0,5,0,533,28,1971.91,1,0,1,0.0133,0,0.0,0
0.0909,11,1,977,52,2036.24,2,0,1,0.1986,0,31.8,0
0.2308,13,3,440,38,1023.89,1,0,1,0.3367,0,23.83,0
0.0909,22,2,331,20,920.27,1,0,1,0.055,0,26.12,0
0.0,10,0,267,28,1443.43,1,0,1,0.2568,0,0.0,0
0.3636,11,4,550,20,1666.17,1,0,1,0.1912,0,36.02,1
0.0667,15,1,591,7,2896.4,3,0,1,0.1251,0,12.44,1
0.0323,31,1,386,16,1555.88,1,0,1,0.168,0,19.5,0
0.0,20,0,182,23,2902.5,3,0,1,0.04,0,0.0,0
0.0769,13,1,551,25,1177.69,1,0,1,0.2388,1,17.78,0
0.0625,16,1,525,34,1440.47,2,1,2,0.1542,0,20.89,0
0.5833,12,7,204,12,2301.97,3,0,1,0.0848,1,19.27,0
0.1429,14,2,820,18,2354.5,1,0,1,0.0411,1,23.13,0
0.4706,17,8,579,12,2042.9,1,0,1,0.0574,1,41.09,0
0.1667,6,1,334,24,1474.52,1,0,1,0.0786,0,36.21,0
0.0,7,0,666,14,1781.39,2,0,1,0.0832,0,0.0,0
0.5,8,4,853,38,821.18,1,0,1,0.0643,0,21.23,0
0.2353,17,4,720,41,1073.15,2,0,1,0.3259,0,16.5,0
0.1667,6,1,836,25,1276.6,1,0,1,0.1096,0,20.77,0
0.1875,16,3,879,16,2381.32,3,0,1,0.1038,0,19.65,0
0.7143,7,5,582,23,1606.86,2,0,1,0.0887,1,16.59,0
0.5833,12,7,222,11,1549.87,1,0,1,0.0819,0,17.84,0
0.0,32,0,955,24,2777.86,3,0,1,0.1897,0,0.0,0
0.1667,6,1,615,18,1194.17,1,0,1,0.2605,0,17.69,0
0.1429,7,1,627,23,1613.27,1,0,1,0.0957,0,20.86,0
0.0,6,0,360,25,1215.12,1,0,1,0.16,0,0.0,0
0.2222,18,4,998,20,2317.59,1,0,1,0.1176,1,19.43,0
0.1667,12,2,634,27,1532.24,1,0,1,0.1529,0,21.97,0
0.375,8,3,556,12,1370.14,1,0,1,0.1087,0,22.48,0
0.2105,19,4,372,24,1697.44,2,1,2,0.2893,1,18.54,0
0.7778,9,7,218,13,1802.99,1,0,1,0.2196,0,18.96,0
0.24,25,6,478,26,1540.16,2,0,1,0.1457,1,20.11,0
0.2143,14,3,805,20,2249.43,2,0,1,0.0521,0,14.77,0
0.0,14,0,403,35,1112.18,1,0,1,0.0735,0,0.0,0
0.1111,9,1,393,36,987.0,1,0,1,0.1882,0,30.74,0
0.625,8,5,271,40,1553.39,1,0,1,0.199,1,14.61,0
0.1429,7,1,761,15,1733.15,1,0,1,0.1319,0,8.92,0
0.1429,7,1,539,19,2025.59,3,0,1,0.2608,0,16.58,0
0.0,12,0,965,32,1825.15,2,0,1,0.3335,0,0.0,1
0.0625,16,1,294,28,3822.02,2,0,1,0.0711,0,10.42,0
0.0526,19,1,648,69,2163.46,2,0,1,0.1972,0,18.85,0
0.1429,14,2,630,21,1220.41,2,1,2,0.2726,1,20.86,1
0.0,11,0,784,53,1795.63,1,0,1,0.2384,0,0.0,0
0.0,20,0,395,10,1199.9,1,0,1,0.354,0,0.0,0
0.0,9,0,480,20,2612.06,3,1,2,0.1637,0,0.0,0
0.1,10,1,522,25,1368.6,1,0,1,0.0282,0,14.74,0
0.0833,12,1,720,38,1944.55,2,0,1,0.234,1,33.02,0
0.1111,9,1,236,12,3078.95,3,1,3,0.0312,0,23.43,0
0.0,8,0,456,34,890.18,1,0,1,0.0268,0,0.0,0
0.1667,18,3,557,21,2297.08,1,0,1,0.1217,0,14.49,0
0.0952,21,2,906,38,1635.51,1,0,1,0.357,0,10.98,0
0.0909,11,1,943,13,1626.83,1,0,1,0.2264,1,21.91,0
0.1875,16,3,664,21,1386.41,1,0,1,0.3241,0,25.21,0
0.25,8,2,391,22,3739.5,3,1,2,0.1093,1,25.98,0
0.0556,18,1,259,29,1728.95,2,0,1,0.4246,0,32.76,1
0.1111,18,2,526,17,1248.2,1,0,1,0.3596,1,28.7,0
0.2857,14,4,689,31,1732.5,3,1,3,0.058,0,21.05,0
0.0833,12,1,634,35,2228.02,1,0,1,0.0484,1,22.46,0
0.1429,21,3,297,20,707.75,1,0,1,0.638,2,15.64,0
0.2857,7,2,515,19,3114.42,2,0,1,0.1931,0,36.26,0
0.1,10,1,230,22,2575.24,2,0,1,0.3058,0,21.95,0
0.5,10,5,309,20,3154.08,3,1,3,0.1417,0,12.91,0
0.0,9,0,648,21,1440.22,1,0,1,0.3827,0,0.0,0
0.2105,19,4,476,17,1775.25,1,0,1,0.2417,1,10.05,0
0.0,9,0,976,12,1161.17,1,0,1,0.1153,0,0.0,0
0.4545,11,5,362,21,1822.11,3,0,1,0.1198,0,17.36,1
0.4,5,2,974,19,2034.5,1,0,1,0.1561,0,24.9,0
0.0,22,0,359,17,2397.66,1,0,1,0.2751,0,0.0,1
0.2,15,3,180,42,726.68,1,0,1,0.0779,1,11.4,0
0.4,10,4,396,19,1878.97,1,0,1,0.0982,1,20.86,0
0.0588,17,1,736,43,1184.81,1,0,1,0.2352,0,30.11,0
0.125,8,1,249,17,1612.8,2,0,1,0.2092,0,12.53,1
0.3636,11,4,575,19,1684.77,2,1,2,0.2653,1,9.6,0
0.1739,23,4,376,24,915.14,1,0,1,0.2841,0,13.22,0
0.0,5,0,388,15,1644.87,1,0,1,0.1259,0,0.0,0
0.0,16,0,957,12,1891.07,1,0,1,0.2046,0,0.0,0
0.35,40,14,884,18,857.84,2,1,2,0.2078,3,22.42,0
0.0,6,0,685,15,1387.4,1,0,1,0.0683,0,0.0,0
0.3667,30,11,352,20,2853.78,2,0,1,0.1387,1,32.62,0
0.0526,19,1,210,40,2267.4,1,0,1,0.023,0,14.47,0
0.0,10,0,493,38,1712.87,1,0,1,0.0128,0,0.0,0
0.0,16,0,514,33,1539.95,1,0,1,0.3531,0,0.0,0
0.0,5,0,304,35,2324.88,3,0,1,0.071,0,0.0,0
0.5,6,3,542,18,1164.03,1,0,1,0.1428,0,23.04,0
0.0,16,0,630,32,1646.38,1,0,1,0.0906,0,0.0,0
0.0,9,0,486,17,920.76,1,0,1,0.3731,0,0.0,0
0.4545,11,5,831,15,1548.56,2,0,1,0.2215,0,31.2,0
0.1053,19,2,489,10,963.41,1,0,1,0.1118,1,9.5,0
0.1667,12,2,927,13,2328.64,2,0,1,0.1634,0,28.19,0
0.1562,32,5,247,20,2141.88,2,0,1,0.2409,1,30.71,0
0.2,20,4,266,27,2772.52,2,0,1,0.0657,0,12.73,0
0.1111,9,1,987,28,1485.52,1,0,1,0.0796,0,17.08,0
0.2308,13,3,472,45,1684.81,1,0,1,0.0238,0,25.83,0
0.0,12,0,441,29,2659.86,2,1,2,0.0575,0,0.0,0
0.1667,6,1,965,20,3012.62,2,0,1,0.2868,0,8.49,0
0.0625,16,1,790,30,945.4,1,0,1,0.0921,0,22.91,0
0.0909,11,1,681,17,2075.55,2,0,1,0.3022,0,15.79,0
0.0909,11,1,466,37,1862.91,1,0,1,0.1099,0,8.48,0
0.0667,15,1,883,15,1656.03,2,0,1,0.0488,1,14.99,0
0.25,4,1,247,24,2825.31,2,0,1,0.3448,0,6.44,1
0.3846,13,5,310,30,734.74,2,1,2,0.2218,0,14.53,1
0.0625,16,1,638,34,4204.25,3,1,3,0.0281,0,16.96,0
0.1,10,1,480,12,2091.14,1,0,1,0.2244,0,16.58,0
0.1111,9,1,409,16,3839.47,2,0,1,0.2427,0,17.26,1
0.0,8,0,845,44,1496.82,2,0,1,0.2344,0,0.0,0
0.0714,14,1,529,32,2292.85,3,1,2,0.0514,0,14.39,0
0.1111,27,3,633,9,3357.03,2,0,1,0.0305,0,42.57,0
0.0714,14,1,774,33,1391.91,2,0,1,0.0815,0,16.12,0
0.1429,7,1,442,36,2456.67,2,0,1,0.1354,0,20.07,0
0.0,11,0,394,33,2362.78,3,0,1,0.0513,0,0.0,0
0.1923,26,5,599,11,1893.14,2,0,1,0.1136,1,32.05,0
0.5385,13,7,757,14,1590.39,1,0,1,0.1725,0,21.51,0
0.16,25,4,238,44,2142.54,2,0,1,0.0871,0,19.5,0
0.1,20,2,483,9,2294.43,3,0,1,0.1675,0,24.19,0
0.1053,19,2,431,19,2094.8,1,0,1,0.1455,2,22.72,0
0.2353,17,4,455,33,680.06,1,0,1,0.1678,2,15.24,0
0.0,9,0,403,43,2218.7,2,0,1,0.3876,0,0.0,0
0.04,25,1,654,30,1082.07,1,0,1,0.1788,0,9.07,0
0.3182,22,7,611,33,1639.12,2,1,2,0.0876,2,17.74,0
0.1875,16,3,953,34,2065.93,1,0,1,0.2442,0,16.12,0
0.125,8,1,336,18,2755.26,2,0,1,0.2382,0,15.97,0
0.0,10,0,879,14,1485.85,1,0,1,0.3422,0,0.0,0
0.1333,30,4,980,25,3080.98,2,0,1,0.0695,2,20.97,0
0.0556,18,1,855,16,2634.75,2,0,1,0.3648,0,15.72,0
0.0,11,0,357,26,2642.58,1,0,1,0.1668,0,0.0,0
0.2857,21,6,545,56,1722.24,1,0,1,0.1002,2,14.97,0
0.087,23,2,364,8,1116.93,1,0,1,0.1414,0,31.04,0
0.0,13,0,423,11,2060.24,1,0,1,0.1841,0,0.0,0
0.3077,13,4,630,14,1817.0,1,0,1,0.0615,1,14.35,0
0.4762,21,10,976,14,3079.97,3,0,1,0.0073,1,25.22,0
0.0476,21,1,375,9,6438.71,3,0,1,0.1248,0,14.87,0
0.0,10,0,970,22,1976.04,3,0,1,0.0683,0,0.0,0
0.2941,34,10,983,15,1747.93,1,0,1,0.0965,1,24.35,0
0.0833,12,1,724,15,1501.58,2,0,1,0.1185,0,19.73,1
0.3125,16,5,480,42,1539.61,1,0,1,0.2798,0,18.01,1
0.0,7,0,350,20,1634.71,2,0,1,0.241,0,0.0,0
0.4167,12,5,181,14,1643.86,2,0,1,0.2791,0,10.72,1
0.3846,13,5,961,24,1511.66,2,0,1,0.1834,0,22.31,0
0.0909,11,1,919,21,1133.31,1,0,1,0.0835,0,12.34,0
0.1667,6,1,856,31,1788.84,1,0,1,0.1113,0,18.33,0
0.4615,13,6,688,34,2033.51,1,0,1,0.2913,0,21.0,0
0.0,14,0,301,30,1698.28,2,0,1,0.2594,0,0.0,0
0.0833,12,1,631,30,2935.2,1,0,1,0.0499,0,10.38,0
0.1212,33,4,440,10,1792.73,2,1,2,0.1573,1,18.97,0
0.0,12,0,730,14,1784.46,1,0,1,0.1462,0,0.0,0
0.1667,18,3,335,39,5279.4,2,0,1,0.1913,0,14.06,1
0.0,16,0,527,40,1552.98,1,0,1,0.1062,0,0.0,0
0.65,20,13,96,20,9603.0,5,0,1,0.0696,6,7.1,0
0.0,12,0,544,30,1296.66,2,0,1,0.4205,0,0.0,0
0.25,8,2,564,15,1695.01,3,1,2,0.2649,1,20.32,0
0.1579,19,3,576,13,2320.39,2,0,1,0.2973,3,21.51,1
0.0,8,0,540,10,1220.15,3,0,1,0.3354,0,0.0,0
0.5,10,5,574,10,1225.25,1,0,1,0.2834,2,16.58,0
0.3,10,3,426,61,1266.77,1,0,1,0.13,1,21.62,0
0.2727,11,3,501,5,1481.2,3,0,1,0.4602,0,23.64,0
0.3529,17,6,497,21,2812.07,4,0,1,0.5143,2,22.56,0
0.4,10,4,318,20,1825.08,1,0,1,0.239,1,15.46,0
0.1429,14,2,134,26,2167.34,2,1,2,0.3421,2,16.94,1
0.5714,7,4,546,9,986.36,2,0,1,0.5864,3,9.89,0
0.3636,11,4,513,34,4901.57,5,1,2,0.3676,3,15.98,0
0.25,12,3,590,28,1390.8,1,0,1,0.3605,2,7.47,0
0.6429,14,9,477,15,2002.26,1,0,1,0.2097,2,18.49,1
0.1111,9,1,223,21,1493.24,3,0,1,0.109,0,10.1,0
0.2857,14,4,550,13,1712.55,3,1,3,0.3013,1,18.03,0
0.3333,18,6,560,17,1494.62,3,0,1,0.1635,3,5.01,1
0.2857,7,2,296,17,3471.95,5,0,1,0.3595,0,7.69,0
0.3333,6,2,548,11,2435.02,5,0,1,0.4581,0,23.72,0
0.0909,11,1,411,39,5415.19,4,0,1,0.3776,0,9.58,0
0.6471,17,11,557,39,5967.95,5,0,1,0.3917,6,16.38,1
0.0714,14,1,253,36,1181.07,2,0,1,0.5513,0,24.59,1
0.6154,13,8,246,29,4215.66,5,0,1,0.2684,3,23.07,0
0.4545,11,5,178,12,1914.31,3,1,3,0.1521,0,9.65,1
1.0,10,10,119,7,2307.41,4,1,4,0.1126,4,24.04,0
0.3333,9,3,538,21,1831.94,3,1,3,0.6072,2,9.97,0
0.3636,11,4,470,6,1857.85,2,0,1,0.1028,0,23.61,0
0.4286,14,6,141,29,1300.02,2,0,1,0.5375,3,14.16,0
0.55,20,11,371,43,5430.26,5,0,1,0.4697,3,14.69,0
0.2,10,2,240,22,2104.88,3,0,1,0.3447,1,12.75,0
0.2727,11,3,293,14,3281.53,3,0,1,0.2194,1,19.08,0
0.3125,16,5,347,14,2335.71,1,0,1,0.5732,2,16.87,1
0.4,20,8,133,27,2196.55,3,1,2,0.217,4,7.81,0
0.2,20,4,331,5,1667.58,5,0,1,0.4482,2,13.99,0
0.6154,13,8,499,14,5076.74,5,1,4,0.0696,2,16.37,0
0.6,10,6,214,21,1713.21,2,0,1,0.3135,1,19.43,0
0.6316,19,12,372,10,1405.87,2,1,2,0.3212,6,19.95,1
0.8,5,4,305,16,2510.18,4,0,1,0.4007,3,10.96,0
0.2,10,2,132,15,1913.44,2,0,1,0.1996,0,20.03,0
0.6,15,9,520,5,2184.24,3,0,1,0.5205,5,7.14,0
0.6667,15,10,343,24,1849.76,2,0,1,0.2358,1,23.98,0
0.5,20,10,148,13,3454.2,5,0,1,0.1902,4,23.4,1
0.5,10,5,234,15,1792.31,2,0,1,0.395,2,10.93,0
0.1538,13,2,404,14,2885.12,2,0,1,0.2203,0,13.86,0
0.25,8,2,167,15,1861.48,1,0,1,0.1027,1,6.6,0
0.2,5,1,563,9,4425.39,5,0,1,0.4209,1,18.0,1
0.5294,17,9,311,17,2088.17,2,1,2,0.3679,2,18.17,1
0.3333,18,6,216,7,1245.54,2,1,2,0.3537,4,18.56,1
0.3333,6,2,107,15,1407.5,1,0,1,0.4156,0,11.31,1
0.8125,16,13,160,21,1577.1,2,0,1,0.4839,5,10.63,0
0.6429,14,9,228,39,3871.9,2,0,1,0.1865,1,13.65,0
0.0909,11,1,324,34,1055.84,2,1,2,0.6158,0,14.18,0
0.3333,12,4,422,25,3213.8,2,0,1,0.5694,1,21.74,0
0.4211,19,8,318,15,2255.97,3,1,2,0.2664,2,23.93,0
0.1111,18,2,541,6,1865.72,2,0,1,0.2587,2,7.68,0
0.9091,11,10,340,18,1988.19,3,0,1,0.5009,2,13.53,0
0.1429,7,1,495,13,4016.19,5,1,2,0.3299,0,12.92,0
0.25,12,3,127,24,1604.4,1,0,1,0.3367,3,13.26,0
0.1818,11,2,324,28,1354.2,1,0,1,0.1895,1,17.39,0
0.5333,15,8,225,23,3770.1,5,1,2,0.4008,3,10.65,0
0.1667,12,2,263,33,1134.32,1,0,1,0.5012,0,14.1,0
0.5,14,7,417,27,3243.51,2,0,1,0.374,1,17.83,0
0.4286,14,6,588,17,2586.08,2,1,2,0.0844,2,17.51,0
0.0,10,0,427,20,2239.67,1,0,1,0.3351,0,0.0,1
0.2857,14,4,238,41,1990.67,1,0,1,0.5226,2,24.44,0
0.1111,9,1,105,11,1876.95,3,1,3,0.3116,0,11.72,0
0.1,10,1,170,50,6699.41,4,0,1,0.14,1,23.44,0
0.6,5,3,240,20,1779.73,2,0,1,0.2673,2,9.96,0
0.8571,7,6,359,11,3799.04,4,0,1,0.2062,3,18.63,1
0.25,20,5,174,8,3237.65,2,1,2,0.5389,2,15.78,1
0.3,10,3,392,20,2351.73,4,0,1,0.293,2,19.95,1
0.6667,6,4,123,15,1438.65,3,0,1,0.161,2,13.23,1
0.375,16,6,430,20,2519.94,5,0,1,0.4422,2,9.55,0
0.5,10,5,233,9,1051.83,2,0,1,0.2273,1,23.16,0
0.0769,13,1,574,18,2926.86,1,0,1,0.1666,0,12.82,0
0.2857,7,2,494,16,2315.75,2,0,1,0.2866,0,16.66,0
0.8889,9,8,458,13,1812.62,2,0,1,0.4186,2,22.51,0
0.2632,19,5,231,21,1768.23,1,0,1,0.5174,2,22.42,0
0.3636,11,4,572,23,1728.46,3,0,1,0.2352,1,11.62,0
0.125,8,1,116,19,1662.26,2,1,2,0.5033,1,18.68,1
0.05,20,1,265,25,1938.77,5,0,1,0.074,0,8.51,0
0.0833,12,1,101,13,1562.81,2,0,1,0.4524,0,17.84,0
0.625,8,5,131,9,2043.37,5,0,1,0.2831,1,20.62,0
0.0,13,0,319,24,5073.35,4,0,1,0.3877,0,0.0,0
0.1667,18,3,545,44,1869.38,2,0,1,0.3001,0,7.59,0
0.5,8,4,205,17,2220.82,3,0,1,0.1416,2,6.33,0
0.5,12,6,575,40,1418.95,1,0,1,0.2588,3,24.47,1
0.2222,18,4,245,13,1352.49,3,0,1,0.5276,2,15.82,1
0.1053,19,2,164,20,2125.29,2,1,2,0.4604,1,13.52,0
0.5714,7,4,199,24,2610.14,2,1,2,0.224,3,8.14,1
0.5714,7,4,245,18,2268.03,2,1,2,0.2906,0,16.1,0
0.3889,18,7,147,8,1947.26,3,0,1,0.6128,2,22.3,0
0.1111,9,1,445,23,4258.94,2,0,1,0.1182,0,8.32,0
0.2,5,1,396,22,1618.68,5,0,1,0.4468,0,19.92,0
0.5714,14,8,423,9,1969.51,3,0,1,0.1155,3,17.22,0
0.0,13,0,184,5,1237.55,2,1,2,0.5436,0,0.0,1
0.2667,15,4,538,49,3158.38,2,0,1,0.518,2,13.48,0
0.5263,19,10,573,10,668.27,2,1,2,0.1002,4,11.28,0
0.8,5,4,462,13,2527.63,1,0,1,0.3592,1,14.15,0
0.3158,19,6,128,13,1580.88,2,0,1,0.6048,3,7.14,1
0.1429,14,2,338,28,3532.68,3,0,1,0.0651,1,23.2,0
0.5,8,4,462,22,1120.26,1,0,1,0.4132,1,5.25,0
0.2941,17,5,446,8,1652.07,2,0,1,0.6996,2,17.75,1
0.1333,15,2,273,18,1790.39,2,0,1,0.2971,1,20.87,0
0.0,5,0,350,9,2381.91,3,1,3,0.3878,0,0.0,0
0.375,8,3,568,21,3383.66,3,1,3,0.189,0,19.62,0
0.5,16,8,210,11,5610.04,4,1,4,0.399,2,7.97,1
0.2353,17,4,217,22,2452.63,2,0,1,0.1193,3,8.19,0
0.0625,16,1,462,21,3985.73,5,0,1,0.4313,1,6.98,0
0.3684,19,7,162,13,5730.08,3,0,1,0.224,4,18.75,0
0.3636,11,4,591,9,1361.78,2,0,1,0.4184,0,13.43,0
0.5,10,5,251,23,2269.83,1,0,1,0.5064,0,8.69,1
0.3125,16,5,138,20,4781.85,4,1,4,0.4394,2,23.64,0
0.1176,17,2,406,9,2177.35,4,1,2,0.2429,0,16.6,0
0.1818,11,2,415,6,2613.44,1,0,1,0.2706,2,6.32,0
0.0,5,0,174,28,2775.81,3,0,1,0.4387,0,0.0,0
0.4444,9,4,151,13,1385.33,1,0,1,0.3667,0,11.27,0
0.0833,12,1,232,18,2526.1,1,0,1,0.3055,0,21.45,0
0.3636,11,4,298,23,2321.64,2,1,2,0.2502,2,13.35,0
0.5833,12,7,574,18,2231.07,4,0,1,0.2001,1,11.23,0
0.0,6,0,328,17,3209.22,5,0,1,0.3926,0,0.0,0
0.2667,15,4,238,12,1282.28,1,0,1,0.5336,1,8.55,0
0.6364,11,7,286,16,1790.29,2,0,1,0.2945,3,5.88,0
0.2,10,2,230,36,1902.7,2,0,1,0.3188,1,17.77,0
0.0,1,0,13,13,2036.31,3,1,3,0.273,0,0.0,0
1.0,1,1,52,8,2070.0,3,0,1,0.3546,1,22.19,1
1.0,1,1,24,11,2473.31,3,0,1,0.3165,1,20.62,1
0.0,1,0,28,21,1176.84,1,0,1,0.3938,0,0.0,0
0.3333,3,1,42,9,1884.4,1,0,1,0.4088,0,19.58,0
0.0,1,0,5,5,1502.95,1,0,1,0.2814,0,0.0,0
0.0,3,0,60,20,1607.55,2,0,1,0.426,0,0.0,0
0.0,0,0,2,2,1418.37,3,0,1,0.1292,0,0.0,0
0.0,3,0,28,18,3136.85,4,0,1,0.4468,0,0.0,0
1.0,2,2,1,1,2645.65,2,0,1,0.3009,1,11.05,0
0.0,0,0,33,33,1886.01,2,1,2,0.1718,0,0.0,0
0.0,3,0,60,17,1428.98,3,0,1,0.312,0,0.0,0
0.0,2,0,44,31,1605.28,4,0,1,0.5087,0,0.0,0
0.5,2,1,37,19,3895.68,5,0,1,0.3646,1,15.79,0
0.0,0,0,60,60,3862.53,5,0,1,0.403,0,0.0,0
0.0,2,0,47,22,2000.53,3,0,1,0.2201,0,0.0,0
0.3333,3,1,57,46,2327.01,3,1,3,0.5482,0,24.4,0
0.5,2,1,2,2,2238.09,2,0,1,0.2424,0,6.69,1
0.0,1,0,20,20,1181.98,1,0,1,0.4158,0,0.0,0
1.0,1,1,36,7,3475.82,2,0,1,0.5016,0,5.27,1
0.0,0,0,16,16,2110.89,3,1,3,0.3613,0,0.0,0
0.0,0,0,55,55,3193.08,2,1,2,0.3497,0,0.0,1
0.0,0,0,26,26,4027.3,5,0,1,0.5017,0,0.0,0
0.0,2,0,60,28,3744.56,3,1,2,0.2329,0,0.0,0
0.0,2,0,58,11,2358.73,4,0,1,0.5571,0,0.0,1
0.0,2,0,30,6,3189.26,3,0,1,0.5434,0,0.0,0
0.0,3,0,29,29,3084.29,2,0,1,0.0555,0,0.0,0
0.0,1,0,35,18,1494.9,2,0,1,0.5845,0,0.0,0
0.0,2,0,55,9,1246.78,1,0,1,0.4087,0,0.0,0
0.0,3,0,24,15,1205.21,2,0,1,0.2374,0,0.0,0
0.0,2,0,28,28,1985.91,2,0,1,0.117,0,0.0,0
0.0,0,0,47,47,1481.28,1,0,1,0.4817,0,0.0,0
1.0,1,1,14,14,4413.41,2,1,2,0.2938,1,14.67,1
0.0,2,0,19,12,2229.8,2,1,2,0.2929,0,0.0,0
0.0,0,0,18,18,1407.65,1,0,1,0.4219,0,0.0,0
0.0,0,0,31,31,2319.43,2,1,2,0.3878,0,0.0,0
0.6667,3,2,53,31,1869.11,1,0,1,0.5307,2,22.97,0
0.5,2,1,14,9,4164.59,4,1,4,0.4554,0,10.36,1
0.0,2,0,30,14,2026.23,2,1,2,0.1103,0,0.0,0
0.0,2,0,42,13,4916.9,5,0,1,0.42,0,0.0,0
0.3333,3,1,50,19,2095.3,2,1,2,0.1875,0,18.42,1
0.0,0,0,25,25,2239.85,3,0,1,0.202,0,0.0,0
0.0,2,0,57,30,1302.7,3,1,3,0.5152,0,0.0,0
0.0,0,0,33,33,1538.07,2,0,1,0.4089,0,0.0,0
0.0,0,0,13,13,1386.47,3,1,3,0.3634,0,0.0,0
0.0,3,0,38,17,1935.4,1,0,1,0.44,0,0.0,0
0.0,0,0,7,7,1275.38,2,0,1,0.2733,0,0.0,0
0.0,0,0,45,45,9376.06,5,0,1,0.1987,0,0.0,1
0.0,2,0,24,17,2314.33,2,0,1,0.7664,0,0.0,0
0.0,1,0,34,34,2373.63,3,0,1,0.5159,0,0.0,0
0.6667,3,2,38,4,2765.58,3,0,1,0.4919,1,21.85,0
1.0,2,2,36,19,1591.62,1,0,1,0.2458,1,11.71,0
0.0,0,0,34,34,2648.92,1,0,1,0.2686,0,0.0,0
0.5,2,1,49,21,2066.58,4,1,4,0.3877,0,9.29,1
0.0,0,0,17,17,1181.52,2,0,1,0.1753,0,0.0,0
0.6667,3,2,20,19,4532.31,5,1,4,0.3569,1,22.48,1
0.0,0,0,31,31,1833.07,1,0,1,0.2387,0,0.0,1
0.3333,3,1,50,15,5174.59,4,0,1,0.577,0,24.12,1
0.5,2,1,52,17,1978.4,5,1,2,0.3605,1,13.08,0
0.0,1,0,29,11,2041.44,3,0,1,0.4493,0,0.0,1
0.3333,3,1,35,35,2506.71,4,0,1,0.6434,1,9.6,0
1.0,2,2,33,6,1525.23,3,1,3,0.506,1,13.96,1
0.3333,3,1,58,25,1964.31,2,0,1,0.0483,1,8.12,0
0.0,1,0,59,5,1593.28,3,0,1,0.4422,0,0.0,0
0.0,2,0,58,14,1996.07,2,0,1,0.1939,0,0.0,0
0.0,0,0,8,8,1610.76,4,0,1,0.1199,0,0.0,0
0.5,2,1,14,14,1269.92,1,0,1,0.3097,0,13.51,1
1.0,1,1,60,18,1928.87,2,1,2,0.3188,0,11.55,1
0.0,0,0,23,23,1447.14,1,0,1,0.2921,0,0.0,0
0.0,3,0,43,12,2018.13,2,0,1,0.6587,0,0.0,1
0.0,0,0,17,17,2208.06,2,0,1,0.2437,0,0.0,0
0.0,0,0,58,58,4199.87,2,0,1,0.3975,0,0.0,0
1.0,2,2,5,5,1818.57,2,1,2,0.3086,1,5.58,1
0.0,3,0,1,1,2083.93,3,0,1,0.2412,0,0.0,0
0.5,2,1,12,10,3567.65,3,1,3,0.1764,1,7.13,1
0.0,2,0,40,20,3167.01,1,0,1,0.38,0,0.0,0
0.0,1,0,23,10,2607.22,3,0,1,0.5572,0,0.0,0
0.0,0,0,58,58,1560.63,2,1,2,0.2364,0,0.0,1
0.5,2,1,26,26,1436.4,1,0,1,0.3033,1,14.45,1
0.0,1,0,54,14,2433.83,2,0,1,0.6021,0,0.0,0
0.3333,3,1,20,20,5019.7,2,0,1,0.2779,0,10.82,1
1.0,2,2,42,12,2840.37,3,0,1,0.253,1,5.37,1
0.6667,3,2,58,22,2547.94,2,1,2,0.2403,0,20.29,0
0.0,0,0,35,35,3459.96,3,1,2,0.1982,0,0.0,0
0.0,1,0,4,4,1917.9,2,0,1,0.2399,0,0.0,0
0.0,0,0,49,49,2338.68,4,1,4,0.46,0,0.0,0
0.3333,3,1,36,16,1718.1,2,1,2,0.1799,0,9.31,0
0.0,0,0,18,18,1348.26,4,0,1,0.1776,0,0.0,0
0.0,3,0,20,20,1774.24,2,0,1,0.4596,0,0.0,1
1.0,1,1,31,26,1070.48,2,1,2,0.3571,0,6.22,1
0.0,3,0,6,6,1395.09,1,0,1,0.2997,0,0.0,0
0.5,2,1,41,16,4652.97,4,0,1,0.1052,0,10.24,1
0.5,2,1,34,7,847.59,1,0,1,0.5325,1,17.8,1
0.3333,3,1,44,33,2424.14,2,0,1,0.5232,0,22.76,0
0.0,1,0,37,21,1595.94,4,1,4,0.4658,0,0.0,0
0.0,0,0,15,15,2549.51,2,1,2,0.1858,0,0.0,0
0.5,2,1,39,27,1649.71,4,1,2,0.3623,0,17.33,1
0.0,2,0,39,22,3282.62,4,1,4,0.4108,0,0.0,0
0.5,2,1,5,5,1114.7,1,0,1,0.1809,0,12.77,0
0.5,2,1,47,6,1033.15,1,0,1,0.4777,0,11.37,0
0.0,0,0,12,12,1751.92,1,0,1,0.1789,0,0.0,0
0.0,2,0,12,12,4761.47,4,0,1,0.6211,0,0.0,0
0.3333,3,1,12,12,1409.48,2,0,1,0.4746,0,19.36,1
0.0,0,0,37,37,1803.28,2,1,2,0.632,0,0.0,1
0.0,0,0,26,26,2173.31,1,0,1,0.1168,0,0.0,1
0.3333,3,1,6,6,1936.18,2,0,1,0.5644,0,22.28,0
0.0,0,0,44,44,2260.45,3,1,3,0.5307,0,0.0,0
0.0,1,0,43,38,3628.57,3,0,1,0.3459,0,0.0,0
0.0,0,0,4,4,1092.3,2,1,2,0.4165,0,0.0,0
0.0,1,0,39,13,2880.82,2,0,1,0.2505,0,0.0,0
0.3333,3,1,25,20,8926.32,5,0,1,0.1693,0,13.8,0
0.0,0,0,23,23,2795.29,5,0,1,0.2667,0,0.0,0
0.0,3,0,6,6,2822.43,5,0,1,0.4218,0,0.0,0
0.0,1,0,59,24,1574.49,1,0,1,0.2179,0,0.0,0
0.0,0,0,38,38,1624.08,2,0,1,0.4297,0,0.0,0
1.0,1,1,57,57,1319.32,2,1,2,0.2437,0,21.41,1
0.0,0,0,23,23,1212.71,2,0,1,0.1132,0,0.0,1
0.3333,3,1,55,17,1619.18,4,1,2,0.2768,0,24.85,0
1.0,1,1,28,18,2434.37,2,0,1,0.6495,1,24.14,1
1.0,1,1,1,1,1871.49,5,0,1,0.3294,0,23.97,1
0.0,2,0,19,13,2478.8,2,0,1,0.3155,0,0.0,0
0.5,2,1,36,17,3321.27,4,0,1,0.2507,0,22.2,0
0.3333,3,1,56,20,1700.33,3,1,3,0.2836,0,14.65,1
0.0,1,0,43,13,2996.3,2,1,2,0.3694,0,0.0,1
0.6667,3,2,7,7,2034.31,3,1,3,0.2547,0,17.12,1
0.28,25,7,447,14,4006.81,5,0,1,0.5988,3,3.23,1
0.5185,27,14,700,6,2517.8,2,0,1,0.5371,8,2.55,1
0.5,34,17,388,16,4247.5,4,0,1,0.4542,8,3.14,0
0.8,10,8,674,12,2438.63,5,0,1,0.582,4,4.04,1
0.8,30,24,299,19,7508.95,6,0,1,0.3199,8,4.91,1
0.75,12,9,722,23,2025.77,4,1,2,0.5558,5,6.57,1
0.4615,13,6,395,13,5039.96,6,1,2,0.8416,5,3.97,1
0.6765,34,23,682,15,4215.63,4,1,4,0.5063,8,2.49,1
0.7895,38,30,136,6,3515.62,5,1,3,0.4848,7,1.95,1
0.6923,13,9,521,6,2215.17,2,1,2,0.5017,4,3.45,1
0.7188,32,23,569,14,5893.25,4,1,2,0.5445,8,2.45,1
0.5385,26,14,466,18,1694.57,2,0,1,0.6363,5,2.82,1
0.6757,37,25,105,17,5465.99,4,1,2,0.6223,8,6.05,1
0.8667,30,26,400,4,3129.03,2,0,1,0.3688,8,4.23,1
0.8718,39,34,110,5,6021.41,4,1,2,0.3139,8,4.35,1
0.5385,26,14,710,8,3357.02,6,1,2,0.5442,4,4.1,0
0.4118,17,7,334,9,3040.97,3,0,1,0.6664,4,3.93,0
0.7692,13,10,545,9,4812.76,5,1,2,0.3437,4,3.84,1
0.7647,17,13,307,12,2879.56,2,0,1,0.5155,7,4.19,1
0.4783,23,11,617,22,3494.03,6,0,1,0.7621,5,4.77,1
0.9259,27,25,612,13,2280.5,3,0,1,0.5148,8,2.58,0
0.9,20,18,629,14,1627.1,2,0,1,0.3428,8,3.02,0
0.7333,30,22,767,8,5397.58,6,0,1,0.6129,8,1.98,1
0.8333,30,25,183,9,2230.62,4,1,3,0.6628,8,3.43,1
0.9189,37,34,123,15,2513.53,2,0,1,0.5691,8,2.48,1
0.9091,22,20,301,18,2669.65,4,1,4,0.5996,8,3.66,1
0.7826,23,18,137,11,1648.65,2,0,1,0.6909,6,5.53,1
0.3,10,3,598,8,5565.67,4,1,2,0.6679,2,4.64,0
0.8,10,8,429,14,6291.06,3,0,1,0.4469,5,3.63,1
0.7714,35,27,548,13,3811.32,4,1,4,0.244,8,4.24,1
0.5135,37,19,180,31,3114.79,3,1,3,0.3513,8,2.71,1
0.4091,22,9,393,11,3255.07,6,1,2,0.7381,6,4.13,0
0.7333,30,22,602,21,2712.56,6,1,2,0.4753,8,3.22,1
0.8095,21,17,361,10,2878.56,5,1,4,0.3709,6,4.21,1
0.4375,32,14,690,8,1900.91,3,0,1,0.3629,5,5.91,1
0.0833,12,1,358,11,3634.43,6,0,1,0.437,1,2.63,1
0.75,32,24,676,3,5109.2,4,1,2,0.2046,8,2.63,1
0.6875,16,11,135,9,2565.57,5,1,3,0.4298,7,6.55,0
0.6857,35,24,440,12,4563.4,6,1,4,0.5329,8,3.14,1
0.9375,16,15,413,12,2774.65,4,0,1,0.5935,8,2.77,1
0.7143,14,10,463,10,9636.45,4,1,3,0.4728,5,3.35,1
0.6111,18,11,326,16,1817.81,3,1,3,0.3728,4,5.85,1
0.7273,11,8,232,22,4700.62,5,1,4,0.3036,3,3.38,1
0.4,10,4,346,12,3584.27,3,1,3,0.5636,3,3.31,1
0.697,33,23,755,8,4499.36,6,0,1,0.465,8,3.31,0
0.6296,27,17,275,7,3213.68,3,0,1,0.5718,8,2.59,0
0.875,40,35,234,16,5905.86,4,1,4,0.6409,8,3.63,1
0.7838,37,29,120,12,8081.42,5,0,1,0.3455,8,3.87,0
0.75,12,9,573,17,3272.54,3,0,1,0.5285,3,3.4,1
0.5484,31,17,756,3,2218.11,2,0,1,0.3939,8,3.55,1
0.9722,36,35,475,9,6309.99,3,1,3,0.3394,8,2.77,1
0.75,36,27,550,8,3399.34,2,0,1,0.3486,7,5.92,0
0.3784,37,14,185,9,2368.72,3,0,1,0.8028,7,3.12,1
0.9474,19,18,435,16,3052.5,4,0,1,0.4429,8,6.06,1
0.6875,16,11,329,13,5980.33,6,0,1,0.5705,5,5.61,1
0.9143,35,32,637,20,3567.81,5,1,2,0.4527,8,3.8,1
0.7857,14,11,765,12,3441.7,6,1,2,0.6835,8,3.44,1
0.2727,11,3,536,20,3854.88,5,0,1,0.3957,3,3.25,0
0.6053,38,23,587,9,2813.33,3,1,3,0.2915,8,4.65,1
0.6364,11,7,663,16,10581.87,3,1,2,0.7421,2,6.14,1
0.8571,28,24,622,12,4542.95,4,0,1,0.5383,8,6.37,0
0.8387,31,26,587,13,5754.87,3,0,1,0.1505,8,6.67,0
0.4138,29,12,540,13,5741.75,4,0,1,0.7098,8,5.31,1
0.75,16,12,361,25,2186.93,2,0,1,0.38,3,4.24,0
0.7143,21,15,665,6,2604.68,4,1,3,0.5836,7,5.19,1
0.6087,23,14,563,12,3419.68,2,0,1,0.3532,4,4.28,1
0.56,25,14,787,11,3289.02,5,0,1,0.56,3,2.01,0
0.5294,17,9,180,13,3309.4,3,1,2,0.4067,7,6.44,1
0.7273,11,8,539,10,2848.51,3,1,3,0.4815,5,2.75,0
0.6,10,6,453,13,4796.43,5,1,4,0.4981,1,4.22,1
0.6552,29,19,235,11,3943.43,6,0,1,0.5199,8,3.38,0
0.36,25,9,795,2,3198.85,3,1,3,0.6114,5,2.25,0
0.7714,35,27,412,19,3761.65,5,0,1,0.4035,8,4.81,1
0.8718,39,34,716,11,3164.9,6,1,4,0.6871,8,3.36,1
0.8,40,32,546,29,3625.72,6,1,2,0.3634,8,6.26,1
0.8462,13,11,503,5,3398.09,4,1,3,0.5535,7,4.81,1
0.8571,14,12,142,7,4390.22,3,1,2,0.6379,7,2.06,1
0.4,15,6,228,7,3178.66,3,0,1,0.6314,4,5.06,0
0.8571,35,30,114,14,1294.82,2,0,1,0.4123,8,5.71,1
0.5385,13,7,144,12,2552.02,5,0,1,0.5697,3,8.03,1
0.4737,19,9,766,22,4273.98,4,1,2,0.2784,4,3.7,0
0.5909,22,13,456,7,4329.07,5,1,3,0.3613,7,2.48,1
0.3158,19,6,555,12,4674.07,5,1,3,0.4982,5,3.32,1
0.8056,36,29,237,5,3582.98,2,1,2,0.4951,8,5.29,1
0.7241,29,21,210,9,2766.14,3,0,1,0.6247,8,4.4,1
0.7059,34,24,663,16,2038.07,4,0,1,0.4141,8,2.76,1
0.6667,39,26,660,5,6580.11,6,1,2,0.7233,8,3.32,1
0.7143,21,15,143,11,3366.62,6,0,1,0.5408,6,2.5,1
0.2778,36,10,556,4,7032.69,6,0,1,0.6503,4,3.1,0
0.6486,37,24,568,6,5510.97,4,0,1,0.6261,8,6.22,1
0.7941,34,27,512,7,7485.88,4,1,4,0.7517,8,1.94,1
0.7143,28,20,285,8,2762.52,2,0,1,0.4575,8,6.47,1
0.5333,15,8,105,16,5210.81,3,0,1,0.7367,2,3.53,0
0.4737,19,9,588,13,3970.93,3,1,3,0.5738,3,2.68,1
0.7308,26,19,496,9,2975.45,4,0,1,0.2985,8,4.81,1
0.7037,27,19,270,19,2393.32,3,1,3,0.4967,6,4.26,1
0.7222,18,13,640,12,5000.79,6,1,3,0.2483,7,3.02,1
0.7,10,7,537,17,4313.07,5,1,2,0.4681,4,4.09,1
0.525,40,21,783,17,3856.97,6,0,1,0.4484,8,2.15,1
0.5882,34,20,472,7,2719.51,3,1,3,0.4023,7,6.07,1
0.8,30,24,435,10,4002.08,6,1,3,0.3523,8,2.42,0
0.8286,35,29,358,10,2731.24,3,0,1,0.4801,8,2.42,1
0.75,16,12,568,12,5552.59,6,0,1,0.4252,6,2.52,0
0.9,20,18,461,5,2327.3,4,0,1,0.6539,4,2.67,0
0.6667,27,18,581,9,2149.54,2,0,1,0.406,6,2.88,1
0.5385,26,14,313,11,2840.19,4,1,4,0.2634,4,2.98,0
0.9375,32,30,717,12,2294.99,2,0,1,0.4218,8,5.42,0
0.8276,29,24,125,5,1731.59,2,0,1,0.7327,8,3.23,1
0.85,20,17,537,11,5144.16,3,1,3,0.5564,5,3.08,1
0.4118,17,7,279,7,5413.57,3,0,1,0.2726,4,2.91,0
0.8333,12,10,437,19,6354.09,5,1,2,0.5859,6,2.39,1
0.6471,17,11,764,8,3889.96,4,1,4,0.296,7,5.06,1
0.8846,26,23,274,8,3206.47,2,0,1,0.5466,8,2.34,1
0.64,25,16,641,7,3963.48,2,0,1,0.6667,5,3.61,1
0.4375,32,14,369,4,2925.72,5,1,4,0.5159,6,2.42,1
0.5882,34,20,714,8,2034.4,3,1,3,0.4388,7,4.73,1
0.4545,33,15,681,15,3703.16,5,1,2,0.5729,7,3.89,1
0.3889,18,7,180,14,4245.89,6,1,2,0.6392,4,2.39,1
0.6875,32,22,254,8,2795.92,2,1,2,0.5848,8,2.77,1
0.6857,35,24,266,8,4225.46,6,1,2,0.1906,8,2.78,1
0.3333,12,4,709,7,3854.8,2,1,2,0.3967,2,2.09,1
0.8,15,12,100,3,5738.06,6,1,3,0.692,7,4.79,1
0.6486,37,24,619,11,7327.51,6,1,3,0.3009,8,5.14,1
0.6667,21,14,516,10,5356.4,3,0,1,0.8897,6,2.11,1
0.6154,13,8,343,15,5415.21,6,1,4,0.5307,4,2.34,1
0.3704,27,10,602,8,4247.79,4,0,1,0.8261,7,1.59,1
0.5789,38,22,557,5,9872.6,6,1,4,0.269,8,3.03,1
0.8235,17,14,661,5,3827.2,2,1,2,0.6844,2,3.55,1
0.7188,32,23,407,18,5746.85,4,1,4,0.6662,8,3.29,1
0.7083,24,17,384,13,3012.43,3,0,1,0.3888,8,3.49,0
0.6471,17,11,277,9,8469.53,5,1,2,0.3733,4,4.39,1
0.5926,27,16,688,15,4356.27,6,1,3,0.4777,5,5.97,1
0.7727,22,17,531,13,5786.17,3,1,2,0.5428,7,2.22,0
0.7,40,28,602,10,6169.89,5,0,1,0.4977,8,2.82,1
0.6364,33,21,337,12,3820.71,5,1,3,0.4402,8,6.45,0
0.2632,19,5,258,8,3364.46,3,1,3,0.2658,3,3.12,0
0.5385,13,7,469,5,4325.39,4,0,1,0.5171,2,3.27,0
0.2963,27,8,291,9,8634.87,3,1,2,0.5205,4,1.65,1
0.6875,16,11,144,12,4048.24,4,1,4,0.4944,5,5.67,1
0.8261,23,19,224,9,5404.99,6,0,1,0.453,8,5.45,0
0.619,21,13,782,14,5670.09,4,1,2,0.3906,8,4.54,1
0.625,40,25,598,13,3020.78,3,1,2,0.6301,7,4.72,1
0.8667,15,13,666,10,2957.9,3,1,3,0.5341,8,4.9,1
0.5556,18,10,535,9,3562.68,4,1,4,0.5082,3,6.41,1
0.7568,37,28,413,16,3367.92,4,1,2,0.6176,8,6.85,1
0.7308,26,19,462,11,3268.73,4,0,1,0.6605,6,3.13,0
0.4211,19,8,222,6,7824.55,5,1,2,0.5359,6,2.67,1
1.0,13,13,406,12,3024.84,2,0,1,0.3701,5,4.43,1
0.9333,30,28,368,15,3186.78,2,1,2,0.2963,8,4.82,1
0.5641,39,22,727,8,3308.23,5,1,2,0.3709,8,1.59,0
0.25,16,4,484,11,3152.08,2,1,2,0.4955,3,3.85,1
0.3939,33,13,474,16,4980.12,5,0,1,0.4169,2,4.86,0
0.6,20,12,497,12,3326.76,6,0,1,0.5449,5,3.5,0
0.9062,32,29,108,8,2839.22,4,0,1,0.573,8,4.22,0
0.75,24,18,192,20,5876.51,6,1,2,0.2523,7,4.13,0
0.3929,28,11,263,16,3705.14,3,1,3,0.5018,5,5.17,0
0.7586,29,22,108,8,3826.51,4,0,1,0.6475,8,3.52,1
0.3793,29,11,359,6,3364.31,4,0,1,0.4597,7,4.79,0
0.8214,28,23,467,8,3814.2,5,1,3,0.6213,8,3.62,1
0.5,34,17,783,9,2913.89,3,1,3,0.6748,6,2.31,0
0.5556,27,15,243,16,3894.87,3,0,1,0.582,6,3.75,0
0.6522,23,15,310,8,5177.65,6,0,1,0.5896,4,2.93,0
0.7647,17,13,734,9,7692.36,3,1,3,0.4422,7,1.37,1
0.5,10,5,779,13,3050.85,3,1,3,0.6915,5,4.55,1
0.9412,17,16,527,22,3652.26,5,1,4,0.4572,8,5.1,0
0.7273,22,16,494,9,3505.27,4,1,2,0.6837,8,2.15,1
0.3529,17,6,482,15,2710.5,3,0,1,0.629,3,5.04,1
0.96,25,24,253,7,2543.69,2,1,2,0.5354,6,4.23,1
0.6522,23,15,467,6,4150.81,5,1,3,0.3965,8,2.52,0
0.8214,28,23,591,9,5404.82,5,1,3,0.4617,6,2.27,1
0.5,18,9,745,11,2908.14,3,1,3,0.3697,3,3.07,0
0.8529,34,29,388,9,4328.72,4,1,2,0.5792,8,3.98,1
0.75,20,15,640,9,2937.53,4,0,1,0.5939,8,2.73,1
0.5455,11,6,130,12,5454.12,6,1,2,0.5499,3,6.84,0
0.7273,11,8,451,15,2458.54,3,1,3,0.309,2,5.7,1
0.5882,17,10,285,7,5102.98,5,0,1,0.4594,5,4.34,1
0.4571,35,16,477,10,3971.62,5,0,1,0.3498,6,3.11,1
0.6364,33,21,648,8,7319.02,4,1,3,0.3378,6,3.68,0
0.9333,15,14,231,7,3390.71,4,1,2,0.5875,8,3.54,0
0.35,20,7,220,16,2079.71,3,1,2,0.7468,6,6.58,1
0.9655,29,28,448,12,6457.2,5,1,4,0.5007,8,6.52,1
0.55,20,11,223,17,4913.21,3,1,2,0.5316,7,2.33,1
0.2821,39,11,263,12,2146.57,2,0,1,0.5799,3,4.67,0
0.1818,22,4,321,10,4615.44,3,1,3,0.5949,1,4.67,0
0.5333,15,8,579,10,3495.91,6,0,1,0.3507,5,2.13,1
0.6,15,9,288,26,3124.76,4,1,4,0.6677,3,5.37,1
0.9091,22,20,321,11,9299.05,5,1,2,0.5146,5,2.53,1
0.725,40,29,513,7,5315.0,6,1,2,0.3357,8,3.85,0
0.6667,12,8,134,11,2737.87,4,1,3,0.511,3,2.34,0
0.75,40,30,678,8,2219.37,3,1,3,0.4386,8,2.72,0
0.5312,32,17,354,13,4395.45,6,1,4,0.6394,8,4.79,1
0.8824,17,15,794,8,3472.33,3,1,2,0.704,8,3.16,1
0.8387,31,26,519,27,5600.01,5,1,2,0.5038,8,3.06,1
0.5588,34,19,482,8,3048.66,2,0,1,0.2962,7,2.6,1
0.6333,30,19,166,18,4638.96,3,1,3,0.6727,8,4.57,1
0.7436,39,29,581,6,4091.41,3,0,1,0.283,8,4.67,0
0.8974,39,35,410,11,7594.2,5,1,2,0.6419,8,6.95,1
0.3548,31,11,662,6,2061.5,2,1,2,0.7558,4,3.72,0
0.6667,15,10,553,6,2669.16,3,1,3,0.5605,2,3.09,1
0.9118,34,31,750,7,4595.84,6,1,3,0.6283,8,4.08,1
0.9565,23,22,552,10,5615.14,3,0,1,0.5511,8,3.85,1
0.5833,24,14,796,16,2630.31,4,1,2,0.2706,7,2.62,1
0.6757,37,25,301,17,2820.21,3,1,3,0.5179,8,2.36,1
0.6061,33,20,161,11,3532.49,4,1,2,0.8272,8,5.16,1
0.8095,21,17,745,6,3806.5,2,1,2,0.6298,8,5.96,1
0.8,40,32,304,6,4521.5,6,0,1,0.7239,8,1.26,1
0.7143,14,10,241,12,1355.41,6,1,2,0.3033,4,2.32,1
0.5714,35,20,319,5,8402.29,6,1,3,0.5199,8,1.82,0
0.56,25,14,261,20,2797.14,3,1,2,0.5745,4,1.59,0
0.6,40,24,462,16,4772.19,4,1,4,0.5041,6,2.06,1
0.68,25,17,293,13,3568.28,2,1,2,0.54,6,7.01,0
0.3,30,9,189,9,4642.45,2,0,1,0.5131,3,3.65,0
0.5833,36,21,331,15,2217.3,4,1,2,0.5946,8,2.66,1
0.3636,11,4,115,9,6594.95,6,1,4,0.4969,1,3.09,1
0.3125,32,10,508,12,1414.93,2,1,2,0.4508,4,4.49,1
0.7,30,21,277,10,3341.55,3,0,1,0.4488,8,3.64,1
0.875,16,14,784,16,7444.24,4,0,1,0.5201,8,5.15,1
0.7619,21,16,748,13,3397.07,3,1,2,0.4894,5,4.01,1
0.5417,24,13,628,22,3244.37,5,1,2,0.602,5,3.05,1
0.8667,15,13,230,7,11168.58,6,1,3,0.4968,6,4.07,1
0.7692,13,10,577,12,3405.43,5,1,3,0.4076,2,4.52,0
0.7778,27,21,135,21,4407.67,5,1,3,0.1909,8,4.33,0
0.5882,17,10,439,20,2444.02,3,0,1,0.4554,8,4.89,0
0.5455,11,6,162,8,3826.38,4,1,2,0.5307,3,2.49,0
0.75,12,9,523,5,6312.25,6,1,3,0.3203,4,12.29,0
0.9375,16,15,329,9,3152.76,2,0,1,0.4295,8,3.04,1
0.5385,26,14,383,6,3064.39,3,0,1,0.4307,8,3.3,0
0.4815,27,13,285,7,5823.34,6,1,2,0.6507,4,4.02,1
0.7368,19,14,568,11,4068.63,5,1,2,0.498,8,4.58,1
0.7273,22,16,311,13,2811.93,3,1,3,0.5244,7,5.7,1
0.4359,39,17,167,16,5865.82,2,1,2,0.4749,8,2.79,1
0.7667,30,23,576,4,2686.73,5,1,2,0.69,8,7.65,1
0.5385,39,21,526,12,7635.97,5,1,2,0.3033,8,6.31,1
0.6364,11,7,745,7,9805.03,6,0,1,0.2594,5,2.37,1
0.6,10,6,643,11,1738.37,3,0,1,0.4082,4,2.17,0
0.7222,18,13,797,10,4847.34,4,1,3,0.3871,4,5.27,0
0.7692,26,20,212,14,6113.27,3,0,1,0.6582,8,3.7,1
0.6154,26,16,159,16,4265.01,3,0,1,0.4335,3,2.62,0
0.6818,22,15,710,6,1646.44,2,0,1,0.3757,6,2.51,0
0.5429,35,19,618,8,4549.79,3,0,1,0.4268,8,3.2,0
0.6522,23,15,623,7,2837.76,5,1,3,0.3378,4,3.81,0
0.6538,26,17,109,13,4413.36,6,1,2,0.5172,7,4.24,1
0.6316,19,12,711,7,3132.57,4,1,4,0.4857,5,4.01,1
0.6923,13,9,327,11,2892.92,3,1,3,0.504,4,5.03,1
0.2857,21,6,383,24,3247.34,4,1,2,0.5978,3,3.44,1
0.7727,22,17,357,9,1900.51,4,0,1,0.6334,8,4.8,1
0.6667,39,26,582,11,1905.91,3,0,1,0.5354,8,3.87,0
0.4444,18,8,107,12,4988.66,2,0,1,0.5175,7,4.48,1
0.5517,29,16,159,18,2529.46,3,1,2,0.4969,8,4.84,1
0.8148,27,22,746,9,4323.27,5,0,1,0.5008,7,3.72,1
0.7391,23,17,579,9,6014.92,4,0,1,0.3537,5,3.55,1
0.7949,39,31,701,13,2524.31,2,0,1,0.6902,8,6.71,0
0.2308,13,3,798,6,4983.92,5,0,1,0.7328,3,2.24,1
0.7143,28,20,252,10,3695.92,5,1,4,0.2252,8,4.08,1
0.6842,19,13,563,10,2704.0,4,1,4,0.5334,8,4.97,1
0.3448,29,10,735,11,3802.7,5,1,3,0.6653,3,5.31,0
0.5862,29,17,388,14,8571.66,6,1,2,0.7097,8,2.69,1
0.9167,36,33,684,4,2085.38,2,0,1,0.3775,8,3.55,1
1.0,20,20,222,12,3524.97,4,1,4,0.4424,8,4.63,0
0.6154,26,16,505,10,6667.02,5,1,3,0.6614,5,3.17,0
0.2632,19,5,621,22,4539.24,4,1,4,0.4925,2,3.61,1
0.3846,13,5,224,12,3655.81,2,1,2,0.5058,4,4.85,0
0.9286,14,13,594,11,10085.24,6,0,1,0.6144,8,3.86,1
0.7667,30,23,590,16,3940.71,5,1,3,0.5864,8,4.06,1
0.6176,34,21,273,8,7519.72,6,1,2,0.7705,8,3.85,1
0.6875,16,11,279,11,3814.98,6,0,1,0.5749,7,4.78,0
0.9091,11,10,626,12,9907.97,6,0,1,0.3608,6,4.57,1
0.8333,30,25,331,11,1978.01,3,1,3,0.4936,8,3.36,1
0.7778,36,28,140,8,13498.84,5,0,1,0.4825,8,2.27,1
0.2,15,3,303,10,4611.09,4,1,4,0.4167,1,3.96,1
0.84,25,21,156,16,1876.5,4,1,4,0.4038,8,2.75,1
0.8158,38,31,421,6,7129.28,6,1,3,0.4445,8,4.11,1
0.4737,19,9,213,9,5081.39,5,1,2,0.4252,4,4.04,0
0.4516,31,14,463,8,3949.34,3,0,1,0.4486,8,3.47,0
0.3056,36,11,653,12,3147.47,5,1,2,0.688,2,2.44,1
0.871,31,27,557,15,7482.74,6,1,4,0.4392,4,4.76,1
0.8438,32,27,556,6,3546.44,5,0,1,0.5223,8,6.67,1
0.64,25,16,136,10,5004.83,2,1,2,0.3677,8,2.52,1
1.0,30,30,731,7,3942.73,3,1,3,0.483,8,2.82,1
0.7778,27,21,477,8,3302.21,2,0,1,0.4958,8,2.13,0
0.8235,17,14,783,8,3473.52,4,1,4,0.2723,5,2.98,0
0.4815,27,13,547,11,9488.91,6,1,3,0.3914,5,4.87,0
0.8,10,8,591,6,4204.61,6,0,1,0.7134,4,2.42,1
0.5556,18,10,202,8,3601.56,4,1,2,0.7425,6,3.48,1
0.9231,13,12,232,14,3330.22,2,1,2,0.3111,4,2.85,0
0.775,40,31,415,7,2501.87,4,1,3,0.5912,8,2.76,0
0.7931,29,23,254,11,3293.19,5,1,2,0.4548,8,6.93,1
0.5833,36,21,569,5,3763.02,6,1,3,0.3927,5,3.52,1
0.7188,32,23,333,7,4408.22,6,1,3,0.6047,8,2.08,1
0.92,25,23,785,13,3381.92,2,1,2,0.7358,8,5.03,1
1.0,39,39,395,7,5525.25,4,1,2,0.676,8,3.56,1
0.6923,13,9,188,4,3619.53,6,0,1,0.6909,7,2.62,0
0.8519,27,23,580,5,2618.91,3,1,2,0.5056,8,2.89,1
0.7436,39,29,740,10,3168.57,4,0,1,0.5425,8,5.18,1
0.7667,30,23,769,9,6938.08,4,1,2,0.5699,8,3.53,0
0.5455,11,6,604,7,5439.39,5,1,2,0.3664,2,5.66,0
0.9,10,9,196,12,9778.34,6,0,1,0.266,5,4.26,0
0.8333,36,30,546,15,3719.52,5,1,2,0.4034,8,4.05,1
0.7273,22,16,160,10,3200.17,3,0,1,0.1481,8,6.69,0
0.725,40,29,177,30,6350.43,6,0,1,0.427,8,3.52,1
0.0,14,0,817,10,1466.04,1,0,1,0.3621,0,0.0,0
0.1071,28,3,206,29,3080.06,1,0,1,0.2758,0,26.43,0
0.2105,19,4,416,21,1799.68,2,1,2,0.2674,1,19.36,0
0.0,10,0,529,19,1222.68,2,0,1,0.2284,0,0.0,0
0.1905,21,4,311,13,1463.79,2,1,2,0.1397,0,5.84,0
0.15,20,3,265,13,1866.6,1,0,1,0.1177,1,11.96,0
0.2727,11,3,957,19,1894.53,2,1,2,0.222,1,8.52,1
0.4545,11,5,367,20,1469.82,1,0,1,0.0374,0,36.89,0
0.0,10,0,194,16,1076.96,1,0,1,0.1239,0,0.0,0
0.3077,13,4,468,42,2932.51,1,0,1,0.0646,0,24.98,0
0.0952,21,2,433,6,1581.32,1,0,1,0.0586,1,34.36,0
0.0882,34,3,359,15,1539.61,1,0,1,0.4665,0,26.55,1
0.0,7,0,842,90,1434.0,1,0,1,0.1673,0,0.0,0
0.0,15,0,204,21,2342.67,1,0,1,0.2841,0,0.0,0
0.1818,11,2,810,20,2169.27,2,0,1,0.1184,0,23.86,0
0.2353,34,8,932,11,3346.39,3,1,3,0.09,1,11.45,0
0.25,32,8,313,37,2275.44,1,0,1,0.0634,4,31.64,0
0.0,10,0,874,40,1241.78,1,0,1,0.0745,0,0.0,0
0.1667,12,2,750,19,675.26,1,0,1,0.2278,0,33.5,0
0.0,11,0,751,19,882.36,1,0,1,0.0885,0,0.0,1
0.0,13,0,851,12,1857.52,1,0,1,0.0123,0,0.0,0
0.0625,16,1,964,41,1073.55,2,0,1,0.0737,0,12.86,0
0.3333,15,5,334,23,2275.03,2,0,1,0.117,1,39.88,0
0.3333,18,6,869,21,1743.36,2,1,2,0.1207,0,19.37,0
0.1333,15,2,250,12,2243.12,2,0,1,0.1306,1,17.77,0
0.1875,16,3,520,34,2077.36,2,0,1,0.1808,1,18.42,0
0.1818,11,2,576,11,1922.91,1,0,1,0.0439,0,30.38,0
0.0588,17,1,614,23,1843.87,2,0,1,0.078,0,18.65,0
0.1111,9,1,180,23,2425.79,2,0,1,0.151,0,33.84,0
0.0714,14,1,474,19,1840.87,1,0,1,0.123,0,17.59,0
0.5263,19,10,643,15,870.29,1,0,1,0.0972,1,27.0,0
0.1,20,2,342,16,1703.91,2,0,1,0.1695,0,23.65,0
0.0,26,0,543,40,3031.01,1,0,1,0.3091,0,0.0,0
0.0,9,0,587,17,1371.79,2,0,1,0.1483,0,0.0,0
0.0714,14,1,332,15,1081.13,1,0,1,0.0237,0,25.38,0
0.1667,12,2,700,34,1368.67,1,0,1,0.0229,0,21.72,0
0.0,20,0,287,29,1724.37,2,0,1,0.0249,0,0.0,0
0.0741,27,2,580,44,1373.87,1,0,1,0.0725,1,19.34,0
0.2,20,4,333,25,1177.21,2,1,2,0.0656,0,18.61,1
0.0625,16,1,980,14,1022.37,1,0,1,0.2211,0,11.83,0
0.2778,18,5,383,18,2946.11,2,0,1,0.1733,0,17.18,0
0.2308,13,3,466,20,3134.15,2,0,1,0.1137,0,23.43,0
0.3333,6,2,450,25,2050.21,1,0,1,0.4166,0,20.8,0
0.0556,18,1,923,20,1196.37,1,0,1,0.442,0,21.02,0
0.0588,17,1,643,14,1827.83,1,0,1,0.1651,0,15.74,0
0.1111,9,1,354,21,1673.38,2,0,1,0.2839,0,16.7,0
0.0,4,0,532,34,1846.77,2,0,1,0.2243,0,0.0,0
0.5,8,4,891,32,2591.32,2,0,1,0.1273,0,14.49,1
0.3158,19,6,736,20,1394.71,1,0,1,0.1397,1,24.64,1
0.1667,6,1,352,16,1654.6,1,0,1,0.0502,1,26.03,0
0.3333,9,3,244,36,2006.34,1,0,1,0.0199,0,19.05,0
0.125,8,1,1000,19,1445.09,1,0,1,0.2929,0,36.15,0
0.0909,11,1,473,47,1979.32,2,1,2,0.2155,0,26.48,0
0.0435,23,1,722,15,1870.82,3,0,1,0.0917,0,31.42,0
0.4,5,2,187,18,2353.23,2,0,1,0.1715,0,23.67,0
0.0,5,0,628,12,1845.67,1,0,1,0.1084,0,0.0,0
0.1905,21,4,360,14,2041.36,1,0,1,0.1526,0,10.64,0
0.3333,6,2,732,24,1045.8,2,0,1,0.1814,0,40.93,0
0.4444,9,4,807,18,1602.3,1,0,1,0.1252,1,14.29,0
0.0882,34,3,479,20,1410.9,2,0,1,0.1286,1,19.47,0
0.1667,12,2,443,26,1978.65,1,0,1,0.2633,0,36.78,0
0.125,8,1,242,17,1748.16,1,0,1,0.0614,0,12.5,1
0.2778,18,5,563,38,2003.9,2,0,1,0.238,1,15.17,0
0.1429,7,1,799,16,2560.31,2,1,2,0.0826,0,29.0,0
0.15,20,3,346,28,2779.13,2,1,2,0.1895,0,11.01,0
0.2353,17,4,337,11,2764.54,2,0,1,0.1299,0,32.61,0
0.0,10,0,940,14,2621.11,2,0,1,0.4298,0,0.0,0
0.0588,34,2,468,39,1348.87,1,0,1,0.1875,0,35.68,0
0.2222,9,2,240,14,1649.71,2,0,1,0.1142,1,8.06,0
0.0,6,0,755,44,1659.2,2,0,1,0.0661,0,0.0,0
0.0833,12,1,198,72,1526.24,1,0,1,0.0642,0,14.65,0
0.0,12,0,580,23,1677.75,1,0,1,0.24,0,0.0,0
0.0833,12,1,971,13,959.37,1,0,1,0.2259,0,16.01,0
0.3611,36,13,195,16,1923.12,1,0,1,0.0532,2,14.43,0
0.0769,13,1,514,40,1263.71,1,0,1,0.1669,0,14.42,0
0.1818,11,2,610,28,1477.51,1,0,1,0.3385,0,18.02,0
0.0,7,0,936,13,1381.3,1,0,1,0.0736,0,0.0,0
0.1429,7,1,212,10,1366.16,1,0,1,0.4093,0,33.97,1
0.1481,27,4,185,18,2054.67,2,0,1,0.2216,0,15.64,0
0.125,8,1,647,16,1652.68,1,0,1,0.204,0,14.65,0
0.0,10,0,813,23,757.32,1,0,1,0.3743,0,0.0,0
0.0,8,0,381,20,931.83,2,0,1,0.1879,0,0.0,0
0.1429,7,1,950,21,2806.18,2,0,1,0.0493,0,25.8,0
0.125,16,2,812,41,2532.7,1,0,1,0.1782,0,21.03,0
0.2,10,2,943,28,2155.57,2,0,1,0.3294,0,15.95,1
0.25,12,3,213,19,2103.09,2,0,1,0.0442,1,19.49,0
0.0625,16,1,425,8,3333.73,1,0,1,0.146,0,21.72,0
0.6,10,6,754,30,2109.99,2,0,1,0.0345,1,25.23,0
0.1429,21,3,201,20,1505.08,1,0,1,0.4535,0,16.34,0
0.125,16,2,213,57,1420.92,1,0,1,0.2719,0,32.47,0
0.5,14,7,717,23,1496.68,1,0,1,0.0169,0,19.81,1
0.6364,11,7,572,26,1241.78,1,0,1,0.2183,0,10.65,1
0.2105,19,4,931,21,1982.71,2,0,1,0.2621,0,33.98,0
0.1765,17,3,440,19,2039.75,1,0,1,0.1532,0,21.71,0
0.125,8,1,193,24,2495.61,1,0,1,0.0069,0,23.36,0
0.0,8,0,188,33,1607.26,2,0,1,0.3617,0,0.0,1
0.0,6,0,940,14,4302.41,3,0,1,0.1975,0,0.0,0
0.2069,29,6,665,45,1652.86,1,0,1,0.0772,0,23.47,0
0.0,10,0,428,16,2355.07,2,0,1,0.1786,0,0.0,0
0.4444,27,12,667,32,1177.66,1,0,1,0.0482,1,9.61,1
0.0,17,0,498,43,1281.04,1,0,1,0.0962,0,0.0,0
0.1111,27,3,623,30,1476.26,1,0,1,0.0815,1,7.2,0
0.0526,19,1,562,24,2130.58,1,0,1,0.0707,0,16.6,0
0.2308,13,3,991,21,1606.91,1,0,1,0.0534,0,18.67,1
0.1707,41,7,332,14,2234.27,1,0,1,0.0459,0,20.43,0
0.0833,12,1,912,24,4369.63,2,0,1,0.0182,0,30.73,0
0.3333,6,2,760,17,2017.12,1,0,1,0.2882,2,24.22,1
0.0,10,0,788,15,1896.76,2,0,1,0.0724,0,0.0,0
0.0667,15,1,936,14,3909.88,2,0,1,0.1362,0,17.4,0
0.1667,12,2,762,19,1819.15,2,0,1,0.0476,0,15.98,0
0.0588,17,1,356,29,6009.67,2,0,1,0.2873,0,19.2,1
0.0909,11,1,404,19,1155.48,2,1,2,0.0826,0,16.11,0
0.3182,22,7,943,24,1980.95,2,0,1,0.0822,1,8.96,0
0.0,18,0,242,10,2097.83,1,0,1,0.0421,0,0.0,0
0.2857,7,2,572,12,1669.38,2,1,2,0.1087,0,18.77,0
0.0,8,0,741,29,722.51,1,0,1,0.2629,0,0.0,0
0.1765,17,3,731,17,1852.38,2,0,1,0.1091,0,14.33,0
0.1538,13,2,596,25,1906.43,2,0,1,0.1031,0,21.92,0
0.0,13,0,971,13,1513.7,2,0,1,0.111,0,0.0,0
0.4,10,4,852,19,1527.47,1,0,1,0.075,0,19.3,0
0.28,25,7,327,34,2423.04,2,0,1,0.1903,2,29.74,0
0.4,15,6,654,27,1470.53,1,0,1,0.0643,0,17.02,0
0.1026,39,4,379,24,1257.17,2,0,1,0.1281,1,18.84,0
0.25,4,1,829,43,1171.31,1,0,1,0.304,1,11.65,0
0.125,8,1,713,15,2138.51,2,0,1,0.316,0,16.59,0
0.1,10,1,776,22,1244.89,1,0,1,0.2663,0,20.53,0
0.2,5,1,876,11,2098.65,1,0,1,0.2298,0,8.1,0
0.3333,6,2,539,24,1179.68,1,0,1,0.2926,0,17.41,0
0.0,45,0,842,28,3776.88,2,0,1,0.1277,0,0.0,0
0.0,6,0,518,16,1465.8,1,0,1,0.4134,0,0.0,0
0.0,11,0,917,18,2012.05,2,0,1,0.1901,0,0.0,1
0.2857,14,4,371,11,1572.2,2,1,2,0.129,0,14.86,0
0.3636,11,4,795,20,1618.97,1,0,1,0.272,2,17.71,0
0.125,16,2,611,29,1809.4,1,0,1,0.2214,0,20.53,1
0.0714,14,1,687,35,1515.39,1,0,1,0.1182,0,18.85,0
0.1765,17,3,467,14,970.4,1,0,1,0.3903,1,13.24,0
0.0769,13,1,969,35,992.66,1,0,1,0.0756,0,22.53,0
0.3333,9,3,451,18,862.93,1,0,1,0.1993,0,23.93,0
0.25,20,5,383,15,2196.57,1,0,1,0.2977,1,10.9,0
0.0,6,0,839,12,2444.31,2,0,1,0.1561,0,0.0,0
0.25,8,2,344,36,1693.86,2,0,1,0.071,1,8.28,0
0.2308,13,3,815,22,1745.8,2,0,1,0.226,0,16.99,0
0.3333,6,2,286,24,1869.05,2,0,1,0.2348,0,10.82,0
0.0909,11,1,750,16,2261.58,2,0,1,0.1785,0,10.34,0
0.0,10,0,205,26,2458.67,2,0,1,0.3187,0,0.0,0
0.2308,13,3,630,38,2108.09,1,0,1,0.1254,0,14.17,0
0.0741,27,2,853,19,1564.09,1,0,1,0.1241,0,31.7,0
0.125,8,1,328,9,1283.57,1,0,1,0.1009,0,27.97,0
0.0833,12,1,664,27,1054.39,1,0,1,0.1081,0,40.42,0
0.25,12,3,508,12,1031.22,1,0,1,0.302,1,11.26,0
0.0588,17,1,916,24,1766.6,1,0,1,0.0263,0,32.29,0
0.0833,12,1,833,14,1224.97,1,0,1,0.186,0,11.24,0
0.45,20,9,603,31,2324.63,2,1,2,0.1744,0,8.47,0
0.1667,12,2,350,13,1522.05,1,0,1,0.107,0,19.83,0
0.05,20,1,324,20,1841.46,1,0,1,0.2065,0,12.78,0
0.2941,17,5,878,8,1005.88,1,0,1,0.1305,1,9.88,0
0.0714,14,1,351,12,1185.11,1,0,1,0.1873,0,27.76,0
0.0455,22,1,668,19,792.8,1,0,1,0.1245,0,30.98,0
0.3333,12,4,653,9,1931.11,2,0,1,0.1289,0,13.52,0
0.56,25,14,499,28,3623.83,2,0,1,0.3658,1,14.33,0
0.0909,11,1,342,26,2008.96,1,0,1,0.0208,1,20.79,0
0.4167,12,5,406,31,3033.67,2,0,1,0.0764,0,17.52,0
0.25,24,6,661,22,1236.33,1,0,1,0.1527,1,10.6,0
0.0667,15,1,844,21,2226.66,1,0,1,0.2766,0,14.14,0
0.0,7,0,360,36,1329.37,1,0,1,0.0154,0,0.0,0
0.1111,9,1,990,13,2254.0,1,0,1,0.094,0,7.56,0
0.2286,35,8,681,23,1296.89,1,0,1,0.0743,0,19.56,0
0.2667,15,4,209,32,1313.89,1,0,1,0.1338,0,23.49,0
0.1786,28,5,769,27,2897.25,1,0,1,0.2893,1,36.28,0
0.25,12,3,356,28,4637.25,3,0,1,0.1841,0,21.86,0
0.0588,34,2,615,21,888.66,1,0,1,0.1245,1,20.7,0
0.0,8,0,956,26,2138.93,2,1,2,0.1122,0,0.0,0
0.1538,13,2,783,7,897.86,2,1,2,0.166,0,34.1,0
0.0833,24,2,418,17,2610.93,3,0,1,0.1341,1,13.93,0
0.125,8,1,921,13,851.08,1,0,1,0.2145,0,31.22,0
0.0625,16,1,546,19,2196.17,2,0,1,0.2292,0,21.07,1
0.375,8,3,785,25,2833.22,2,0,1,0.1011,0,24.89,0
0.5556,9,5,814,27,1243.8,1,0,1,0.2203,0,24.14,0
0.2,15,3,475,11,1203.28,2,0,1,0.0712,0,15.9,0
0.2857,7,2,608,24,1666.66,3,0,1,0.1019,1,22.4,0
0.0,18,0,649,32,1153.24,1,0,1,0.1151,0,0.0,0
0.1667,12,2,592,12,2604.19,2,0,1,0.1359,0,11.92,0
0.1579,19,3,988,19,1217.2,2,1,2,0.1073,0,30.74,0
0.125,8,1,702,25,3605.0,3,0,1,0.1252,0,18.17,0
0.04,25,1,857,9,2198.56,1,0,1,0.1453,0,12.31,0
0.2381,21,5,196,18,2252.26,2,0,1,0.2112,1,24.28,0
0.1111,18,2,766,21,3779.16,3,0,1,0.1787,1,12.86,0
0.0588,17,1,773,14,2436.77,1,0,1,0.1595,0,22.04,0
0.04,25,1,626,25,2535.08,3,1,3,0.3566,0,14.7,0
0.3333,9,3,544,25,1726.99,1,0,1,0.1424,0,15.46,0
0.1579,19,3,433,25,1680.61,1,0,1,0.1022,0,11.2,1
0.0,18,0,281,28,1058.7,1,0,1,0.0888,0,0.0,0
0.125,24,3,565,16,1231.87,1,0,1,0.4267,0,45.72,0
0.1667,12,2,854,18,2343.1,1,0,1,0.0312,0,10.82,1
0.125,16,2,501,27,1211.33,2,0,1,0.1043,1,43.44,0
0.1667,18,3,504,36,1829.54,2,0,1,0.1765,1,30.18,0
0.3333,15,5,842,12,1980.04,1,0,1,0.1022,0,53.81,0
0.3333,9,3,672,28,2098.9,1,0,1,0.1671,0,13.54,0
0.16,25,4,639,35,2037.48,2,0,1,0.0371,0,33.18,0
0.1875,16,3,756,26,1038.51,2,0,1,0.2546,0,13.86,0
0.4333,30,13,291,24,3040.57,2,0,1,0.4324,1,16.03,0
0.0303,33,1,681,6,2208.41,2,0,1,0.2558,0,17.06,0
0.1429,7,1,456,18,1556.57,2,0,1,0.1123,0,15.02,0
0.303,33,10,827,17,865.65,1,0,1,0.1606,1,19.16,0
0.0714,14,1,656,60,1432.2,1,0,1,0.0908,0,21.67,0
0.0909,11,1,935,10,2014.02,2,0,1,0.0339,0,19.69,0
0.1429,7,1,908,15,1539.42,2,0,1,0.1835,0,24.22,0
0.1429,21,3,757,14,2796.3,2,0,1,0.1667,1,21.94,0
0.2,10,2,660,39,1940.04,1,0,1,0.2563,0,23.15,0
0.0526,19,1,267,58,2100.83,2,0,1,0.1338,0,10.31,0
0.0,8,0,231,20,1405.19,1,0,1,0.1222,0,0.0,1
0.2,10,2,971,11,2060.68,1,0,1,0.2352,1,17.51,0
0.125,8,1,656,9,1081.77,2,1,2,0.3282,0,19.7,0
0.1154,26,3,360,26,1764.93,1,0,1,0.2727,1,13.15,0
0.1538,13,2,482,17,1409.14,1,0,1,0.133,0,16.36,0
0.2222,9,2,471,14,2185.14,1,0,1,0.263,0,21.41,0
0.0,5,0,400,21,2243.65,1,0,1,0.0883,0,0.0,1
0.25,12,3,322,24,1510.92,1,0,1,0.1927,0,23.75,0
0.12,25,3,572,38,1879.26,3,1,2,0.2081,0,14.29,0
0.1,10,1,590,45,2015.72,2,0,1,0.1648,0,28.19,1
0.2727,11,3,919,19,1081.19,1,0,1,0.1522,0,22.0,0
0.0,23,0,195,25,1539.16,1,0,1,0.1902,0,0.0,0
0.0,17,0,281,7,1140.81,1,0,1,0.1462,0,0.0,0
0.0714,42,3,493,8,1374.09,1,0,1,0.0949,1,26.55,0
0.5,6,3,860,21,1053.25,1,0,1,0.0563,0,6.29,0
0.0476,21,1,570,17,1582.9,1,0,1,0.245,0,18.71,0
0.0,11,0,682,15,1717.39,1,0,1,0.1758,0,0.0,0
0.2381,21,5,552,18,1348.97,2,1,2,0.151,0,16.83,0
0.4286,7,3,496,22,1319.72,1,0,1,0.2145,1,25.7,0
0.2857,28,8,539,17,1761.27,2,0,1,0.089,3,13.15,0
0.2857,7,2,548,13,2205.47,3,0,1,0.2891,0,27.85,0
0.1818,11,2,801,46,1314.21,1,0,1,0.1847,0,41.59,0
0.375,8,3,713,23,3917.36,3,0,1,0.3654,1,16.55,0
0.0714,14,1,254,20,2324.82,2,0,1,0.1526,0,12.46,0
0.125,24,3,528,24,2148.63,2,0,1,0.0278,1,24.22,0
0.0625,16,1,555,20,1655.65,1,0,1,0.0207,1,29.32,0
0.5,12,6,507,30,1830.29,2,0,1,0.1125,1,14.38,0
0.0,3,0,361,13,1381.15,1,0,1,0.1481,0,0.0,0
0.0,9,0,816,16,1426.63,1,0,1,0.0842,0,0.0,0
0.0,6,0,876,15,1212.9,1,0,1,0.085,0,0.0,0
0.0,16,0,786,24,2914.14,2,0,1,0.0365,0,0.0,0
0.5556,9,5,239,13,1373.62,1,0,1,0.3121,0,18.82,0
0.25,12,3,605,27,1198.82,1,0,1,0.1368,0,15.54,0
0.0,45,0,214,15,3176.48,2,0,1,0.22,0,0.0,0
0.375,8,3,611,11,4667.87,2,0,1,0.1595,0,11.84,0
0.2353,17,4,367,24,1225.33,1,0,1,0.1203,0,18.88,0
0.0,6,0,780,23,1872.26,2,1,2,0.4494,0,0.0,0
0.3571,14,5,606,15,1581.54,1,0,1,0.1565,1,19.41,1
0.0,10,0,268,14,1594.94,1,0,1,0.0917,0,0.0,0
0.4667,15,7,896,28,1686.3,1,0,1,0.1049,2,14.13,0
0.3333,6,2,232,21,2457.5,2,1,2,0.1363,1,23.45,0
0.2667,15,4,637,23,1603.61,2,0,1,0.3943,1,12.39,0
0.4,5,2,898,23,1528.56,1,0,1,0.2688,1,20.13,0
0.2778,18,5,429,11,2104.18,1,0,1,0.181,1,14.32,0
0.1111,9,1,391,28,2685.85,2,0,1,0.1662,0,13.13,0
0.1111,9,1,616,14,2640.12,2,0,1,0.4553,0,14.33,1
0.0,11,0,526,29,2146.78,2,0,1,0.2052,0,0.0,0
0.3333,3,1,341,56,1034.77,1,0,1,0.4061,0,21.46,0
0.0,6,0,228,11,2497.28,2,0,1,0.3808,0,0.0,1
0.1,10,1,383,23,1427.84,1,0,1,0.0835,0,10.61,0
0.5,8,4,936,25,3930.99,3,0,1,0.1454,1,22.25,0
0.0625,16,1,652,19,1450.09,2,0,1,0.0641,0,22.23,0
0.0,12,0,730,13,1714.44,1,0,1,0.5101,0,0.0,0
0.4286,14,6,621,14,1874.24,1,0,1,0.1362,1,23.17,0
0.0,6,0,222,12,2498.32,1,0,1,0.1494,0,0.0,0
0.2778,18,5,301,13,1978.56,1,0,1,0.1732,0,11.35,0
0.0588,17,1,774,23,2613.69,1,0,1,0.4149,0,10.56,0
0.0526,19,1,874,20,2664.18,3,1,3,0.0881,0,20.1,0
0.3077,13,4,633,17,3283.0,1,0,1,0.1382,0,13.03,0
0.1429,21,3,464,47,814.16,1,0,1,0.2196,1,11.8,0
0.25,8,2,669,13,829.19,1,0,1,0.1721,0,10.86,0
0.0667,15,1,424,57,1090.17,1,0,1,0.4203,0,16.73,0
0.2222,9,2,486,29,1172.27,1,0,1,0.2114,0,13.0,0
0.0833,12,1,976,24,1737.54,2,0,1,0.3274,1,17.67,0
0.1429,14,2,286,29,1322.77,2,0,1,0.1333,0,16.81,0
0.0,6,0,921,34,1033.56,1,0,1,0.1102,0,0.0,0
0.0,18,0,440,16,1397.26,3,1,3,0.1798,0,0.0,1
0.0,4,0,258,32,1804.76,1,0,1,0.1013,0,0.0,0
0.0,7,0,788,38,2423.35,2,0,1,0.212,0,0.0,0
0.3,20,6,246,43,739.21,1,0,1,0.3477,0,27.29,1
0.2222,18,4,798,14,1766.39,3,1,3,0.0688,0,25.04,0
0.0,24,0,550,29,1185.96,1,0,1,0.1167,0,0.0,0
0.3333,15,5,715,24,1391.61,1,0,1,0.2246,1,16.19,0
0.125,8,1,570,10,1391.62,1,0,1,0.1878,0,22.57,0
0.1515,33,5,612,29,1374.01,1,0,1,0.211,0,15.48,0
0.5833,12,7,389,21,1828.99,1,0,1,0.187,2,11.94,0
0.3333,9,3,864,23,1512.53,1,0,1,0.1075,1,12.56,0
0.2,10,2,669,26,1468.42,2,0,1,0.1681,0,23.23,0
0.0909,22,2,401,24,1143.16,2,0,1,0.5141,1,10.55,0
0.0833,12,1,345,31,1826.95,1,0,1,0.1514,0,21.03,0
0.4,15,6,661,18,2157.29,1,0,1,0.0682,1,15.28,1
0.1667,18,3,582,26,1440.73,1,0,1,0.0838,0,17.11,0
0.0556,36,2,814,22,2077.97,2,0,1,0.0461,0,42.61,0
0.125,8,1,784,22,1211.85,1,0,1,0.0148,0,8.13,0
0.0256,39,1,820,35,939.65,1,0,1,0.2507,0,15.82,0
0.125,8,1,453,17,1376.46,1,0,1,0.0268,0,14.48,0
0.0,9,0,771,19,1128.21,2,1,2,0.0251,0,0.0,0
0.4,5,2,844,21,1400.99,1,0,1,0.0769,1,18.07,0
0.0,28,0,381,18,2023.32,3,0,1,0.3694,0,0.0,0
0.0667,15,1,429,21,2325.12,2,0,1,0.2383,1,15.72,0
0.2703,37,10,881,14,2112.7,3,0,1,0.3123,1,12.24,1
0.1111,9,1,805,9,1700.19,1,0,1,0.2004,0,16.83,0
0.0,23,0,631,39,2884.15,3,0,1,0.2974,0,0.0,0
0.0571,35,2,749,18,1305.7,1,0,1,0.5885,0,26.47,0
0.3333,9,3,279,31,1706.97,1,0,1,0.1337,0,26.31,1
0.0476,21,1,991,30,1672.45,1,0,1,0.104,0,26.07,0
0.0,29,0,592,27,1893.83,2,0,1,0.2785,0,0.0,0
0.1,10,1,279,17,2220.95,2,0,1,0.0383,0,13.65,1
0.3333,12,4,563,33,1388.41,1,0,1,0.1133,0,16.21,0
0.3846,13,5,289,29,940.91,2,0,1,0.1245,1,4.2,0
0.2308,13,3,895,9,1920.3,3,0,1,0.245,0,27.24,0
0.8182,11,9,683,20,1488.49,1,0,1,0.0377,1,24.81,0
0.0667,15,1,316,27,1221.31,1,0,1,0.1258,1,23.63,0
0.0,11,0,650,13,1579.75,1,0,1,0.4796,0,0.0,1
0.4167,12,5,350,14,1921.88,1,0,1,0.206,0,12.86,0
0.0,30,0,999,11,1957.75,3,0,1,0.064,0,0.0,0
0.0,10,0,236,22,1829.13,2,0,1,0.1498,0,0.0,0
0.1875,16,3,303,29,1507.76,1,0,1,0.1417,0,17.29,0
0.25,24,6,440,17,1376.24,1,0,1,0.0229,0,11.64,0
0.2174,46,10,932,28,2042.59,1,0,1,0.0095,2,14.98,0
0.1818,11,2,222,68,2153.16,3,0,1,0.1071,0,14.71,0
0.1579,19,3,578,37,2146.58,2,0,1,0.1929,1,22.26,0
0.3636,11,4,265,29,2003.14,2,1,2,0.1111,1,19.78,0
0.1176,17,2,413,14,1601.7,2,1,2,0.3014,0,13.87,0
0.2857,7,2,995,11,1267.32,2,0,1,0.0601,1,14.8,1
0.037,27,1,516,23,1464.64,3,0,1,0.3884,1,17.18,0
0.0,13,0,438,10,2007.69,1,0,1,0.1148,0,0.0,0
0.25,8,2,972,21,2150.07,3,0,1,0.3341,1,17.48,0
0.3889,18,7,827,18,1922.0,2,0,1,0.1635,1,14.3,0
0.4286,14,6,860,14,1508.28,1,0,1,0.2076,0,8.81,1
0.1538,26,4,597,25,2775.18,1,0,1,0.1241,0,32.31,0
0.4545,11,5,195,11,2556.0,2,0,1,0.0297,0,17.41,0
0.125,8,1,365,34,1680.49,2,1,2,0.0317,0,19.79,0
0.15,20,3,940,39,1727.75,1,0,1,0.2502,0,10.08,0
0.3333,12,4,244,16,1175.9,1,0,1,0.2102,1,31.85,0
0.0,23,0,363,16,2570.73,2,1,2,0.2885,0,0.0,0
0.4167,12,5,250,34,2106.94,2,0,1,0.1848,0,12.33,0
0.0,6,0,403,27,1495.49,1,0,1,0.1074,0,0.0,0
0.4615,13,6,528,8,2047.67,2,0,1,0.412,1,25.62,0
0.0,8,0,682,15,1259.14,1,0,1,0.1624,0,0.0,0
0.0,10,0,815,12,2810.76,3,0,1,0.302,0,0.0,0
0.0909,22,2,926,13,1474.48,1,0,1,0.2963,0,22.72,0
0.1429,7,1,252,26,2423.62,2,0,1,0.126,0,18.88,0
0.0,5,0,280,20,1934.8,1,0,1,0.1751,0,0.0,0
0.1429,14,2,712,12,1784.21,2,0,1,0.1364,0,26.41,0
0.2,15,3,513,27,2432.0,3,0,1,0.1798,0,18.4,1
0.0286,35,1,819,33,1901.8,1,0,1,0.1462,0,20.48,1
0.0,6,0,989,54,1424.58,1,0,1,0.0676,0,0.0,0
0.125,16,2,718,16,1894.66,2,0,1,0.0091,0,21.61,0
0.0,6,0,526,14,918.33,2,0,1,0.1327,0,0.0,0
0.0,17,0,575,19,1583.93,2,1,2,0.0721,0,0.0,0
0.0,17,0,846,30,1662.14,1,0,1,0.0109,0,0.0,0
0.1,10,1,492,31,928.23,1,0,1,0.1113,0,14.55,0
0.1111,9,1,993,30,935.18,1,0,1,0.2769,1,21.07,0
0.04,50,2,723,23,949.8,1,0,1,0.2192,0,17.31,0
0.05,20,1,1000,29,994.25,1,0,1,0.1542,0,30.32,0
0.1333,15,2,907,22,1394.4,1,0,1,0.0642,0,20.31,0
0.0833,12,1,467,15,2153.55,2,1,2,0.1523,0,21.5,0
0.0952,21,2,929,11,2182.47,2,0,1,0.1302,0,18.16,0
0.125,16,2,706,17,2623.24,1,0,1,0.3556,0,26.4,0
0.2222,9,2,291,15,1225.12,2,0,1,0.1106,1,15.75,0
0.0833,24,2,201,5,1087.05,1,0,1,0.0725,0,14.39,0
0.1579,19,3,292,14,1975.35,2,0,1,0.2761,0,17.13,0
0.0,6,0,279,16,2216.65,1,0,1,0.1331,0,0.0,1
0.1333,15,2,436,24,2691.39,3,0,1,0.1521,2,15.72,0
0.0,11,0,938,31,2222.29,2,0,1,0.0703,0,0.0,0
0.0556,18,1,678,17,1344.04,1,0,1,0.1295,0,15.5,0
0.0714,14,1,569,40,2275.36,2,0,1,0.37,0,17.82,0
0.1667,6,1,229,15,2071.2,2,1,2,0.2572,0,16.48,0
0.25,12,3,668,39,2585.61,2,0,1,0.2712,0,11.59,0
0.5,16,8,411,12,1713.98,2,0,1,0.013,2,17.9,0
0.2353,17,4,617,25,2326.09,1,0,1,0.1626,0,14.19,0
0.1875,16,3,379,25,1260.2,1,0,1,0.1714,0,17.29,0
0.25,12,3,219,14,2406.89,2,0,1,0.0685,3,9.54,0
0.0455,22,1,753,14,2833.36,3,0,1,0.3261,0,22.22,0
0.4091,22,9,201,19,1482.42,2,0,1,0.2199,2,25.94,0
0.125,8,1,420,22,1538.56,3,0,1,0.1704,0,14.09,0
0.1818,11,2,785,13,1120.62,2,0,1,0.1628,0,22.56,0
0.2308,13,3,653,32,1078.7,2,0,1,0.1533,0,39.33,0
0.069,29,2,762,23,1470.05,1,0,1,0.1225,0,19.57,0
0.2222,9,2,404,13,1908.48,1,0,1,0.0765,0,14.9,1
0.0,6,0,410,10,1226.69,1,0,1,0.0823,0,0.0,0
0.1429,7,1,334,12,1420.3,1,0,1,0.16,0,12.28,0
0.0,12,0,615,19,1959.95,1,0,1,0.1898,0,0.0,0
0.1765,17,3,356,14,1361.25,1,0,1,0.4292,0,9.95,0
0.0,13,0,735,25,1434.43,1,0,1,0.0804,0,0.0,0
0.5,8,4,619,27,2182.51,1,0,1,0.0713,1,10.11,0
0.0,7,0,833,19,1830.25,1,0,1,0.0449,0,0.0,0
0.1111,18,2,481,14,1243.8,1,0,1,0.2277,1,15.92,1
0.0667,15,1,316,34,1542.33,1,0,1,0.1282,0,12.44,0
0.1538,13,2,812,17,2296.57,2,0,1,0.2173,0,15.39,0
0.2,10,2,402,15,1237.54,1,0,1,0.1348,0,4.92,1
0.6,5,3,965,16,1699.7,2,0,1,0.0388,0,15.21,1
0.0417,24,1,743,36,1752.99,3,0,1,0.0592,0,23.49,0
0.0,5,0,709,38,2974.29,2,0,1,0.2029,0,0.0,0
0.0,21,0,565,19,1559.69,1,0,1,0.1113,0,0.0,0
0.1429,14,2,365,34,2135.52,1,0,1,0.0578,0,19.2,0
0.0,7,0,745,15,1964.61,1,0,1,0.1837,0,0.0,0
0.1579,19,3,536,14,1210.57,1,0,1,0.1549,0,17.96,0
0.0667,15,1,331,28,2076.04,1,0,1,0.0195,0,12.32,0
0.0,6,0,925,24,1918.5,2,0,1,0.0347,0,0.0,0
0.0625,16,1,739,24,1928.82,3,0,1,0.0448,1,16.66,0
0.2353,17,4,385,18,1873.0,1,0,1,0.3222,0,8.43,0
0.0,7,0,621,13,1501.34,2,0,1,0.1542,0,0.0,0
0.0455,22,1,519,28,1920.04,3,0,1,0.1061,0,8.68,0
0.0,11,0,798,38,1723.68,1,0,1,0.1461,0,0.0,0
0.0,15,0,836,15,3030.7,2,1,2,0.1198,0,0.0,0
0.0,10,0,405,34,1436.41,1,0,1,0.1577,0,0.0,0
0.45,20,9,507,25,1370.39,1,0,1,0.2192,1,11.73,0
0.0625,16,1,733,15,1550.19,2,0,1,0.2685,0,12.44,0
0.3333,12,4,413,33,1172.7,1,0,1,0.0818,1,9.14,1
0.0714,14,1,965,55,1297.35,1,0,1,0.4178,0,9.67,0
0.1,10,1,644,8,2746.15,2,0,1,0.0987,0,27.67,0
0.0,15,0,912,14,1474.93,1,0,1,0.1895,0,0.0,0
0.1071,28,3,542,25,1339.53,1,0,1,0.0894,0,6.25,0
0.4167,12,5,445,27,1216.06,1,0,1,0.0991,1,19.2,0
0.0345,29,1,721,18,1681.07,2,0,1,0.1525,0,37.18,0
0.0,17,0,990,20,2525.5,1,0,1,0.3196,0,0.0,0
0.6,10,6,796,58,1209.17,1,0,1,0.0672,0,14.97,0
0.2778,18,5,661,18,2341.01,1,0,1,0.0384,0,15.8,0
0.2,15,3,388,13,1204.15,1,0,1,0.0409,1,18.91,0
0.1429,21,3,357,17,2519.17,1,0,1,0.1674,0,28.41,0
0.2143,14,3,885,15,2582.29,3,0,1,0.5363,1,25.78,0
0.15,20,3,454,29,3292.11,3,0,1,0.0626,0,15.77,0
0.0556,18,1,485,59,1920.71,2,0,1,0.044,0,18.82,0
0.3684,19,7,449,33,2433.5,2,0,1,0.0415,3,25.51,0
0.2195,41,9,598,36,1006.0,1,0,1,0.2275,2,36.39,1
0.2,15,3,440,19,1342.92,2,1,2,0.1422,0,30.72,1
0.3333,18,6,220,33,1218.62,1,0,1,0.3262,1,21.18,0
0.186,43,8,237,17,1296.02,1,0,1,0.2469,0,10.0,0
0.2857,21,6,831,12,1213.31,1,0,1,0.2087,2,10.13,0
0.1429,21,3,325,6,1206.59,1,0,1,0.038,0,14.47,0
0.1538,13,2,290,19,2440.46,2,0,1,0.1206,0,14.06,0
0.0,9,0,381,22,1727.97,2,0,1,0.2721,0,0.0,0
0.2,5,1,657,23,1085.75,1,0,1,0.1169,0,22.67,0
0.25,8,2,952,10,1395.05,2,0,1,0.0593,0,30.97,0
0.5,10,5,753,18,1796.74,3,1,3,0.2708,0,18.85,1
0.25,8,2,316,12,1496.07,1,0,1,0.1351,0,13.52,0
0.0,11,0,901,10,1401.86,1,0,1,0.3207,0,0.0,0
0.025,40,1,823,21,2122.39,2,1,2,0.4152,1,16.86,0
0.0,22,0,675,25,1208.19,1,0,1,0.1193,0,0.0,0
0.2667,15,4,604,22,1074.35,1,0,1,0.379,0,24.03,0
0.0,20,0,360,28,1888.85,1,0,1,0.1115,0,0.0,0
0.4524,42,19,590,24,1258.38,1,0,1,0.2449,1,15.63,1
0.2727,11,3,595,20,1374.54,1,0,1,0.3321,0,49.96,0
0.75,12,9,623,19,1237.78,1,0,1,0.0189,1,28.83,1
0.1667,6,1,565,19,2452.29,1,0,1,0.0896,0,16.85,1
0.25,16,4,674,19,1659.69,3,0,1,0.2493,1,11.54,1
0.0,7,0,466,6,1250.77,1,0,1,0.1174,0,0.0,0
0.0,11,0,999,17,1989.94,3,0,1,0.0314,0,0.0,1
0.4444,9,4,124,10,4440.28,4,0,1,0.1747,0,19.18,0
0.0,12,0,477,17,2009.16,3,0,1,0.2155,0,0.0,0
0.5882,17,10,476,31,2332.68,1,0,1,0.2683,4,21.69,0
0.6154,13,8,464,13,4439.77,3,1,3,0.1362,2,8.14,1
0.0,20,0,349,3,1001.63,1,0,1,0.3355,0,0.0,1
0.3077,13,4,288,5,1749.52,1,0,1,0.3208,0,5.37,0
0.2941,17,5,378,8,2043.71,2,1,2,0.3091,2,21.69,0
0.0,17,0,473,25,7281.53,5,1,2,0.4617,0,0.0,0
0.0833,12,1,184,10,2523.3,1,0,1,0.4356,0,20.92,0
0.0833,12,1,581,17,1413.62,1,0,1,0.2883,0,5.05,0
0.4444,9,4,183,23,2097.18,1,0,1,0.5252,0,10.18,1
0.1818,11,2,155,5,4111.3,5,0,1,0.3187,0,7.64,1
0.0,17,0,435,24,2363.0,2,1,2,0.4494,0,0.0,0
0.1429,7,1,490,10,3264.05,3,1,3,0.1019,0,5.29,1
0.0909,11,1,513,14,1798.21,4,0,1,0.0756,0,7.17,0
0.2,5,1,389,121,956.49,1,0,1,0.5164,0,22.87,0
0.2222,18,4,427,20,1542.3,2,1,2,0.1263,2,19.0,0
0.6471,17,11,229,14,2074.17,3,0,1,0.3285,4,14.66,0
0.5,6,3,387,12,2012.78,2,1,2,0.3773,1,8.45,0
0.4737,19,9,367,5,3455.51,5,0,1,0.1513,3,23.07,0
0.2727,11,3,466,8,3125.54,2,1,2,0.5062,2,8.41,1
0.1,10,1,571,33,9143.2,5,0,1,0.4993,1,10.97,0
0.4,20,8,535,13,3002.81,3,1,3,0.143,2,6.95,0
0.6471,17,11,96,20,1229.67,1,0,1,0.2413,7,22.59,0
0.0,11,0,374,10,2385.49,3,1,3,0.3944,0,0.0,0
0.1765,17,3,348,17,2212.32,3,0,1,0.3728,1,7.66,0
0.4,10,4,382,15,1790.99,1,0,1,0.2481,1,20.7,0
0.1579,19,3,492,20,6888.68,3,0,1,0.3377,2,14.93,0
0.2222,9,2,498,28,1955.99,3,1,2,0.4475,0,9.79,1
0.0,6,0,585,10,2841.08,2,0,1,0.4761,0,0.0,0
0.1875,16,3,405,16,1226.89,1,0,1,0.2779,1,24.34,0
0.0,8,0,352,21,1359.8,3,1,3,0.3537,0,0.0,0
0.3,10,3,285,22,1912.07,1,0,1,0.3422,1,15.68,0
0.125,8,1,207,27,2771.31,2,0,1,0.2907,1,19.38,0
0.2222,18,4,235,11,1539.81,1,0,1,0.1809,2,12.47,0
0.4444,18,8,337,18,1653.75,4,0,1,0.5241,4,11.01,0
0.0,13,0,487,13,2835.6,2,1,2,0.5119,0,0.0,0
0.7692,13,10,112,14,3029.8,5,0,1,0.2136,4,5.85,1
0.6364,11,7,406,19,5473.94,3,0,1,0.4922,3,22.38,0
0.2,10,2,231,40,4332.64,3,0,1,0.4801,0,12.46,0
0.625,8,5,519,19,4145.43,4,0,1,0.5315,2,14.19,1
0.5,6,3,429,16,2892.17,3,0,1,0.1105,2,18.17,0
0.4211,19,8,424,53,2985.68,4,1,4,0.2605,1,21.58,0
0.4615,13,6,139,7,1868.28,3,1,3,0.1743,2,11.09,0
0.1667,12,2,288,9,2903.01,4,1,4,0.6002,0,13.86,1
0.6667,6,4,430,11,4286.63,3,1,3,0.183,2,22.64,0
0.3,10,3,142,11,2402.92,5,0,1,0.3551,1,7.73,1
0.1667,18,3,502,10,1966.43,2,1,2,0.4417,2,10.8,0
0.3529,17,6,572,6,5033.27,2,1,2,0.4094,4,16.2,0
0.3846,13,5,344,16,2249.91,1,0,1,0.2791,2,5.89,0
0.4444,18,8,206,28,1922.55,5,0,1,0.5131,3,16.94,0
0.0,6,0,551,26,2568.2,5,0,1,0.3107,0,0.0,0
0.1429,7,1,470,20,2762.11,2,0,1,0.1933,0,21.59,0
0.5,6,3,356,14,3141.73,4,0,1,0.3316,2,20.57,0
0.5,6,3,363,17,3266.49,2,0,1,0.1564,2,22.1,0
0.4118,17,7,393,8,1611.5,1,0,1,0.5247,2,22.44,0
0.3889,18,7,427,10,1862.38,2,1,2,0.1358,2,24.13,1
0.4286,7,3,120,22,1596.95,2,0,1,0.3904,3,19.14,0
0.25,16,4,467,18,4130.83,3,0,1,0.2791,1,6.35,0
0.1538,13,2,451,9,2601.37,2,0,1,0.1677,0,22.36,0
0.1333,15,2,506,46,2293.28,2,0,1,0.3344,0,8.4,0
0.2941,17,5,101,10,6838.97,2,1,2,0.2992,1,9.73,1
0.1429,14,2,264,14,1121.96,1,0,1,0.71,1,5.36,0
0.6316,19,12,141,15,3646.1,2,0,1,0.1382,8,16.29,0
0.625,8,5,171,20,2853.37,1,0,1,0.2198,1,9.6,1
0.45,20,9,421,34,7034.65,2,1,2,0.3117,5,15.19,0
0.1818,11,2,199,16,1496.23,1,0,1,0.2155,0,17.9,0
0.5,18,9,417,20,1821.43,2,0,1,0.1656,2,8.87,0
0.0,8,0,403,12,1142.6,2,0,1,0.2835,0,0.0,0
0.375,8,3,161,19,1166.44,2,1,2,0.082,1,24.25,0
0.3333,12,4,466,8,4017.64,4,0,1,0.2133,1,8.14,0
0.8,5,4,291,15,1626.71,1,0,1,0.4464,0,12.25,0
0.0625,16,1,532,7,2337.86,2,0,1,0.2381,0,8.74,0
0.3636,11,4,235,10,5571.76,2,0,1,0.16,2,6.58,0
0.3,10,3,413,3,3411.76,2,0,1,0.1223,3,15.48,0
0.25,8,2,379,11,5127.88,4,0,1,0.2324,1,16.03,0
0.2308,13,3,321,13,2256.51,2,0,1,0.6469,1,23.33,0
0.1429,14,2,169,14,4318.4,5,0,1,0.2192,0,19.07,0
0.3333,9,3,509,7,4833.29,3,0,1,0.0956,1,22.65,0
0.2,5,1,133,13,1570.51,1,0,1,0.6367,0,19.61,0
0.1818,11,2,525,14,3272.77,3,0,1,0.2937,1,23.5,0
0.2,5,1,597,14,1908.74,3,1,3,0.6859,0,19.13,0
0.0,11,0,154,5,2388.81,2,0,1,0.5022,0,0.0,0
0.3,10,3,479,15,1419.62,1,0,1,0.4319,1,18.16,0
0.8571,7,6,491,38,1879.04,3,1,3,0.3644,2,23.05,0
0.2353,17,4,367,5,3602.63,4,1,2,0.6739,1,17.22,0
0.0,12,0,444,21,2458.37,5,1,2,0.2927,0,0.0,1
0.1538,13,2,314,17,723.45,1,0,1,0.5758,0,16.79,0
0.2222,18,4,311,40,1515.34,2,0,1,0.0769,0,17.86,1
0.4118,17,7,190,21,2743.12,3,0,1,0.2103,0,7.71,0
0.1429,7,1,490,13,1688.0,1,0,1,0.4105,0,12.67,0
0.4444,9,4,277,35,1525.85,2,0,1,0.2586,2,20.74,0
0.4545,11,5,511,20,2494.03,3,0,1,0.5909,2,9.39,0
0.0909,11,1,557,15,2382.01,2,0,1,0.417,0,14.01,0
0.5,16,8,567,15,1693.3,1,0,1,0.2557,1,21.67,0
0.2,10,2,110,14,2754.55,3,1,2,0.3585,0,20.99,0
0.5,8,4,348,9,1692.83,2,0,1,0.0615,3,14.52,0
0.3,20,6,413,25,2017.99,2,1,2,0.3187,2,9.06,0
0.2727,11,3,333,14,1395.23,2,0,1,0.3287,1,17.57,1
0.0625,16,1,134,28,3118.68,2,0,1,0.282,0,10.42,0
0.3,10,3,146,6,2294.18,3,0,1,0.3811,1,10.43,0
0.5294,17,9,139,17,5155.78,5,0,1,0.1697,3,24.3,0
0.0,19,0,303,25,3438.15,5,0,1,0.1241,0,0.0,0
0.5,10,5,577,38,2443.38,2,0,1,0.7164,2,9.98,0
0.2143,14,3,240,17,2683.23,2,1,2,0.224,2,21.41,0
0.2857,14,4,232,12,1717.13,2,0,1,0.1018,2,7.6,0
0.3158,19,6,509,10,2688.63,4,0,1,0.3307,1,22.73,0
0.2632,19,5,528,16,1229.53,1,0,1,0.1392,3,8.6,0
0.1111,18,2,306,58,1420.7,2,0,1,0.3312,1,20.25,1
1.0,20,20,97,11,1854.72,3,1,2,0.2764,10,21.95,0
0.2,5,1,275,13,2543.34,4,1,4,0.1998,0,15.49,0
0.6,15,9,224,24,2569.6,3,0,1,0.2596,4,11.46,1
0.4545,11,5,115,23,3431.01,3,1,2,0.3339,1,24.13,0
0.1,10,1,509,15,2398.35,2,0,1,0.3616,1,16.76,0
0.3846,13,5,276,8,3764.59,2,0,1,0.2788,1,24.85,0
0.1538,13,2,227,8,2310.77,3,0,1,0.5013,1,20.26,0
0.7143,7,5,125,24,2633.18,3,1,3,0.334,4,5.66,1
0.4167,12,5,262,22,2182.74,3,0,1,0.2643,0,13.14,1
0.2,15,3,556,24,1303.54,3,1,3,0.0991,0,10.7,0
0.5882,17,10,306,31,2418.84,5,0,1,0.1801,3,20.95,0
0.2941,17,5,528,5,2290.47,3,0,1,0.4509,2,9.95,1
0.0,7,0,579,23,1268.33,2,0,1,0.1239,0,0.0,0
0.4667,15,7,286,20,2142.86,3,0,1,0.1947,2,14.63,0
0.4444,9,4,119,6,1519.37,2,0,1,0.4314,0,18.18,0
0.5714,14,8,328,23,1612.95,1,0,1,0.4911,3,6.39,0
0.5,2,1,7,7,1699.02,2,0,1,0.2824,1,16.46,0
0.3333,3,1,57,22,2235.52,2,0,1,0.352,1,6.48,1
0.5,2,1,2,2,2163.38,3,0,1,0.2834,1,11.58,0
0.3333,3,1,59,11,2884.43,3,0,1,0.1814,1,11.57,1
0.0,0,0,12,12,2416.16,2,0,1,0.1117,0,0.0,0
0.0,1,0,8,5,4239.56,3,0,1,0.4222,0,0.0,1
0.3333,3,1,43,11,2100.65,5,0,1,0.7065,0,22.61,0
0.0,2,0,60,15,2686.28,3,0,1,0.5149,0,0.0,0
0.0,0,0,46,46,1221.72,1,0,1,0.3747,0,0.0,0
0.0,0,0,15,15,1449.8,4,0,1,0.3372,0,0.0,0
0.3333,3,1,45,15,2523.5,2,1,2,0.3395,0,17.52,0
1.0,1,1,12,5,2099.72,3,0,1,0.3143,1,15.49,0
0.3333,3,1,52,15,3810.14,3,1,3,0.1721,0,19.52,0
0.0,3,0,31,17,1146.41,2,0,1,0.482,0,0.0,0
0.0,2,0,3,3,2893.54,2,1,2,0.4126,0,0.0,0
0.0,1,0,33,25,1802.95,2,0,1,0.491,0,0.0,0
1.0,1,1,47,10,1479.12,1,0,1,0.4426,0,7.9,1
0.0,2,0,18,18,2300.12,3,1,3,0.3926,0,0.0,1
0.0,3,0,2,2,3431.05,4,0,1,0.3294,0,0.0,0
0.0,1,0,39,8,4151.18,3,1,2,0.2548,0,0.0,0
1.0,1,1,47,18,2668.1,5,0,1,0.1115,0,6.62,1
0.0,3,0,22,8,794.23,2,1,2,0.6673,0,0.0,0
0.3333,3,1,11,6,2615.79,3,0,1,0.2995,1,23.91,0
0.3333,3,1,4,4,1816.36,4,0,1,0.1678,1,19.58,0
0.5,2,1,1,1,2142.77,2,0,1,0.2577,1,15.07,0
0.0,3,0,18,11,2785.32,3,0,1,0.3937,0,0.0,0
0.0,1,0,44,11,1736.04,2,1,2,0.2632,0,0.0,0
0.0,0,0,33,33,3373.18,2,0,1,0.5255,0,0.0,1
0.0,2,0,34,11,3159.63,1,0,1,0.4257,0,0.0,0
0.0,3,0,50,20,1862.61,1,0,1,0.2176,0,0.0,1
0.3333,3,1,41,35,3901.36,4,0,1,0.243,1,16.1,0
0.3333,3,1,50,13,5384.46,5,0,1,0.4678,0,7.53,0
0.5,2,1,3,3,2880.12,2,0,1,0.1109,0,14.22,0
0.3333,3,1,43,10,1556.16,2,1,2,0.4559,0,9.48,0
0.0,3,0,48,22,2263.59,2,0,1,0.3582,0,0.0,0
0.0,1,0,19,12,2371.98,2,1,2,0.3036,0,0.0,0
0.0,0,0,57,57,2585.61,3,1,3,0.1305,0,0.0,0
0.0,2,0,18,13,1572.85,2,0,1,0.605,0,0.0,0
0.0,0,0,38,38,3008.93,5,0,1,0.4357,0,0.0,0
0.0,0,0,40,40,3079.68,3,1,3,0.1597,0,0.0,0
0.0,2,0,17,17,2266.21,3,1,2,0.391,0,0.0,1
0.0,2,0,54,11,3070.01,4,0,1,0.3563,0,0.0,0
0.0,1,0,41,13,2922.07,5,0,1,0.1225,0,0.0,0
1.0,3,3,27,14,2220.64,2,0,1,0.4763,2,11.17,1
0.5,2,1,42,20,2135.87,2,0,1,0.4032,1,22.39,0
0.5,2,1,39,15,3213.57,4,1,4,0.2938,1,21.11,0
1.0,2,2,20,20,1660.77,1,0,1,0.2518,1,14.16,0
0.5,2,1,60,13,2260.09,4,1,2,0.0332,0,13.86,1
1.0,1,1,33,10,1815.22,3,0,1,0.1352,1,7.83,1
0.0,0,0,50,50,4522.15,5,0,1,0.4449,0,0.0,0
0.6667,3,2,20,20,2451.65,1,0,1,0.4492,1,6.96,1
0.5,2,1,3,3,2480.38,3,1,2,0.44,0,21.2,0
0.0,2,0,9,9,1482.11,2,0,1,0.2419,0,0.0,0
0.0,0,0,25,25,1372.96,2,0,1,0.373,0,0.0,0
0.3333,3,1,26,26,4144.71,2,0,1,0.3072,1,9.82,0
0.0,1,0,9,9,2027.31,1,0,1,0.3263,0,0.0,0
1.0,1,1,37,37,2150.22,4,0,1,0.416,0,13.9,0
0.6667,3,2,9,9,2809.27,3,0,1,0.4354,0,8.0,1
0.0,0,0,26,26,2589.67,2,0,1,0.268,0,0.0,0
0.0,3,0,50,29,2287.35,1,0,1,0.2404,0,0.0,0
0.5,2,1,37,8,2423.27,4,0,1,0.1359,1,17.66,0
0.0,0,0,35,35,2381.28,4,0,1,0.2366,0,0.0,0
1.0,1,1,60,15,3382.55,3,0,1,0.2429,1,18.09,0
1.0,3,3,40,13,1081.5,1,0,1,0.4314,1,15.55,1
0.0,1,0,46,19,1819.06,4,0,1,0.2876,0,0.0,1
0.0,0,0,55,55,2119.41,4,0,1,0.5055,0,0.0,1
0.5,2,1,1,1,2740.72,2,0,1,0.2739,0,5.38,1
1.0,2,2,42,28,3905.04,5,0,1,0.4325,0,5.03,0
0.0,2,0,53,15,2873.4,2,0,1,0.3005,0,0.0,0
0.0,0,0,14,14,1128.3,1,0,1,0.4738,0,0.0,0
0.0,0,0,26,26,2356.75,5,0,1,0.166,0,0.0,1
0.3333,3,1,5,5,3040.35,5,0,1,0.5507,0,21.96,0
0.0,1,0,16,16,1699.84,3,0,1,0.3204,0,0.0,1
0.0,0,0,42,42,2747.77,3,1,2,0.2873,0,0.0,0
0.0,1,0,9,9,2153.26,4,1,2,0.2847,0,0.0,0
0.0,0,0,16,16,765.08,1,0,1,0.4398,0,0.0,0
0.0,0,0,30,30,2790.22,3,0,1,0.143,0,0.0,1
0.0,2,0,27,7,2307.83,3,0,1,0.2852,0,0.0,0
0.3333,3,1,59,24,2395.27,2,0,1,0.1468,0,22.77,1
0.6667,3,2,55,32,2128.51,4,1,4,0.334,1,17.48,0
0.0,2,0,17,17,3284.91,4,0,1,0.4172,0,0.0,0
0.0,0,0,47,47,873.78,1,0,1,0.391,0,0.0,0
1.0,2,2,49,26,3228.86,5,0,1,0.2393,1,22.87,0
1.0,1,1,39,14,2220.51,2,0,1,0.3357,0,5.4,0
0.5,2,1,14,13,5455.16,3,0,1,0.1973,1,5.03,1
0.0,0,0,7,7,1517.03,3,1,3,0.2958,0,0.0,1
0.3333,3,1,5,5,1486.81,2,1,2,0.1915,1,10.25,1
0.6667,3,2,47,16,1639.43,4,1,2,0.4901,1,11.44,0
0.0,1,0,29,24,1902.59,3,0,1,0.1681,0,0.0,0
0.5,2,1,46,14,2322.63,3,0,1,0.4787,0,23.02,0
0.6667,3,2,7,7,4441.07,3,1,2,0.1992,0,19.61,0
0.5,2,1,49,21,1198.57,1,0,1,0.497,0,15.78,0
0.0,3,0,41,14,1766.02,2,0,1,0.4463,0,0.0,0
0.5,2,1,23,23,1337.14,1,0,1,0.1201,0,22.07,0
0.0,2,0,24,14,2672.65,3,1,3,0.4782,0,0.0,0
0.0,2,0,29,18,5372.72,5,0,1,0.2594,0,0.0,0
1.0,1,1,38,27,3006.38,1,0,1,0.3831,1,21.89,1
0.0,1,0,42,7,4963.39,3,0,1,0.3117,0,0.0,0
0.3333,3,1,48,9,980.9,1,0,1,0.3168,0,9.7,0
0.0,0,0,8,8,1617.19,2,0,1,0.3212,0,0.0,0
0.5,2,1,38,16,2472.86,2,1,2,0.3228,0,19.37,1
0.0,0,0,58,58,1303.9,1,0,1,0.255,0,0.0,1
0.0,3,0,11,11,979.15,1,0,1,0.532,0,0.0,1
1.0,1,1,17,17,2131.47,4,0,1,0.2923,0,13.32,1
0.0,0,0,19,19,1952.37,2,0,1,0.308,0,0.0,1
0.0,1,0,7,7,3126.81,2,1,2,0.2566,0,0.0,0
0.3333,3,1,43,3,1897.63,1,0,1,0.2191,1,24.66,0
0.0,1,0,26,26,2723.9,1,0,1,0.3965,0,0.0,0
0.0,2,0,4,4,880.07,1,0,1,0.4085,0,0.0,0
0.0,0,0,54,54,767.29,1,0,1,0.3162,0,0.0,0
0.0,0,0,54,54,1773.21,2,0,1,0.65,0,0.0,1
0.0,0,0,44,44,3759.21,5,0,1,0.2756,0,0.0,0
0.0,3,0,46,27,4897.63,4,0,1,0.2952,0,0.0,0
0.0,0,0,35,35,1571.28,2,0,1,0.7589,0,0.0,1
0.6667,3,2,10,10,2077.91,3,1,3,0.0603,0,11.02,1
1.0,2,2,36,13,3635.77,4,1,2,0.5226,0,24.93,1
0.0,0,0,57,57,2659.78,2,1,2,0.4256,0,0.0,1
0.5,2,1,23,15,2010.14,2,0,1,0.6009,0,22.07,0
1.0,3,3,19,19,2085.47,4,1,3,0.1502,1,20.03,1
1.0,3,3,26,15,3425.46,3,1,3,0.3992,1,16.19,1
0.5,2,1,50,31,809.84,3,0,1,0.4465,0,16.05,0
0.0,0,0,5,5,2824.4,2,0,1,0.0841,0,0.0,0
0.0,1,0,19,19,1962.33,5,0,1,0.2321,0,0.0,0
1.0,1,1,13,13,1119.27,1,0,1,0.3696,0,17.87,1
1.0,1,1,49,10,1803.16,3,1,3,0.4772,1,6.14,0
0.75,28,21,324,15,2402.25,2,0,1,0.3909,8,5.13,0
0.3333,18,6,309,12,3636.23,6,0,1,0.5718,6,2.88,0
0.6923,39,27,729,9,9866.51,6,1,2,0.7999,8,3.59,1
0.5357,28,15,302,9,6478.1,4,1,4,0.7377,5,3.62,1
0.625,24,15,245,11,5501.97,6,0,1,0.4699,5,3.24,1
0.8,10,8,136,9,6577.16,4,0,1,0.6088,5,3.45,1
0.4545,22,10,737,10,6547.27,6,0,1,0.5758,2,3.45,1
0.8148,27,22,408,8,2588.78,3,0,1,0.3964,8,6.46,1
0.5,30,15,646,8,2673.54,3,1,3,0.6566,3,6.31,1
0.8636,22,19,154,13,3191.03,5,1,3,0.3623,6,4.32,1
0.5714,28,16,362,3,2552.48,6,1,3,0.4816,6,6.89,0
0.8,20,16,597,9,4848.43,6,0,1,0.6251,8,5.75,0
0.6786,28,19,316,9,2906.06,2,0,1,0.288,6,3.32,0
0.6579,38,25,297,8,5958.02,4,0,1,0.3666,8,2.74,1
0.375,32,12,449,15,3735.15,5,1,2,0.3746,3,5.03,0
0.45,20,9,409,15,2580.62,3,0,1,0.194,5,6.61,1
0.4286,35,15,411,6,14280.7,6,1,2,0.5459,8,5.19,1
0.375,24,9,236,15,5150.18,3,1,2,0.5987,4,2.6,0
0.8182,11,9,609,22,3129.34,3,1,3,0.4207,4,2.74,0
0.2,30,6,191,5,3399.3,6,0,1,0.4822,3,3.69,0
0.4615,13,6,224,8,3523.21,6,1,2,0.5787,3,4.8,1
0.7297,37,27,585,5,7660.74,6,0,1,0.3448,8,3.35,1
0.3421,38,13,713,13,9138.73,6,0,1,0.603,8,4.13,1
0.6286,35,22,753,15,3220.84,3,1,3,0.4651,8,6.13,1
0.7692,13,10,360,4,2042.51,3,1,3,0.5846,7,3.5,1
0.7895,19,15,175,11,2244.01,3,0,1,0.4263,6,5.21,1
0.7188,32,23,757,5,3270.44,3,0,1,0.7515,8,2.35,1
0.6,20,12,646,9,1488.74,3,0,1,0.4983,4,3.26,0
0.8947,19,17,251,9,4276.75,5,1,3,0.2024,8,2.63,0
0.6154,26,16,243,8,5038.38,3,0,1,0.3195,6,3.81,0
0.5,24,12,249,10,5086.15,5,0,1,0.5993,7,5.38,1
0.641,39,25,323,22,2912.32,4,1,2,0.402,8,3.1,1
0.7895,19,15,110,5,2408.4,5,0,1,0.3213,8,3.55,1
0.8,25,20,396,5,5496.5,5,1,3,0.7998,8,3.21,1
0.875,40,35,788,22,5837.9,4,0,1,0.4627,8,2.5,1
0.6923,39,27,762,10,9832.83,5,1,3,0.551,8,3.01,1
0.5333,15,8,469,5,6739.26,6,1,4,0.7551,4,5.25,1
0.8571,35,30,478,10,4799.99,2,0,1,0.2526,8,3.05,1
0.7619,21,16,270,3,2941.04,4,1,2,0.7588,8,3.72,1
0.85,20,17,397,22,5144.03,4,1,4,0.7283,7,5.43,1
0.7647,34,26,677,23,3078.63,5,1,3,0.687,8,3.99,1
0.8077,26,21,135,13,3961.06,6,0,1,0.7353,8,2.96,0
0.7222,18,13,769,13,3769.99,6,0,1,0.6797,5,3.81,0
0.6154,26,16,219,18,5648.75,6,1,3,0.3986,8,1.95,1
0.45,20,9,674,23,3118.44,3,1,2,0.5291,5,2.08,0
0.5333,15,8,601,10,4028.93,5,1,2,0.7299,4,5.72,1
0.5128,39,20,573,14,5258.23,3,0,1,0.3875,8,2.63,0
0.6957,23,16,344,7,2507.65,2,1,2,0.4392,8,3.42,1
0.9375,16,15,479,8,4083.64,3,1,2,0.5809,3,5.71,1
0.55,20,11,743,12,4708.46,4,1,4,0.3959,4,5.27,0
0.5714,28,16,211,8,3553.84,6,0,1,0.4479,8,2.92,1
0.5758,33,19,782,8,3253.29,4,1,4,0.6903,5,4.27,0
0.8,30,24,148,9,3775.85,6,0,1,0.5439,8,5.39,1
0.7222,18,13,723,5,2963.04,2,1,2,0.2497,8,4.44,1
0.6923,13,9,743,10,5814.2,6,0,1,0.3513,7,5.29,0
0.375,16,6,799,18,2902.11,3,0,1,0.2799,1,5.27,1
0.6667,33,22,427,7,10612.11,5,0,1,0.7152,8,3.94,1
0.2162,37,8,514,11,5040.64,5,0,1,0.3694,7,4.42,0
0.6667,33,22,770,9,4943.58,6,1,2,0.4933,8,3.08,1
0.4444,27,12,112,21,2535.07,2,1,2,0.441,6,6.53,0
0.7222,18,13,342,8,3772.68,3,1,3,0.6651,8,6.45,1
0.3182,22,7,658,24,2838.04,4,0,1,0.3554,3,1.9,1
0.6364,33,21,276,15,5594.03,4,1,2,0.3704,8,2.88,0
0.6316,19,12,230,8,4338.65,3,0,1,0.3013,8,2.72,0
0.8,15,12,524,8,4221.95,3,1,2,0.5147,7,4.88,1
0.7778,27,21,767,18,6015.12,3,1,3,0.4128,8,3.58,1
0.3636,33,12,292,9,2637.92,4,0,1,0.4145,6,3.39,1
0.1818,22,4,515,5,12099.8,5,1,3,0.4963,3,4.91,1
0.8158,38,31,210,7,3229.09,4,0,1,0.4693,8,3.53,0
0.3636,11,4,198,11,2862.19,5,0,1,0.3706,3,2.39,0
0.2609,23,6,367,5,4065.82,5,1,2,0.5826,2,2.75,0
0.8333,12,10,608,4,3783.99,5,0,1,0.3866,6,2.93,0
0.5714,35,20,547,8,2429.11,2,0,1,0.5973,8,2.8,1
0.5556,18,10,710,13,4318.82,6,1,2,0.2781,4,3.88,1
0.5,38,19,518,5,4689.79,6,1,2,0.6077,8,3.53,1
0.8611,36,31,714,27,2193.62,2,0,1,0.4365,8,3.76,0
0.5484,31,17,260,7,4649.35,2,0,1,0.4263,5,1.9,1
0.3571,28,10,770,19,4074.07,3,1,2,0.6343,4,2.04,1
0.875,16,14,571,12,4100.45,3,1,2,0.6295,8,3.74,1
0.5625,16,9,352,7,8710.98,6,1,3,0.3631,4,6.99,0
0.5897,39,23,207,19,3713.77,3,0,1,0.8123,8,2.93,1
0.7059,17,12,127,7,5910.98,3,1,3,0.6476,6,4.93,1
0.5135,37,19,362,12,2014.07,4,1,2,0.5403,8,3.85,1
0.8621,29,25,493,16,4941.18,6,1,2,0.3078,8,3.75,1
0.6765,34,23,417,9,3403.37,4,1,4,0.5174,8,4.64,1
0.4545,11,5,353,7,3887.5,5,1,2,0.4674,3,4.58,1
0.9667,30,29,595,9,4660.07,3,0,1,0.271,8,5.66,1
0.3947,38,15,685,17,2224.32,2,1,2,0.409,6,5.02,0
0.5714,14,8,483,18,4509.93,6,1,2,0.5057,3,2.86,1
0.5405,37,20,415,13,3887.45,4,1,4,0.5861,8,2.26,1
0.5385,39,21,329,11,3500.6,4,1,3,0.5992,8,3.89,1
0.44,25,11,103,8,3570.57,4,1,2,0.7442,8,2.43,1
0.7,20,14,365,4,7339.93,5,0,1,0.5765,8,3.93,1
0.5455,11,6,428,13,1571.09,3,1,3,0.2562,4,3.49,0
0.7,30,21,735,12,4013.35,3,0,1,0.6267,7,3.41,1
0.5,16,8,680,9,2647.14,2,0,1,0.2001,5,4.27,0
0.4667,15,7,149,6,5585.76,6,1,4,0.3974,4,4.2,1
0.6875,32,22,355,9,4700.27,3,0,1,0.4253,8,4.65,0
0.6667,33,22,293,19,3673.75,3,1,2,0.5871,7,4.63,0
0.8462,13,11,212,15,2312.02,3,0,1,0.4551,4,5.04,0
0.6216,37,23,670,7,3939.21,5,1,2,0.6497,8,8.34,1
0.4667,15,7,610,3,4889.4,3,0,1,0.4086,1,1.34,0
0.6,10,6,676,3,2074.77,2,1,2,0.4285,3,3.5,0
0.931,29,27,593,7,4401.32,5,1,3,0.2677,8,3.7,1
0.6111,18,11,629,16,4290.18,2,1,2,0.1781,6,3.27,1
0.6,40,24,199,6,3650.2,6,1,3,0.4919,8,2.74,0
0.75,24,18,137,8,3273.98,5,1,4,0.3733,5,6.57,1
0.7826,23,18,448,3,6151.61,6,1,2,0.3405,6,1.5,1
0.7222,36,26,614,14,4348.72,5,0,1,0.4018,8,6.16,1
0.3846,13,5,221,9,3892.9,4,1,3,0.1782,5,2.93,1
1.0,22,22,218,6,2658.62,4,1,2,0.5855,8,3.98,1
0.7879,33,26,447,16,3547.64,2,1,2,0.3753,8,3.28,1
0.8438,32,27,508,4,3032.46,3,1,2,0.5414,8,2.34,1
0.7586,29,22,792,12,4330.8,4,1,2,0.4632,8,5.27,1
0.8,35,28,725,9,4021.53,5,1,2,0.8362,8,4.64,0
0.7059,17,12,203,9,3674.31,2,0,1,0.3236,6,3.31,0
0.5455,11,6,299,13,3988.16,2,0,1,0.7254,6,3.53,0
0.9,10,9,154,19,2329.84,4,1,3,0.5183,3,2.42,0
0.9,10,9,583,16,3266.27,6,0,1,0.3283,6,2.21,0
0.8485,33,28,330,6,4393.21,4,1,2,0.4156,8,3.62,1
0.3214,28,9,454,6,2167.41,3,1,3,0.5325,4,4.8,1
0.8421,19,16,501,17,3088.13,3,1,3,0.5282,7,4.87,0
0.6667,39,26,589,9,4036.54,4,1,3,0.5469,8,3.95,1
0.6087,23,14,538,7,5034.7,4,1,2,0.1616,4,2.48,1
0.8421,19,16,332,12,7307.74,5,1,3,0.3619,8,4.08,1
0.6897,29,20,658,18,2369.13,4,1,4,0.4322,8,3.18,1
0.2,10,2,108,6,2222.34,3,1,2,0.3784,2,4.58,1
0.75,20,15,791,24,5010.06,6,1,3,0.6688,8,5.57,1
0.7778,27,21,162,6,3773.75,5,1,2,0.6145,8,2.4,1
0.68,25,17,117,6,5495.69,5,0,1,0.4277,8,2.53,1
0.7568,37,28,207,12,2723.1,4,1,3,0.7254,8,1.96,1
0.4848,33,16,344,7,4296.42,6,1,2,0.5939,4,3.59,1
0.4872,39,19,409,9,3250.7,4,0,1,0.4772,8,5.45,1
0.575,40,23,694,8,2702.87,5,0,1,0.5978,6,3.68,0
0.7778,36,28,555,9,3709.85,5,1,3,0.8701,8,3.12,1
0.6667,33,22,707,14,3046.77,3,0,1,0.3897,8,3.67,0
0.8235,17,14,630,7,5682.57,5,1,2,0.3681,2,3.35,1
0.5789,19,11,197,15,4712.73,4,1,4,0.7755,6,3.42,1
0.9412,17,16,727,12,8148.63,4,1,3,0.6399,8,6.97,1
0.2069,29,6,772,11,11929.77,6,0,1,0.7819,4,3.52,0
0.4545,11,5,727,7,5072.19,5,0,1,0.6863,5,2.13,1
0.8333,30,25,287,4,4032.36,5,1,2,0.2757,8,3.99,0
0.1818,11,2,730,12,6810.37,3,0,1,0.624,1,2.88,1
0.8077,26,21,213,6,3409.84,5,1,4,0.579,8,3.26,1
0.6053,38,23,166,8,2180.23,2,0,1,0.4547,8,4.44,1
0.3333,30,10,765,13,4845.14,5,0,1,0.1887,6,1.97,0
1.0,18,18,604,10,3509.53,3,1,2,0.6839,6,3.86,1
0.6,15,9,140,10,2963.45,4,1,4,0.664,2,4.74,1
0.3077,13,4,771,12,3540.61,4,1,2,0.5622,2,5.62,0
0.5,10,5,345,11,4044.18,6,1,2,0.451,5,2.2,1
0.7857,14,11,388,5,2819.89,4,0,1,0.6599,4,2.57,1
0.7353,34,25,153,11,2455.33,3,1,3,0.3644,8,3.63,1
0.5238,21,11,677,13,2728.16,3,1,3,0.6143,7,2.63,0
0.6154,26,16,718,23,3874.83,2,0,1,0.7636,8,2.97,1
0.4737,38,18,302,3,5923.1,5,1,4,0.6872,8,2.71,1
0.7647,17,13,196,6,3487.64,6,1,2,0.409,5,2.69,1
0.5128,39,20,176,13,3132.44,2,0,1,0.4718,8,2.91,0
0.7188,32,23,523,9,7312.33,4,1,4,0.3462,8,4.45,1
0.619,21,13,574,6,3104.84,5,1,4,0.2994,8,3.5,1
0.3684,19,7,788,18,6262.94,3,1,3,0.4252,5,2.05,0
0.6667,21,14,426,10,3212.74,4,0,1,0.5512,7,7.65,0
0.7368,38,28,173,12,2741.25,5,1,3,0.7615,8,4.11,1
0.4583,24,11,413,9,6798.21,5,1,3,0.5349,5,2.75,0
0.5455,33,18,322,7,3773.55,3,0,1,0.4644,6,3.72,0
0.7143,35,25,614,7,2374.46,3,1,3,0.4328,8,3.12,1
0.8857,35,31,207,7,2925.45,4,1,4,0.3435,8,4.32,1
0.8485,33,28,435,13,7199.89,6,1,3,0.3241,8,3.34,1
0.8485,33,28,630,17,1658.17,3,1,3,0.605,8,3.05,1
0.8182,22,18,132,15,12858.88,6,1,3,0.2657,4,5.34,1
0.6944,36,25,543,9,3974.53,2,1,2,0.4801,8,1.83,1
0.5517,29,16,668,14,2157.34,4,1,2,0.2552,3,3.1,1
0.7105,38,27,678,8,3636.31,4,1,2,0.5258,8,2.17,1
0.425,40,17,205,9,4660.3,6,0,1,0.4602,6,4.18,1
0.6471,34,22,215,14,2261.68,4,1,3,0.775,8,3.35,1
0.2727,11,3,118,6,5278.61,6,1,3,0.6664,2,6.0,1
0.7727,22,17,161,6,4061.72,6,1,4,0.5623,8,4.43,1
0.8,15,12,581,15,6449.71,5,1,3,0.47,7,2.47,1
0.6207,29,18,606,11,2828.5,5,1,2,0.4913,7,3.96,1
0.9,10,9,552,17,3617.17,3,0,1,0.5496,7,4.43,1
0.8,15,12,319,6,2412.82,2,0,1,0.3952,6,2.34,1
0.3,40,12,712,12,2039.47,2,1,2,0.4024,8,2.71,1
0.4857,35,17,755,18,6117.95,4,1,2,0.6644,8,2.72,1
0.52,25,13,270,12,5695.37,4,0,1,0.4319,6,4.12,0
0.5,34,17,333,10,1669.25,2,0,1,0.4935,7,3.44,1
0.4375,32,14,356,3,3627.6,4,1,2,0.6196,8,5.27,0
0.8108,37,30,473,9,2866.06,6,0,1,0.4919,8,3.68,0
0.5,14,7,332,10,8410.49,6,0,1,0.2735,5,2.61,1
0.3333,12,4,266,5,3792.97,5,1,4,0.4007,3,3.0,1
0.5455,22,12,579,11,4164.16,6,1,2,0.5685,5,3.51,1
0.6667,18,12,249,16,11233.23,6,1,4,0.406,6,2.72,1
0.6923,13,9,641,13,6537.77,6,0,1,0.139,4,4.31,1
0.7059,34,24,280,14,4269.17,4,1,3,0.667,8,4.76,1
0.3,10,3,471,7,4900.8,3,1,3,0.5114,1,3.52,0
0.4375,16,7,684,14,6463.69,5,1,4,0.4224,3,4.83,1
0.8421,19,16,327,11,1903.12,2,0,1,0.677,8,1.53,0
0.44,25,11,482,8,2878.18,4,1,4,0.4025,6,3.56,1
0.6364,22,14,347,6,5182.44,3,1,3,0.4915,6,4.81,1
0.6486,37,24,493,9,2519.08,3,1,2,0.5364,8,2.95,0
0.875,24,21,673,24,2450.75,2,1,2,0.3628,8,5.2,0
0.6471,17,11,316,16,6896.32,6,0,1,0.5072,4,3.89,1
1.0,28,28,242,6,5485.48,3,0,1,0.4916,8,4.04,1
0.8095,21,17,194,12,4802.63,3,0,1,0.5505,8,3.49,1
0.875,16,14,371,14,2982.33,4,0,1,0.2344,3,2.65,0
0.625,16,10,112,6,2233.27,3,1,3,0.3542,4,3.95,1
0.7778,27,21,676,6,7986.5,4,0,1,0.4637,7,5.47,0
0.8462,13,11,161,17,4907.43,5,1,2,0.6257,7,5.41,1
0.6667,39,26,356,8,4205.43,5,1,4,0.5613,8,2.83,1
0.5417,24,13,366,7,3490.58,5,1,3,0.5327,8,2.82,1
0.7297,37,27,483,15,7597.91,5,1,2,0.3051,8,4.89,0
0.5833,36,21,759,22,4039.53,4,1,2,0.4104,8,3.29,1
0.875,16,14,799,8,2569.98,4,1,4,0.406,7,8.13,0
0.9333,15,14,460,12,10313.8,5,1,4,0.8238,5,3.75,1
0.7,10,7,209,5,3343.95,2,0,1,0.3521,4,5.79,1
0.7838,37,29,755,10,2460.21,4,1,2,0.7765,8,5.9,1
0.5263,38,20,220,5,4210.81,6,0,1,0.3625,5,5.24,1
0.7368,38,28,264,9,8568.61,6,0,1,0.3559,8,3.04,1
0.5588,34,19,423,5,2841.77,4,1,2,0.4298,8,2.93,1
0.9688,32,31,799,10,4438.41,4,1,4,0.56,8,2.13,0
0.4857,35,17,659,26,2957.99,5,0,1,0.4889,5,4.0,1
0.6,10,6,628,13,2484.74,3,0,1,0.395,4,3.74,0
0.2917,24,7,713,15,5699.27,6,1,3,0.4101,1,2.72,1
0.6875,16,11,351,12,2593.75,3,0,1,0.5972,5,3.02,1
0.6897,29,20,703,24,2211.1,3,0,1,0.3845,3,2.09,0
0.3333,15,5,524,10,5857.97,3,1,2,0.4013,4,2.88,0
0.8718,39,34,128,5,2481.41,3,1,2,0.495,8,4.59,1
0.7308,26,19,782,7,2557.39,4,0,1,0.3947,8,3.98,0
0.8387,31,26,410,16,4008.96,5,0,1,0.5798,8,4.1,0
0.75,12,9,594,16,4854.86,6,0,1,0.3221,5,2.84,1
0.4516,31,14,479,10,4761.61,2,1,2,0.3084,3,4.71,1
0.6087,23,14,538,15,3338.96,3,1,3,0.5858,7,2.35,1
0.7826,23,18,612,9,3838.27,3,0,1,0.3439,8,7.98,0
0.7222,36,26,247,8,5114.32,6,1,2,0.2303,8,5.0,1
0.7027,37,26,683,5,2122.78,4,1,3,0.5409,8,3.42,1
0.8125,16,13,665,7,4010.16,6,0,1,0.3367,7,4.29,1
0.7037,27,19,537,14,4715.27,4,1,2,0.7839,8,3.53,1
0.6842,19,13,406,5,2813.11,2,0,1,0.5245,6,4.79,0
0.3333,15,5,323,15,5085.79,6,1,4,0.1459,3,2.17,1
0.875,24,21,711,12,2335.56,6,1,2,0.6051,8,3.43,1
0.6471,17,11,784,10,6558.89,5,0,1,0.4149,6,3.54,0
0.6923,39,27,723,10,4597.21,3,1,2,0.4062,8,3.4,1
0.8333,18,15,651,15,2020.75,3,1,3,0.312,8,3.75,1
0.6,25,15,140,20,5346.92,5,1,2,0.6281,6,4.07,1
0.8667,15,13,414,11,6577.95,4,1,4,0.2843,8,4.47,1
0.8621,29,25,513,16,5038.93,4,1,3,0.6412,8,3.39,0
0.6765,34,23,723,19,5386.53,4,1,2,0.3075,8,4.15,0
0.6667,27,18,530,11,3107.3,3,0,1,0.5428,8,1.91,1
0.8649,37,32,615,6,2596.36,6,0,1,0.8388,8,4.86,1
0.7692,26,20,240,9,3763.16,5,1,3,0.509,8,3.88,1
0.5294,17,9,574,12,3610.31,5,0,1,0.5461,5,3.4,1
0.7429,35,26,163,21,4960.66,5,1,3,0.313,7,2.53,1
0.7647,34,26,433,10,2512.57,6,0,1,0.6614,8,3.03,0
0.7,10,7,651,6,8561.18,5,1,3,0.4338,4,3.37,1
0.7647,17,13,603,11,5003.07,4,1,2,0.5138,7,4.26,1
0.6364,33,21,259,14,5817.84,6,1,4,0.3132,8,4.22,1
0.85,20,17,200,7,3035.58,3,0,1,0.4887,8,3.71,1
0.5556,18,10,233,17,2319.0,2,0,1,0.4345,3,6.1,0
0.4444,18,8,642,5,5562.23,5,0,1,0.6917,6,4.62,1
0.7429,35,26,336,9,5936.86,5,0,1,0.6088,8,2.89,1
0.6757,37,25,118,8,4981.66,4,1,4,0.5806,8,3.77,1
0.5758,33,19,252,12,2622.54,2,1,2,0.3842,8,3.82,1
0.8889,36,32,468,21,5249.07,6,1,3,0.5344,8,2.47,1
0.6957,23,16,335,14,5794.86,5,0,1,0.7069,8,2.5,1
0.8,15,12,202,18,2734.98,3,1,3,0.5856,4,4.25,1
0.7273,22,16,677,9,5025.22,6,1,4,0.4282,2,2.95,1
0.5,28,14,447,13,1943.34,2,0,1,0.4997,8,2.97,1
0.75,12,9,397,8,2888.03,3,1,2,0.6738,4,3.38,1
0.6667,15,10,490,19,4135.3,6,0,1,0.7556,7,6.92,0
0.6667,15,10,593,8,3747.09,3,0,1,0.4491,6,4.95,1
0.5385,26,14,190,9,2706.47,4,1,4,0.41,6,4.17,1
0.8462,26,22,127,16,2611.7,4,0,1,0.5752,6,6.0,1
0.85,40,34,412,21,3499.35,6,0,1,0.7279,8,3.63,1
0.9048,21,19,545,9,2648.54,2,0,1,0.226,7,2.71,1
0.8333,24,20,335,16,4353.76,5,0,1,0.3595,8,4.37,1
1.0,17,17,661,7,2001.89,2,0,1,0.5146,7,3.4,1
0.525,40,21,190,14,4378.35,4,1,3,0.6415,7,5.51,0
0.6923,13,9,312,11,3612.0,4,1,3,0.4025,2,8.08,0
0.6,30,18,497,11,5337.02,5,0,1,0.5571,6,2.42,1
0.6216,37,23,637,22,4377.8,6,0,1,0.8084,8,4.95,1
0.5652,23,13,300,7,4386.37,4,0,1,0.5405,8,2.17,0
0.8333,36,30,412,10,3767.02,2,1,2,0.3473,8,2.52,1
0.5357,28,15,156,22,4251.57,6,1,3,0.7517,5,3.81,1
0.5294,17,9,732,8,2437.87,2,1,2,0.4219,5,5.97,0
0.45,20,9,726,16,4785.69,6,1,3,0.4014,4,5.79,0
0.4062,32,13,716,10,4292.54,4,1,3,0.3751,7,10.65,0
0.6053,38,23,381,7,6113.19,5,1,3,0.5048,8,4.94,1
0.3684,38,14,498,25,5879.58,6,0,1,0.1243,5,3.45,0
0.3784,37,14,221,11,3978.0,3,1,3,0.4525,8,3.15,1
0.6364,22,14,345,11,6310.61,4,1,3,0.4432,6,4.0,1
0.5484,31,17,306,8,4559.08,2,1,2,0.5592,8,2.1,1
0.25,16,4,389,15,2682.87,5,1,4,0.7707,1,5.67,1
0.88,25,22,736,42,2537.35,3,1,2,0.5428,8,1.89,1
0.4286,35,15,799,6,2688.67,4,1,4,0.3394,4,3.96,1
0.8571,21,18,100,5,4925.84,6,1,2,0.516,7,2.65,1
0.8846,26,23,741,7,2769.25,2,1,2,0.388,8,2.52,1
0.9032,31,28,277,7,3726.11,5,1,2,0.5657,8,5.54,1
0.5833,12,7,721,9,6700.61,4,1,4,0.6454,3,4.14,1
0.6875,32,22,536,10,4174.53,3,1,3,0.5699,7,4.21,1
0.6667,18,12,216,10,5530.41,6,1,4,0.7625,8,1.84,1
0.2941,34,10,626,14,3197.59,3,1,2,0.5771,6,5.27,1
0.641,39,25,410,13,2148.1,3,1,3,0.6651,7,5.21,1
